GEO_ID,GEO_NAME,AGI_LOWER_BOUND,AGI_UPPER_BOUND,VALUE,IS_COUNT,VARIABLE
5001800US0101,AL-01,-inf,1.0,5200.0,1,
5001800US0101,AL-01,1.0,10000.0,32700.0,1,
5001800US0101,AL-01,10000.0,25000.0,70250.0,1,
5001800US0101,AL-01,25000.0,50000.0,75980.0,1,
5001800US0101,AL-01,50000.0,75000.0,43130.0,1,
5001800US0101,AL-01,75000.0,100000.0,27550.0,1,
5001800US0101,AL-01,100000.0,200000.0,44810.0,1,
5001800US0101,AL-01,200000.0,500000.0,12740.0,1,
5001800US0101,AL-01,500000.0,inf,3000.0,1,
5001800US0102,AL-02,-inf,1.0,4750.0,1,
5001800US0102,AL-02,1.0,10000.0,29680.0,1,
5001800US0102,AL-02,10000.0,25000.0,62940.0,1,
5001800US0102,AL-02,25000.0,50000.0,74090.0,1,
5001800US0102,AL-02,50000.0,75000.0,40380.0,1,
5001800US0102,AL-02,75000.0,100000.0,25460.0,1,
5001800US0102,AL-02,100000.0,200000.0,37940.0,1,
5001800US0102,AL-02,200000.0,500000.0,8550.0,1,
5001800US0102,AL-02,500000.0,inf,1810.0,1,
5001800US0103,AL-03,-inf,1.0,4180.0,1,
5001800US0103,AL-03,1.0,10000.0,30560.0,1,
5001800US0103,AL-03,10000.0,25000.0,60870.0,1,
5001800US0103,AL-03,25000.0,50000.0,79190.0,1,
5001800US0103,AL-03,50000.0,75000.0,44020.0,1,
5001800US0103,AL-03,75000.0,100000.0,26800.0,1,
5001800US0103,AL-03,100000.0,200000.0,40930.0,1,
5001800US0103,AL-03,200000.0,500000.0,9970.0,1,
5001800US0103,AL-03,500000.0,inf,2020.0,1,
5001800US0104,AL-04,-inf,1.0,4350.0,1,
5001800US0104,AL-04,1.0,10000.0,30540.0,1,
5001800US0104,AL-04,10000.0,25000.0,55830.0,1,
5001800US0104,AL-04,25000.0,50000.0,73600.0,1,
5001800US0104,AL-04,50000.0,75000.0,41710.0,1,
5001800US0104,AL-04,75000.0,100000.0,26780.0,1,
5001800US0104,AL-04,100000.0,200000.0,38070.0,1,
5001800US0104,AL-04,200000.0,500000.0,8470.0,1,
5001800US0104,AL-04,500000.0,inf,1970.0,1,
5001800US0105,AL-05,-inf,1.0,4160.0,1,
5001800US0105,AL-05,1.0,10000.0,32800.0,1,
5001800US0105,AL-05,10000.0,25000.0,56980.0,1,
5001800US0105,AL-05,25000.0,50000.0,78430.0,1,
5001800US0105,AL-05,50000.0,75000.0,48400.0,1,
5001800US0105,AL-05,75000.0,100000.0,34350.0,1,
5001800US0105,AL-05,100000.0,200000.0,65420.0,1,
5001800US0105,AL-05,200000.0,500000.0,21270.0,1,
5001800US0105,AL-05,500000.0,inf,3020.0,1,
5001800US0106,AL-06,-inf,1.0,4970.0,1,
5001800US0106,AL-06,1.0,10000.0,30730.0,1,
5001800US0106,AL-06,10000.0,25000.0,48810.0,1,
5001800US0106,AL-06,25000.0,50000.0,68650.0,1,
5001800US0106,AL-06,50000.0,75000.0,47420.0,1,
5001800US0106,AL-06,75000.0,100000.0,31780.0,1,
5001800US0106,AL-06,100000.0,200000.0,60380.0,1,
5001800US0106,AL-06,200000.0,500000.0,24500.0,1,
5001800US0106,AL-06,500000.0,inf,6680.0,1,
5001800US0107,AL-07,-inf,1.0,3920.0,1,
5001800US0107,AL-07,1.0,10000.0,26570.0,1,
5001800US0107,AL-07,10000.0,25000.0,74230.0,1,
5001800US0107,AL-07,25000.0,50000.0,72990.0,1,
5001800US0107,AL-07,50000.0,75000.0,33780.0,1,
5001800US0107,AL-07,75000.0,100000.0,16900.0,1,
5001800US0107,AL-07,100000.0,200000.0,21320.0,1,
5001800US0107,AL-07,200000.0,500000.0,4550.0,1,
5001800US0107,AL-07,500000.0,inf,930.0,1,
5001800US0200,AK-01,-inf,1.0,3610.0,1,
5001800US0200,AK-01,1.0,10000.0,37000.0,1,
5001800US0200,AK-01,10000.0,25000.0,45750.0,1,
5001800US0200,AK-01,25000.0,50000.0,75040.0,1,
5001800US0200,AK-01,50000.0,75000.0,53850.0,1,
5001800US0200,AK-01,75000.0,100000.0,37880.0,1,
5001800US0200,AK-01,100000.0,200000.0,68970.0,1,
5001800US0200,AK-01,200000.0,500000.0,22340.0,1,
5001800US0200,AK-01,500000.0,inf,3780.0,1,
5001800US0401,AZ-01,-inf,1.0,5950.0,1,
5001800US0401,AZ-01,1.0,10000.0,30960.0,1,
5001800US0401,AZ-01,10000.0,25000.0,56410.0,1,
5001800US0401,AZ-01,25000.0,50000.0,82970.0,1,
5001800US0401,AZ-01,50000.0,75000.0,50500.0,1,
5001800US0401,AZ-01,75000.0,100000.0,32610.0,1,
5001800US0401,AZ-01,100000.0,200000.0,51620.0,1,
5001800US0401,AZ-01,200000.0,500000.0,13960.0,1,
5001800US0401,AZ-01,500000.0,inf,2420.0,1,
5001800US0402,AZ-02,-inf,1.0,6040.0,1,
5001800US0402,AZ-02,1.0,10000.0,33020.0,1,
5001800US0402,AZ-02,10000.0,25000.0,59550.0,1,
5001800US0402,AZ-02,25000.0,50000.0,88960.0,1,
5001800US0402,AZ-02,50000.0,75000.0,50900.0,1,
5001800US0402,AZ-02,75000.0,100000.0,33340.0,1,
5001800US0402,AZ-02,100000.0,200000.0,55020.0,1,
5001800US0402,AZ-02,200000.0,500000.0,17140.0,1,
5001800US0402,AZ-02,500000.0,inf,3330.0,1,
5001800US0403,AZ-03,-inf,1.0,5690.0,1,
5001800US0403,AZ-03,1.0,10000.0,32540.0,1,
5001800US0403,AZ-03,10000.0,25000.0,78000.0,1,
5001800US0403,AZ-03,25000.0,50000.0,112270.0,1,
5001800US0403,AZ-03,50000.0,75000.0,54840.0,1,
5001800US0403,AZ-03,75000.0,100000.0,29630.0,1,
5001800US0403,AZ-03,100000.0,200000.0,35050.0,1,
5001800US0403,AZ-03,200000.0,500000.0,5950.0,1,
5001800US0403,AZ-03,500000.0,inf,870.0,1,
5001800US0404,AZ-04,-inf,1.0,8610.0,1,
5001800US0404,AZ-04,1.0,10000.0,37670.0,1,
5001800US0404,AZ-04,10000.0,25000.0,63960.0,1,
5001800US0404,AZ-04,25000.0,50000.0,92670.0,1,
5001800US0404,AZ-04,50000.0,75000.0,57070.0,1,
5001800US0404,AZ-04,75000.0,100000.0,38910.0,1,
5001800US0404,AZ-04,100000.0,200000.0,60010.0,1,
5001800US0404,AZ-04,200000.0,500000.0,15380.0,1,
5001800US0404,AZ-04,500000.0,inf,2670.0,1,
5001800US0405,AZ-05,-inf,1.0,5900.0,1,
5001800US0405,AZ-05,1.0,10000.0,33980.0,1,
5001800US0405,AZ-05,10000.0,25000.0,55300.0,1,
5001800US0405,AZ-05,25000.0,50000.0,84110.0,1,
5001800US0405,AZ-05,50000.0,75000.0,59960.0,1,
5001800US0405,AZ-05,75000.0,100000.0,42590.0,1,
5001800US0405,AZ-05,100000.0,200000.0,87910.0,1,
5001800US0405,AZ-05,200000.0,500000.0,36910.0,1,
5001800US0405,AZ-05,500000.0,inf,6410.0,1,
5001800US0406,AZ-06,-inf,1.0,7950.0,1,
5001800US0406,AZ-06,1.0,10000.0,31080.0,1,
5001800US0406,AZ-06,10000.0,25000.0,50900.0,1,
5001800US0406,AZ-06,25000.0,50000.0,78690.0,1,
5001800US0406,AZ-06,50000.0,75000.0,55820.0,1,
5001800US0406,AZ-06,75000.0,100000.0,36730.0,1,
5001800US0406,AZ-06,100000.0,200000.0,68840.0,1,
5001800US0406,AZ-06,200000.0,500000.0,40800.0,1,
5001800US0406,AZ-06,500000.0,inf,15390.0,1,
5001800US0407,AZ-07,-inf,1.0,6260.0,1,
5001800US0407,AZ-07,1.0,10000.0,30090.0,1,
5001800US0407,AZ-07,10000.0,25000.0,74790.0,1,
5001800US0407,AZ-07,25000.0,50000.0,111490.0,1,
5001800US0407,AZ-07,50000.0,75000.0,53380.0,1,
5001800US0407,AZ-07,75000.0,100000.0,24440.0,1,
5001800US0407,AZ-07,100000.0,200000.0,25430.0,1,
5001800US0407,AZ-07,200000.0,500000.0,5360.0,1,
5001800US0407,AZ-07,500000.0,inf,950.0,1,
5001800US0408,AZ-08,-inf,1.0,5880.0,1,
5001800US0408,AZ-08,1.0,10000.0,33880.0,1,
5001800US0408,AZ-08,10000.0,25000.0,59650.0,1,
5001800US0408,AZ-08,25000.0,50000.0,92080.0,1,
5001800US0408,AZ-08,50000.0,75000.0,63820.0,1,
5001800US0408,AZ-08,75000.0,100000.0,44510.0,1,
5001800US0408,AZ-08,100000.0,200000.0,79380.0,1,
5001800US0408,AZ-08,200000.0,500000.0,23530.0,1,
5001800US0408,AZ-08,500000.0,inf,3290.0,1,
5001800US0409,AZ-09,-inf,1.0,5360.0,1,
5001800US0409,AZ-09,1.0,10000.0,29540.0,1,
5001800US0409,AZ-09,10000.0,25000.0,55160.0,1,
5001800US0409,AZ-09,25000.0,50000.0,94370.0,1,
5001800US0409,AZ-09,50000.0,75000.0,60730.0,1,
5001800US0409,AZ-09,75000.0,100000.0,34700.0,1,
5001800US0409,AZ-09,100000.0,200000.0,54010.0,1,
5001800US0409,AZ-09,200000.0,500000.0,22980.0,1,
5001800US0409,AZ-09,500000.0,inf,6140.0,1,
5001800US0501,AR-01,-inf,1.0,5690.0,1,
5001800US0501,AR-01,1.0,10000.0,30420.0,1,
5001800US0501,AR-01,10000.0,25000.0,62790.0,1,
5001800US0501,AR-01,25000.0,50000.0,75720.0,1,
5001800US0501,AR-01,50000.0,75000.0,39960.0,1,
5001800US0501,AR-01,75000.0,100000.0,24420.0,1,
5001800US0501,AR-01,100000.0,200000.0,33030.0,1,
5001800US0501,AR-01,200000.0,500000.0,7410.0,1,
5001800US0501,AR-01,500000.0,inf,1590.0,1,
5001800US0502,AR-02,-inf,1.0,5160.0,1,
5001800US0502,AR-02,1.0,10000.0,33030.0,1,
5001800US0502,AR-02,10000.0,25000.0,65110.0,1,
5001800US0502,AR-02,25000.0,50000.0,86830.0,1,
5001800US0502,AR-02,50000.0,75000.0,48460.0,1,
5001800US0502,AR-02,75000.0,100000.0,30990.0,1,
5001800US0502,AR-02,100000.0,200000.0,49230.0,1,
5001800US0502,AR-02,200000.0,500000.0,14700.0,1,
5001800US0502,AR-02,500000.0,inf,3620.0,1,
5001800US0503,AR-03,-inf,1.0,5550.0,1,
5001800US0503,AR-03,1.0,10000.0,37570.0,1,
5001800US0503,AR-03,10000.0,25000.0,66720.0,1,
5001800US0503,AR-03,25000.0,50000.0,96330.0,1,
5001800US0503,AR-03,50000.0,75000.0,52910.0,1,
5001800US0503,AR-03,75000.0,100000.0,33990.0,1,
5001800US0503,AR-03,100000.0,200000.0,53500.0,1,
5001800US0503,AR-03,200000.0,500000.0,20780.0,1,
5001800US0503,AR-03,500000.0,inf,4600.0,1,
5001800US0504,AR-04,-inf,1.0,5740.0,1,
5001800US0504,AR-04,1.0,10000.0,30590.0,1,
5001800US0504,AR-04,10000.0,25000.0,59710.0,1,
5001800US0504,AR-04,25000.0,50000.0,75720.0,1,
5001800US0504,AR-04,50000.0,75000.0,40160.0,1,
5001800US0504,AR-04,75000.0,100000.0,24880.0,1,
5001800US0504,AR-04,100000.0,200000.0,32290.0,1,
5001800US0504,AR-04,200000.0,500000.0,6090.0,1,
5001800US0504,AR-04,500000.0,inf,1260.0,1,
5001800US0601,CA-01,-inf,1.0,7510.0,1,
5001800US0601,CA-01,1.0,10000.0,30010.0,1,
5001800US0601,CA-01,10000.0,25000.0,49240.0,1,
5001800US0601,CA-01,25000.0,50000.0,70000.0,1,
5001800US0601,CA-01,50000.0,75000.0,44940.0,1,
5001800US0601,CA-01,75000.0,100000.0,30420.0,1,
5001800US0601,CA-01,100000.0,200000.0,50300.0,1,
5001800US0601,CA-01,200000.0,500000.0,14730.0,1,
5001800US0601,CA-01,500000.0,inf,2430.0,1,
5001800US0602,CA-02,-inf,1.0,8520.0,1,
5001800US0602,CA-02,1.0,10000.0,30960.0,1,
5001800US0602,CA-02,10000.0,25000.0,44540.0,1,
5001800US0602,CA-02,25000.0,50000.0,62160.0,1,
5001800US0602,CA-02,50000.0,75000.0,44540.0,1,
5001800US0602,CA-02,75000.0,100000.0,30690.0,1,
5001800US0602,CA-02,100000.0,200000.0,59900.0,1,
5001800US0602,CA-02,200000.0,500000.0,36720.0,1,
5001800US0602,CA-02,500000.0,inf,14400.0,1,
5001800US0603,CA-03,-inf,1.0,5340.0,1,
5001800US0603,CA-03,1.0,10000.0,27770.0,1,
5001800US0603,CA-03,10000.0,25000.0,50430.0,1,
5001800US0603,CA-03,25000.0,50000.0,77940.0,1,
5001800US0603,CA-03,50000.0,75000.0,53240.0,1,
5001800US0603,CA-03,75000.0,100000.0,34700.0,1,
5001800US0603,CA-03,100000.0,200000.0,61010.0,1,
5001800US0603,CA-03,200000.0,500000.0,20750.0,1,
5001800US0603,CA-03,500000.0,inf,2690.0,1,
5001800US0604,CA-04,-inf,1.0,7820.0,1,
5001800US0604,CA-04,1.0,10000.0,32020.0,1,
5001800US0604,CA-04,10000.0,25000.0,46360.0,1,
5001800US0604,CA-04,25000.0,50000.0,64430.0,1,
5001800US0604,CA-04,50000.0,75000.0,48500.0,1,
5001800US0604,CA-04,75000.0,100000.0,37350.0,1,
5001800US0604,CA-04,100000.0,200000.0,83600.0,1,
5001800US0604,CA-04,200000.0,500000.0,39570.0,1,
5001800US0604,CA-04,500000.0,inf,7410.0,1,
5001800US0605,CA-05,-inf,1.0,6050.0,1,
5001800US0605,CA-05,1.0,10000.0,27590.0,1,
5001800US0605,CA-05,10000.0,25000.0,46010.0,1,
5001800US0605,CA-05,25000.0,50000.0,71960.0,1,
5001800US0605,CA-05,50000.0,75000.0,58060.0,1,
5001800US0605,CA-05,75000.0,100000.0,39170.0,1,
5001800US0605,CA-05,100000.0,200000.0,70390.0,1,
5001800US0605,CA-05,200000.0,500000.0,27620.0,1,
5001800US0605,CA-05,500000.0,inf,5030.0,1,
5001800US0606,CA-06,-inf,1.0,4720.0,1,
5001800US0606,CA-06,1.0,10000.0,30560.0,1,
5001800US0606,CA-06,10000.0,25000.0,57810.0,1,
5001800US0606,CA-06,25000.0,50000.0,88370.0,1,
5001800US0606,CA-06,50000.0,75000.0,61110.0,1,
5001800US0606,CA-06,75000.0,100000.0,37150.0,1,
5001800US0606,CA-06,100000.0,200000.0,53710.0,1,
5001800US0606,CA-06,200000.0,500000.0,15910.0,1,
5001800US0606,CA-06,500000.0,inf,2140.0,1,
5001800US0607,CA-07,-inf,1.0,5760.0,1,
5001800US0607,CA-07,1.0,10000.0,31100.0,1,
5001800US0607,CA-07,10000.0,25000.0,51470.0,1,
5001800US0607,CA-07,25000.0,50000.0,74390.0,1,
5001800US0607,CA-07,50000.0,75000.0,54770.0,1,
5001800US0607,CA-07,75000.0,100000.0,39780.0,1,
5001800US0607,CA-07,100000.0,200000.0,76170.0,1,
5001800US0607,CA-07,200000.0,500000.0,29740.0,1,
5001800US0607,CA-07,500000.0,inf,4100.0,1,
5001800US0608,CA-08,-inf,1.0,5660.0,1,
5001800US0608,CA-08,1.0,10000.0,31780.0,1,
5001800US0608,CA-08,10000.0,25000.0,62470.0,1,
5001800US0608,CA-08,25000.0,50000.0,80240.0,1,
5001800US0608,CA-08,50000.0,75000.0,46580.0,1,
5001800US0608,CA-08,75000.0,100000.0,30160.0,1,
5001800US0608,CA-08,100000.0,200000.0,42520.0,1,
5001800US0608,CA-08,200000.0,500000.0,9300.0,1,
5001800US0608,CA-08,500000.0,inf,1070.0,1,
5001800US0609,CA-09,-inf,1.0,5510.0,1,
5001800US0609,CA-09,1.0,10000.0,30760.0,1,
5001800US0609,CA-09,10000.0,25000.0,58120.0,1,
5001800US0609,CA-09,25000.0,50000.0,84600.0,1,
5001800US0609,CA-09,50000.0,75000.0,55280.0,1,
5001800US0609,CA-09,75000.0,100000.0,35370.0,1,
5001800US0609,CA-09,100000.0,200000.0,62020.0,1,
5001800US0609,CA-09,200000.0,500000.0,21950.0,1,
5001800US0609,CA-09,500000.0,inf,2530.0,1,
5001800US0610,CA-10,-inf,1.0,5250.0,1,
5001800US0610,CA-10,1.0,10000.0,30260.0,1,
5001800US0610,CA-10,10000.0,25000.0,57740.0,1,
5001800US0610,CA-10,25000.0,50000.0,83160.0,1,
5001800US0610,CA-10,50000.0,75000.0,54270.0,1,
5001800US0610,CA-10,75000.0,100000.0,34950.0,1,
5001800US0610,CA-10,100000.0,200000.0,56880.0,1,
5001800US0610,CA-10,200000.0,500000.0,16250.0,1,
5001800US0610,CA-10,500000.0,inf,2180.0,1,
5001800US0611,CA-11,-inf,1.0,5650.0,1,
5001800US0611,CA-11,1.0,10000.0,30250.0,1,
5001800US0611,CA-11,10000.0,25000.0,43280.0,1,
5001800US0611,CA-11,25000.0,50000.0,61610.0,1,
5001800US0611,CA-11,50000.0,75000.0,49170.0,1,
5001800US0611,CA-11,75000.0,100000.0,35090.0,1,
5001800US0611,CA-11,100000.0,200000.0,69920.0,1,
5001800US0611,CA-11,200000.0,500000.0,48450.0,1,
5001800US0611,CA-11,500000.0,inf,16700.0,1,
5001800US0612,CA-12,-inf,1.0,6830.0,1,
5001800US0612,CA-12,1.0,10000.0,28870.0,1,
5001800US0612,CA-12,10000.0,25000.0,37200.0,1,
5001800US0612,CA-12,25000.0,50000.0,53870.0,1,
5001800US0612,CA-12,50000.0,75000.0,49460.0,1,
5001800US0612,CA-12,75000.0,100000.0,38180.0,1,
5001800US0612,CA-12,100000.0,200000.0,83370.0,1,
5001800US0612,CA-12,200000.0,500000.0,60980.0,1,
5001800US0612,CA-12,500000.0,inf,23670.0,1,
5001800US0613,CA-13,-inf,1.0,5970.0,1,
5001800US0613,CA-13,1.0,10000.0,29190.0,1,
5001800US0613,CA-13,10000.0,25000.0,45180.0,1,
5001800US0613,CA-13,25000.0,50000.0,64230.0,1,
5001800US0613,CA-13,50000.0,75000.0,52300.0,1,
5001800US0613,CA-13,75000.0,100000.0,36000.0,1,
5001800US0613,CA-13,100000.0,200000.0,65230.0,1,
5001800US0613,CA-13,200000.0,500000.0,41120.0,1,
5001800US0613,CA-13,500000.0,inf,12070.0,1,
5001800US0614,CA-14,-inf,1.0,5730.0,1,
5001800US0614,CA-14,1.0,10000.0,29040.0,1,
5001800US0614,CA-14,10000.0,25000.0,38480.0,1,
5001800US0614,CA-14,25000.0,50000.0,55310.0,1,
5001800US0614,CA-14,50000.0,75000.0,49130.0,1,
5001800US0614,CA-14,75000.0,100000.0,35920.0,1,
5001800US0614,CA-14,100000.0,200000.0,73420.0,1,
5001800US0614,CA-14,200000.0,500000.0,53440.0,1,
5001800US0614,CA-14,500000.0,inf,22330.0,1,
5001800US0615,CA-15,-inf,1.0,5030.0,1,
5001800US0615,CA-15,1.0,10000.0,27760.0,1,
5001800US0615,CA-15,10000.0,25000.0,38650.0,1,
5001800US0615,CA-15,25000.0,50000.0,54900.0,1,
5001800US0615,CA-15,50000.0,75000.0,47460.0,1,
5001800US0615,CA-15,75000.0,100000.0,34820.0,1,
5001800US0615,CA-15,100000.0,200000.0,76490.0,1,
5001800US0615,CA-15,200000.0,500000.0,64010.0,1,
5001800US0615,CA-15,500000.0,inf,18110.0,1,
5001800US0616,CA-16,-inf,1.0,6500.0,1,
5001800US0616,CA-16,1.0,10000.0,31530.0,1,
5001800US0616,CA-16,10000.0,25000.0,68130.0,1,
5001800US0616,CA-16,25000.0,50000.0,92480.0,1,
5001800US0616,CA-16,50000.0,75000.0,46100.0,1,
5001800US0616,CA-16,75000.0,100000.0,24610.0,1,
5001800US0616,CA-16,100000.0,200000.0,28360.0,1,
5001800US0616,CA-16,200000.0,500000.0,5380.0,1,
5001800US0616,CA-16,500000.0,inf,860.0,1,
5001800US0617,CA-17,-inf,1.0,5520.0,1,
5001800US0617,CA-17,1.0,10000.0,25120.0,1,
5001800US0617,CA-17,10000.0,25000.0,33120.0,1,
5001800US0617,CA-17,25000.0,50000.0,48010.0,1,
5001800US0617,CA-17,50000.0,75000.0,42750.0,1,
5001800US0617,CA-17,75000.0,100000.0,32230.0,1,
5001800US0617,CA-17,100000.0,200000.0,79720.0,1,
5001800US0617,CA-17,200000.0,500000.0,78870.0,1,
5001800US0617,CA-17,500000.0,inf,29240.0,1,
5001800US0618,CA-18,-inf,1.0,6030.0,1,
5001800US0618,CA-18,1.0,10000.0,26770.0,1,
5001800US0618,CA-18,10000.0,25000.0,30030.0,1,
5001800US0618,CA-18,25000.0,50000.0,41180.0,1,
5001800US0618,CA-18,50000.0,75000.0,35730.0,1,
5001800US0618,CA-18,75000.0,100000.0,27400.0,1,
5001800US0618,CA-18,100000.0,200000.0,65220.0,1,
5001800US0618,CA-18,200000.0,500000.0,70670.0,1,
5001800US0618,CA-18,500000.0,inf,47700.0,1,
5001800US0619,CA-19,-inf,1.0,4830.0,1,
5001800US0619,CA-19,1.0,10000.0,28550.0,1,
5001800US0619,CA-19,10000.0,25000.0,43600.0,1,
5001800US0619,CA-19,25000.0,50000.0,65840.0,1,
5001800US0619,CA-19,50000.0,75000.0,53170.0,1,
5001800US0619,CA-19,75000.0,100000.0,34700.0,1,
5001800US0619,CA-19,100000.0,200000.0,64420.0,1,
5001800US0619,CA-19,200000.0,500000.0,42430.0,1,
5001800US0619,CA-19,500000.0,inf,12850.0,1,
5001800US0620,CA-20,-inf,1.0,6040.0,1,
5001800US0620,CA-20,1.0,10000.0,27450.0,1,
5001800US0620,CA-20,10000.0,25000.0,56380.0,1,
5001800US0620,CA-20,25000.0,50000.0,81800.0,1,
5001800US0620,CA-20,50000.0,75000.0,53500.0,1,
5001800US0620,CA-20,75000.0,100000.0,33110.0,1,
5001800US0620,CA-20,100000.0,200000.0,55600.0,1,
5001800US0620,CA-20,200000.0,500000.0,23320.0,1,
5001800US0620,CA-20,500000.0,inf,5410.0,1,
5001800US0621,CA-21,-inf,1.0,6880.0,1,
5001800US0621,CA-21,1.0,10000.0,28060.0,1,
5001800US0621,CA-21,10000.0,25000.0,70140.0,1,
5001800US0621,CA-21,25000.0,50000.0,88140.0,1,
5001800US0621,CA-21,50000.0,75000.0,41500.0,1,
5001800US0621,CA-21,75000.0,100000.0,20420.0,1,
5001800US0621,CA-21,100000.0,200000.0,23050.0,1,
5001800US0621,CA-21,200000.0,500000.0,3710.0,1,
5001800US0621,CA-21,500000.0,inf,590.0,1,
5001800US0622,CA-22,-inf,1.0,5000.0,1,
5001800US0622,CA-22,1.0,10000.0,30210.0,1,
5001800US0622,CA-22,10000.0,25000.0,62930.0,1,
5001800US0622,CA-22,25000.0,50000.0,87790.0,1,
5001800US0622,CA-22,50000.0,75000.0,50740.0,1,
5001800US0622,CA-22,75000.0,100000.0,32070.0,1,
5001800US0622,CA-22,100000.0,200000.0,52330.0,1,
5001800US0622,CA-22,200000.0,500000.0,16740.0,1,
5001800US0622,CA-22,500000.0,inf,3290.0,1,
5001800US0623,CA-23,-inf,1.0,5620.0,1,
5001800US0623,CA-23,1.0,10000.0,30360.0,1,
5001800US0623,CA-23,10000.0,25000.0,60430.0,1,
5001800US0623,CA-23,25000.0,50000.0,77920.0,1,
5001800US0623,CA-23,50000.0,75000.0,45610.0,1,
5001800US0623,CA-23,75000.0,100000.0,31440.0,1,
5001800US0623,CA-23,100000.0,200000.0,52030.0,1,
5001800US0623,CA-23,200000.0,500000.0,13940.0,1,
5001800US0623,CA-23,500000.0,inf,1650.0,1,
5001800US0624,CA-24,-inf,1.0,7130.0,1,
5001800US0624,CA-24,1.0,10000.0,29040.0,1,
5001800US0624,CA-24,10000.0,25000.0,50270.0,1,
5001800US0624,CA-24,25000.0,50000.0,76140.0,1,
5001800US0624,CA-24,50000.0,75000.0,50440.0,1,
5001800US0624,CA-24,75000.0,100000.0,33790.0,1,
5001800US0624,CA-24,100000.0,200000.0,60130.0,1,
5001800US0624,CA-24,200000.0,500000.0,26290.0,1,
5001800US0624,CA-24,500000.0,inf,6790.0,1,
5001800US0625,CA-25,-inf,1.0,5380.0,1,
5001800US0625,CA-25,1.0,10000.0,31900.0,1,
5001800US0625,CA-25,10000.0,25000.0,56030.0,1,
5001800US0625,CA-25,25000.0,50000.0,71340.0,1,
5001800US0625,CA-25,50000.0,75000.0,46070.0,1,
5001800US0625,CA-25,75000.0,100000.0,33170.0,1,
5001800US0625,CA-25,100000.0,200000.0,64280.0,1,
5001800US0625,CA-25,200000.0,500000.0,26370.0,1,
5001800US0625,CA-25,500000.0,inf,3160.0,1,
5001800US0626,CA-26,-inf,1.0,5930.0,1,
5001800US0626,CA-26,1.0,10000.0,29130.0,1,
5001800US0626,CA-26,10000.0,25000.0,50010.0,1,
5001800US0626,CA-26,25000.0,50000.0,78000.0,1,
5001800US0626,CA-26,50000.0,75000.0,49180.0,1,
5001800US0626,CA-26,75000.0,100000.0,33490.0,1,
5001800US0626,CA-26,100000.0,200000.0,63210.0,1,
5001800US0626,CA-26,200000.0,500000.0,29420.0,1,
5001800US0626,CA-26,500000.0,inf,6560.0,1,
5001800US0627,CA-27,-inf,1.0,7530.0,1,
5001800US0627,CA-27,1.0,10000.0,36710.0,1,
5001800US0627,CA-27,10000.0,25000.0,54430.0,1,
5001800US0627,CA-27,25000.0,50000.0,69200.0,1,
5001800US0627,CA-27,50000.0,75000.0,46900.0,1,
5001800US0627,CA-27,75000.0,100000.0,32810.0,1,
5001800US0627,CA-27,100000.0,200000.0,61870.0,1,
5001800US0627,CA-27,200000.0,500000.0,32730.0,1,
5001800US0627,CA-27,500000.0,inf,7700.0,1,
5001800US0628,CA-28,-inf,1.0,8800.0,1,
5001800US0628,CA-28,1.0,10000.0,37260.0,1,
5001800US0628,CA-28,10000.0,25000.0,50140.0,1,
5001800US0628,CA-28,25000.0,50000.0,67560.0,1,
5001800US0628,CA-28,50000.0,75000.0,49680.0,1,
5001800US0628,CA-28,75000.0,100000.0,33970.0,1,
5001800US0628,CA-28,100000.0,200000.0,59590.0,1,
5001800US0628,CA-28,200000.0,500000.0,31360.0,1,
5001800US0628,CA-28,500000.0,inf,9830.0,1,
5001800US0629,CA-29,-inf,1.0,4450.0,1,
5001800US0629,CA-29,1.0,10000.0,37500.0,1,
5001800US0629,CA-29,10000.0,25000.0,64030.0,1,
5001800US0629,CA-29,25000.0,50000.0,92900.0,1,
5001800US0629,CA-29,50000.0,75000.0,51250.0,1,
5001800US0629,CA-29,75000.0,100000.0,26980.0,1,
5001800US0629,CA-29,100000.0,200000.0,34400.0,1,
5001800US0629,CA-29,200000.0,500000.0,7750.0,1,
5001800US0629,CA-29,500000.0,inf,820.0,1,
5001800US0630,CA-30,-inf,1.0,9180.0,1,
5001800US0630,CA-30,1.0,10000.0,37980.0,1,
5001800US0630,CA-30,10000.0,25000.0,53530.0,1,
5001800US0630,CA-30,25000.0,50000.0,70590.0,1,
5001800US0630,CA-30,50000.0,75000.0,49930.0,1,
5001800US0630,CA-30,75000.0,100000.0,34420.0,1,
5001800US0630,CA-30,100000.0,200000.0,64910.0,1,
5001800US0630,CA-30,200000.0,500000.0,36090.0,1,
5001800US0630,CA-30,500000.0,inf,12280.0,1,
5001800US0631,CA-31,-inf,1.0,4670.0,1,
5001800US0631,CA-31,1.0,10000.0,31560.0,1,
5001800US0631,CA-31,10000.0,25000.0,63220.0,1,
5001800US0631,CA-31,25000.0,50000.0,91340.0,1,
5001800US0631,CA-31,50000.0,75000.0,53260.0,1,
5001800US0631,CA-31,75000.0,100000.0,32680.0,1,
5001800US0631,CA-31,100000.0,200000.0,50860.0,1,
5001800US0631,CA-31,200000.0,500000.0,14610.0,1,
5001800US0631,CA-31,500000.0,inf,2070.0,1,
5001800US0632,CA-32,-inf,1.0,4570.0,1,
5001800US0632,CA-32,1.0,10000.0,32960.0,1,
5001800US0632,CA-32,10000.0,25000.0,60060.0,1,
5001800US0632,CA-32,25000.0,50000.0,90180.0,1,
5001800US0632,CA-32,50000.0,75000.0,53630.0,1,
5001800US0632,CA-32,75000.0,100000.0,31720.0,1,
5001800US0632,CA-32,100000.0,200000.0,45760.0,1,
5001800US0632,CA-32,200000.0,500000.0,12000.0,1,
5001800US0632,CA-32,500000.0,inf,1400.0,1,
5001800US0633,CA-33,-inf,1.0,11720.0,1,
5001800US0633,CA-33,1.0,10000.0,30170.0,1,
5001800US0633,CA-33,10000.0,25000.0,34230.0,1,
5001800US0633,CA-33,25000.0,50000.0,42920.0,1,
5001800US0633,CA-33,50000.0,75000.0,37030.0,1,
5001800US0633,CA-33,75000.0,100000.0,31480.0,1,
5001800US0633,CA-33,100000.0,200000.0,72960.0,1,
5001800US0633,CA-33,200000.0,500000.0,61000.0,1,
5001800US0633,CA-33,500000.0,inf,31420.0,1,
5001800US0634,CA-34,-inf,1.0,5750.0,1,
5001800US0634,CA-34,1.0,10000.0,36150.0,1,
5001800US0634,CA-34,10000.0,25000.0,58730.0,1,
5001800US0634,CA-34,25000.0,50000.0,84270.0,1,
5001800US0634,CA-34,50000.0,75000.0,45880.0,1,
5001800US0634,CA-34,75000.0,100000.0,24020.0,1,
5001800US0634,CA-34,100000.0,200000.0,31270.0,1,
5001800US0634,CA-34,200000.0,500000.0,11080.0,1,
5001800US0634,CA-34,500000.0,inf,2180.0,1,
5001800US0635,CA-35,-inf,1.0,4460.0,1,
5001800US0635,CA-35,1.0,10000.0,31610.0,1,
5001800US0635,CA-35,10000.0,25000.0,65580.0,1,
5001800US0635,CA-35,25000.0,50000.0,100440.0,1,
5001800US0635,CA-35,50000.0,75000.0,56840.0,1,
5001800US0635,CA-35,75000.0,100000.0,32290.0,1,
5001800US0635,CA-35,100000.0,200000.0,42750.0,1,
5001800US0635,CA-35,200000.0,500000.0,7540.0,1,
5001800US0635,CA-35,500000.0,inf,670.0,1,
5001800US0636,CA-36,-inf,1.0,7480.0,1,
5001800US0636,CA-36,1.0,10000.0,33270.0,1,
5001800US0636,CA-36,10000.0,25000.0,68870.0,1,
5001800US0636,CA-36,25000.0,50000.0,93410.0,1,
5001800US0636,CA-36,50000.0,75000.0,50410.0,1,
5001800US0636,CA-36,75000.0,100000.0,30490.0,1,
5001800US0636,CA-36,100000.0,200000.0,46610.0,1,
5001800US0636,CA-36,200000.0,500000.0,14610.0,1,
5001800US0636,CA-36,500000.0,inf,3120.0,1,
5001800US0637,CA-37,-inf,1.0,7090.0,1,
5001800US0637,CA-37,1.0,10000.0,34000.0,1,
5001800US0637,CA-37,10000.0,25000.0,56440.0,1,
5001800US0637,CA-37,25000.0,50000.0,75290.0,1,
5001800US0637,CA-37,50000.0,75000.0,48680.0,1,
5001800US0637,CA-37,75000.0,100000.0,30040.0,1,
5001800US0637,CA-37,100000.0,200000.0,47910.0,1,
5001800US0637,CA-37,200000.0,500000.0,26130.0,1,
5001800US0637,CA-37,500000.0,inf,9460.0,1,
5001800US0638,CA-38,-inf,1.0,4180.0,1,
5001800US0638,CA-38,1.0,10000.0,29320.0,1,
5001800US0638,CA-38,10000.0,25000.0,54900.0,1,
5001800US0638,CA-38,25000.0,50000.0,84260.0,1,
5001800US0638,CA-38,50000.0,75000.0,55080.0,1,
5001800US0638,CA-38,75000.0,100000.0,34740.0,1,
5001800US0638,CA-38,100000.0,200000.0,55730.0,1,
5001800US0638,CA-38,200000.0,500000.0,15040.0,1,
5001800US0638,CA-38,500000.0,inf,1390.0,1,
5001800US0639,CA-39,-inf,1.0,6800.0,1,
5001800US0639,CA-39,1.0,10000.0,32670.0,1,
5001800US0639,CA-39,10000.0,25000.0,51220.0,1,
5001800US0639,CA-39,25000.0,50000.0,73030.0,1,
5001800US0639,CA-39,50000.0,75000.0,49410.0,1,
5001800US0639,CA-39,75000.0,100000.0,33920.0,1,
5001800US0639,CA-39,100000.0,200000.0,67960.0,1,
5001800US0639,CA-39,200000.0,500000.0,31940.0,1,
5001800US0639,CA-39,500000.0,inf,5800.0,1,
5001800US0640,CA-40,-inf,1.0,3470.0,1,
5001800US0640,CA-40,1.0,10000.0,31360.0,1,
5001800US0640,CA-40,10000.0,25000.0,65300.0,1,
5001800US0640,CA-40,25000.0,50000.0,98370.0,1,
5001800US0640,CA-40,50000.0,75000.0,47680.0,1,
5001800US0640,CA-40,75000.0,100000.0,21690.0,1,
5001800US0640,CA-40,100000.0,200000.0,21120.0,1,
5001800US0640,CA-40,200000.0,500000.0,3340.0,1,
5001800US0640,CA-40,500000.0,inf,450.0,1,
5001800US0641,CA-41,-inf,1.0,4180.0,1,
5001800US0641,CA-41,1.0,10000.0,30540.0,1,
5001800US0641,CA-41,10000.0,25000.0,62980.0,1,
5001800US0641,CA-41,25000.0,50000.0,96020.0,1,
5001800US0641,CA-41,50000.0,75000.0,55100.0,1,
5001800US0641,CA-41,75000.0,100000.0,32580.0,1,
5001800US0641,CA-41,100000.0,200000.0,43980.0,1,
5001800US0641,CA-41,200000.0,500000.0,8900.0,1,
5001800US0641,CA-41,500000.0,inf,1050.0,1,
5001800US0642,CA-42,-inf,1.0,6800.0,1,
5001800US0642,CA-42,1.0,10000.0,32710.0,1,
5001800US0642,CA-42,10000.0,25000.0,57700.0,1,
5001800US0642,CA-42,25000.0,50000.0,80580.0,1,
5001800US0642,CA-42,50000.0,75000.0,52930.0,1,
5001800US0642,CA-42,75000.0,100000.0,38780.0,1,
5001800US0642,CA-42,100000.0,200000.0,77490.0,1,
5001800US0642,CA-42,200000.0,500000.0,25270.0,1,
5001800US0642,CA-42,500000.0,inf,2680.0,1,
5001800US0643,CA-43,-inf,1.0,5240.0,1,
5001800US0643,CA-43,1.0,10000.0,33220.0,1,
5001800US0643,CA-43,10000.0,25000.0,62040.0,1,
5001800US0643,CA-43,25000.0,50000.0,86800.0,1,
5001800US0643,CA-43,50000.0,75000.0,52400.0,1,
5001800US0643,CA-43,75000.0,100000.0,29950.0,1,
5001800US0643,CA-43,100000.0,200000.0,43750.0,1,
5001800US0643,CA-43,200000.0,500000.0,16080.0,1,
5001800US0643,CA-43,500000.0,inf,2610.0,1,
5001800US0644,CA-44,-inf,1.0,3920.0,1,
5001800US0644,CA-44,1.0,10000.0,31100.0,1,
5001800US0644,CA-44,10000.0,25000.0,65510.0,1,
5001800US0644,CA-44,25000.0,50000.0,96640.0,1,
5001800US0644,CA-44,50000.0,75000.0,52210.0,1,
5001800US0644,CA-44,75000.0,100000.0,26720.0,1,
5001800US0644,CA-44,100000.0,200000.0,30110.0,1,
5001800US0644,CA-44,200000.0,500000.0,5590.0,1,
5001800US0644,CA-44,500000.0,inf,460.0,1,
5001800US0645,CA-45,-inf,1.0,8800.0,1,
5001800US0645,CA-45,1.0,10000.0,34820.0,1,
5001800US0645,CA-45,10000.0,25000.0,45960.0,1,
5001800US0645,CA-45,25000.0,50000.0,60530.0,1,
5001800US0645,CA-45,50000.0,75000.0,46030.0,1,
5001800US0645,CA-45,75000.0,100000.0,35740.0,1,
5001800US0645,CA-45,100000.0,200000.0,84960.0,1,
5001800US0645,CA-45,200000.0,500000.0,57260.0,1,
5001800US0645,CA-45,500000.0,inf,13660.0,1,
5001800US0646,CA-46,-inf,1.0,5760.0,1,
5001800US0646,CA-46,1.0,10000.0,30360.0,1,
5001800US0646,CA-46,10000.0,25000.0,58810.0,1,
5001800US0646,CA-46,25000.0,50000.0,100980.0,1,
5001800US0646,CA-46,50000.0,75000.0,55300.0,1,
5001800US0646,CA-46,75000.0,100000.0,29150.0,1,
5001800US0646,CA-46,100000.0,200000.0,36500.0,1,
5001800US0646,CA-46,200000.0,500000.0,8050.0,1,
5001800US0646,CA-46,500000.0,inf,860.0,1,
5001800US0647,CA-47,-inf,1.0,5420.0,1,
5001800US0647,CA-47,1.0,10000.0,31970.0,1,
5001800US0647,CA-47,10000.0,25000.0,55570.0,1,
5001800US0647,CA-47,25000.0,50000.0,78680.0,1,
5001800US0647,CA-47,50000.0,75000.0,50560.0,1,
5001800US0647,CA-47,75000.0,100000.0,32740.0,1,
5001800US0647,CA-47,100000.0,200000.0,57250.0,1,
5001800US0647,CA-47,200000.0,500000.0,22570.0,1,
5001800US0647,CA-47,500000.0,inf,3130.0,1,
5001800US0648,CA-48,-inf,1.0,8740.0,1,
5001800US0648,CA-48,1.0,10000.0,35200.0,1,
5001800US0648,CA-48,10000.0,25000.0,48640.0,1,
5001800US0648,CA-48,25000.0,50000.0,64050.0,1,
5001800US0648,CA-48,50000.0,75000.0,46270.0,1,
5001800US0648,CA-48,75000.0,100000.0,33930.0,1,
5001800US0648,CA-48,100000.0,200000.0,68130.0,1,
5001800US0648,CA-48,200000.0,500000.0,41860.0,1,
5001800US0648,CA-48,500000.0,inf,14520.0,1,
5001800US0649,CA-49,-inf,1.0,7430.0,1,
5001800US0649,CA-49,1.0,10000.0,30680.0,1,
5001800US0649,CA-49,10000.0,25000.0,43660.0,1,
5001800US0649,CA-49,25000.0,50000.0,68300.0,1,
5001800US0649,CA-49,50000.0,75000.0,46270.0,1,
5001800US0649,CA-49,75000.0,100000.0,32230.0,1,
5001800US0649,CA-49,100000.0,200000.0,67810.0,1,
5001800US0649,CA-49,200000.0,500000.0,46810.0,1,
5001800US0649,CA-49,500000.0,inf,15680.0,1,
5001800US0650,CA-50,-inf,1.0,6050.0,1,
5001800US0650,CA-50,1.0,10000.0,30980.0,1,
5001800US0650,CA-50,10000.0,25000.0,51530.0,1,
5001800US0650,CA-50,25000.0,50000.0,78710.0,1,
5001800US0650,CA-50,50000.0,75000.0,51490.0,1,
5001800US0650,CA-50,75000.0,100000.0,35030.0,1,
5001800US0650,CA-50,100000.0,200000.0,69710.0,1,
5001800US0650,CA-50,200000.0,500000.0,28210.0,1,
5001800US0650,CA-50,500000.0,inf,3720.0,1,
5001800US0651,CA-51,-inf,1.0,7060.0,1,
5001800US0651,CA-51,1.0,10000.0,36650.0,1,
5001800US0651,CA-51,10000.0,25000.0,77860.0,1,
5001800US0651,CA-51,25000.0,50000.0,114810.0,1,
5001800US0651,CA-51,50000.0,75000.0,58380.0,1,
5001800US0651,CA-51,75000.0,100000.0,30380.0,1,
5001800US0651,CA-51,100000.0,200000.0,34170.0,1,
5001800US0651,CA-51,200000.0,500000.0,5250.0,1,
5001800US0651,CA-51,500000.0,inf,540.0,1,
5001800US0652,CA-52,-inf,1.0,7150.0,1,
5001800US0652,CA-52,1.0,10000.0,28990.0,1,
5001800US0652,CA-52,10000.0,25000.0,38000.0,1,
5001800US0652,CA-52,25000.0,50000.0,57060.0,1,
5001800US0652,CA-52,50000.0,75000.0,48260.0,1,
5001800US0652,CA-52,75000.0,100000.0,37490.0,1,
5001800US0652,CA-52,100000.0,200000.0,82120.0,1,
5001800US0652,CA-52,200000.0,500000.0,55190.0,1,
5001800US0652,CA-52,500000.0,inf,15030.0,1,
5001800US0653,,-inf,1.0,5840.0,1,
5001800US0653,,1.0,10000.0,30160.0,1,
5001800US0653,,10000.0,25000.0,52680.0,1,
5001800US0653,,25000.0,50000.0,85000.0,1,
5001800US0653,,50000.0,75000.0,62540.0,1,
5001800US0653,,75000.0,100000.0,42030.0,1,
5001800US0653,,100000.0,200000.0,74540.0,1,
5001800US0653,,200000.0,500000.0,26870.0,1,
5001800US0653,,500000.0,inf,3500.0,1,
5001800US0801,CO-01,-inf,1.0,6460.0,1,
5001800US0801,CO-01,1.0,10000.0,37010.0,1,
5001800US0801,CO-01,10000.0,25000.0,56840.0,1,
5001800US0801,CO-01,25000.0,50000.0,95510.0,1,
5001800US0801,CO-01,50000.0,75000.0,77810.0,1,
5001800US0801,CO-01,75000.0,100000.0,48150.0,1,
5001800US0801,CO-01,100000.0,200000.0,75900.0,1,
5001800US0801,CO-01,200000.0,500000.0,36870.0,1,
5001800US0801,CO-01,500000.0,inf,11200.0,1,
5001800US0802,CO-02,-inf,1.0,7150.0,1,
5001800US0802,CO-02,1.0,10000.0,42490.0,1,
5001800US0802,CO-02,10000.0,25000.0,52150.0,1,
5001800US0802,CO-02,25000.0,50000.0,79340.0,1,
5001800US0802,CO-02,50000.0,75000.0,58030.0,1,
5001800US0802,CO-02,75000.0,100000.0,40320.0,1,
5001800US0802,CO-02,100000.0,200000.0,85280.0,1,
5001800US0802,CO-02,200000.0,500000.0,46520.0,1,
5001800US0802,CO-02,500000.0,inf,12190.0,1,
5001800US0803,CO-03,-inf,1.0,8180.0,1,
5001800US0803,CO-03,1.0,10000.0,40830.0,1,
5001800US0803,CO-03,10000.0,25000.0,58620.0,1,
5001800US0803,CO-03,25000.0,50000.0,88690.0,1,
5001800US0803,CO-03,50000.0,75000.0,56520.0,1,
5001800US0803,CO-03,75000.0,100000.0,35690.0,1,
5001800US0803,CO-03,100000.0,200000.0,55190.0,1,
5001800US0803,CO-03,200000.0,500000.0,17730.0,1,
5001800US0803,CO-03,500000.0,inf,5130.0,1,
5001800US0804,CO-04,-inf,1.0,7370.0,1,
5001800US0804,CO-04,1.0,10000.0,41320.0,1,
5001800US0804,CO-04,10000.0,25000.0,55970.0,1,
5001800US0804,CO-04,25000.0,50000.0,85490.0,1,
5001800US0804,CO-04,50000.0,75000.0,62510.0,1,
5001800US0804,CO-04,75000.0,100000.0,44120.0,1,
5001800US0804,CO-04,100000.0,200000.0,88640.0,1,
5001800US0804,CO-04,200000.0,500000.0,38630.0,1,
5001800US0804,CO-04,500000.0,inf,7150.0,1,
5001800US0805,CO-05,-inf,1.0,6380.0,1,
5001800US0805,CO-05,1.0,10000.0,39270.0,1,
5001800US0805,CO-05,10000.0,25000.0,59070.0,1,
5001800US0805,CO-05,25000.0,50000.0,95150.0,1,
5001800US0805,CO-05,50000.0,75000.0,60710.0,1,
5001800US0805,CO-05,75000.0,100000.0,41040.0,1,
5001800US0805,CO-05,100000.0,200000.0,72410.0,1,
5001800US0805,CO-05,200000.0,500000.0,23650.0,1,
5001800US0805,CO-05,500000.0,inf,3680.0,1,
5001800US0806,CO-06,-inf,1.0,5610.0,1,
5001800US0806,CO-06,1.0,10000.0,41560.0,1,
5001800US0806,CO-06,10000.0,25000.0,57240.0,1,
5001800US0806,CO-06,25000.0,50000.0,87160.0,1,
5001800US0806,CO-06,50000.0,75000.0,65500.0,1,
5001800US0806,CO-06,75000.0,100000.0,43230.0,1,
5001800US0806,CO-06,100000.0,200000.0,82640.0,1,
5001800US0806,CO-06,200000.0,500000.0,36720.0,1,
5001800US0806,CO-06,500000.0,inf,7170.0,1,
5001800US0807,CO-07,-inf,1.0,5350.0,1,
5001800US0807,CO-07,1.0,10000.0,37020.0,1,
5001800US0807,CO-07,10000.0,25000.0,56950.0,1,
5001800US0807,CO-07,25000.0,50000.0,95380.0,1,
5001800US0807,CO-07,50000.0,75000.0,72340.0,1,
5001800US0807,CO-07,75000.0,100000.0,46050.0,1,
5001800US0807,CO-07,100000.0,200000.0,75650.0,1,
5001800US0807,CO-07,200000.0,500000.0,27180.0,1,
5001800US0807,CO-07,500000.0,inf,4160.0,1,
5001800US0901,CT-01,-inf,1.0,4600.0,1,
5001800US0901,CT-01,1.0,10000.0,35820.0,1,
5001800US0901,CT-01,10000.0,25000.0,54030.0,1,
5001800US0901,CT-01,25000.0,50000.0,79030.0,1,
5001800US0901,CT-01,50000.0,75000.0,57310.0,1,
5001800US0901,CT-01,75000.0,100000.0,38950.0,1,
5001800US0901,CT-01,100000.0,200000.0,67030.0,1,
5001800US0901,CT-01,200000.0,500000.0,25770.0,1,
5001800US0901,CT-01,500000.0,inf,4410.0,1,
5001800US0902,CT-02,-inf,1.0,4420.0,1,
5001800US0902,CT-02,1.0,10000.0,32500.0,1,
5001800US0902,CT-02,10000.0,25000.0,45790.0,1,
5001800US0902,CT-02,25000.0,50000.0,70290.0,1,
5001800US0902,CT-02,50000.0,75000.0,53870.0,1,
5001800US0902,CT-02,75000.0,100000.0,38970.0,1,
5001800US0902,CT-02,100000.0,200000.0,73360.0,1,
5001800US0902,CT-02,200000.0,500000.0,26120.0,1,
5001800US0902,CT-02,500000.0,inf,4420.0,1,
5001800US0903,CT-03,-inf,1.0,4300.0,1,
5001800US0903,CT-03,1.0,10000.0,35800.0,1,
5001800US0903,CT-03,10000.0,25000.0,52980.0,1,
5001800US0903,CT-03,25000.0,50000.0,76350.0,1,
5001800US0903,CT-03,50000.0,75000.0,56740.0,1,
5001800US0903,CT-03,75000.0,100000.0,38110.0,1,
5001800US0903,CT-03,100000.0,200000.0,64770.0,1,
5001800US0903,CT-03,200000.0,500000.0,22650.0,1,
5001800US0903,CT-03,500000.0,inf,3970.0,1,
5001800US0904,CT-04,-inf,1.0,6710.0,1,
5001800US0904,CT-04,1.0,10000.0,40920.0,1,
5001800US0904,CT-04,10000.0,25000.0,48370.0,1,
5001800US0904,CT-04,25000.0,50000.0,62600.0,1,
5001800US0904,CT-04,50000.0,75000.0,43330.0,1,
5001800US0904,CT-04,75000.0,100000.0,30240.0,1,
5001800US0904,CT-04,100000.0,200000.0,60300.0,1,
5001800US0904,CT-04,200000.0,500000.0,47130.0,1,
5001800US0904,CT-04,500000.0,inf,26180.0,1,
5001800US0905,CT-05,-inf,1.0,4910.0,1,
5001800US0905,CT-05,1.0,10000.0,39090.0,1,
5001800US0905,CT-05,10000.0,25000.0,54450.0,1,
5001800US0905,CT-05,25000.0,50000.0,76950.0,1,
5001800US0905,CT-05,50000.0,75000.0,52440.0,1,
5001800US0905,CT-05,75000.0,100000.0,35290.0,1,
5001800US0905,CT-05,100000.0,200000.0,64270.0,1,
5001800US0905,CT-05,200000.0,500000.0,28050.0,1,
5001800US0905,CT-05,500000.0,inf,6010.0,1,
5001800US1000,DE-01,-inf,1.0,5880.0,1,
5001800US1000,DE-01,1.0,10000.0,49340.0,1,
5001800US1000,DE-01,10000.0,25000.0,79620.0,1,
5001800US1000,DE-01,25000.0,50000.0,116240.0,1,
5001800US1000,DE-01,50000.0,75000.0,75440.0,1,
5001800US1000,DE-01,75000.0,100000.0,51060.0,1,
5001800US1000,DE-01,100000.0,200000.0,89920.0,1,
5001800US1000,DE-01,200000.0,500000.0,30270.0,1,
5001800US1000,DE-01,500000.0,inf,5350.0,1,
5001800US1201,FL-01,-inf,1.0,6600.0,1,
5001800US1201,FL-01,1.0,10000.0,36150.0,1,
5001800US1201,FL-01,10000.0,25000.0,67940.0,1,
5001800US1201,FL-01,25000.0,50000.0,95560.0,1,
5001800US1201,FL-01,50000.0,75000.0,57370.0,1,
5001800US1201,FL-01,75000.0,100000.0,37860.0,1,
5001800US1201,FL-01,100000.0,200000.0,62980.0,1,
5001800US1201,FL-01,200000.0,500000.0,20100.0,1,
5001800US1201,FL-01,500000.0,inf,5230.0,1,
5001800US1202,FL-02,-inf,1.0,7270.0,1,
5001800US1202,FL-02,1.0,10000.0,33200.0,1,
5001800US1202,FL-02,10000.0,25000.0,61430.0,1,
5001800US1202,FL-02,25000.0,50000.0,81140.0,1,
5001800US1202,FL-02,50000.0,75000.0,47760.0,1,
5001800US1202,FL-02,75000.0,100000.0,30940.0,1,
5001800US1202,FL-02,100000.0,200000.0,48980.0,1,
5001800US1202,FL-02,200000.0,500000.0,13630.0,1,
5001800US1202,FL-02,500000.0,inf,3050.0,1,
5001800US1203,FL-03,-inf,1.0,6330.0,1,
5001800US1203,FL-03,1.0,10000.0,33770.0,1,
5001800US1203,FL-03,10000.0,25000.0,65600.0,1,
5001800US1203,FL-03,25000.0,50000.0,86350.0,1,
5001800US1203,FL-03,50000.0,75000.0,50100.0,1,
5001800US1203,FL-03,75000.0,100000.0,31970.0,1,
5001800US1203,FL-03,100000.0,200000.0,50890.0,1,
5001800US1203,FL-03,200000.0,500000.0,14830.0,1,
5001800US1203,FL-03,500000.0,inf,3190.0,1,
5001800US1204,FL-04,-inf,1.0,6670.0,1,
5001800US1204,FL-04,1.0,10000.0,37080.0,1,
5001800US1204,FL-04,10000.0,25000.0,62050.0,1,
5001800US1204,FL-04,25000.0,50000.0,92950.0,1,
5001800US1204,FL-04,50000.0,75000.0,65640.0,1,
5001800US1204,FL-04,75000.0,100000.0,45680.0,1,
5001800US1204,FL-04,100000.0,200000.0,90700.0,1,
5001800US1204,FL-04,200000.0,500000.0,39920.0,1,
5001800US1204,FL-04,500000.0,inf,10430.0,1,
5001800US1205,FL-05,-inf,1.0,7050.0,1,
5001800US1205,FL-05,1.0,10000.0,36470.0,1,
5001800US1205,FL-05,10000.0,25000.0,83220.0,1,
5001800US1205,FL-05,25000.0,50000.0,103710.0,1,
5001800US1205,FL-05,50000.0,75000.0,48760.0,1,
5001800US1205,FL-05,75000.0,100000.0,24780.0,1,
5001800US1205,FL-05,100000.0,200000.0,28430.0,1,
5001800US1205,FL-05,200000.0,500000.0,5030.0,1,
5001800US1205,FL-05,500000.0,inf,1120.0,1,
5001800US1206,FL-06,-inf,1.0,8560.0,1,
5001800US1206,FL-06,1.0,10000.0,41930.0,1,
5001800US1206,FL-06,10000.0,25000.0,77470.0,1,
5001800US1206,FL-06,25000.0,50000.0,101580.0,1,
5001800US1206,FL-06,50000.0,75000.0,60190.0,1,
5001800US1206,FL-06,75000.0,100000.0,38450.0,1,
5001800US1206,FL-06,100000.0,200000.0,59170.0,1,
5001800US1206,FL-06,200000.0,500000.0,17580.0,1,
5001800US1206,FL-06,500000.0,inf,3970.0,1,
5001800US1207,FL-07,-inf,1.0,6460.0,1,
5001800US1207,FL-07,1.0,10000.0,36030.0,1,
5001800US1207,FL-07,10000.0,25000.0,69810.0,1,
5001800US1207,FL-07,25000.0,50000.0,93380.0,1,
5001800US1207,FL-07,50000.0,75000.0,56100.0,1,
5001800US1207,FL-07,75000.0,100000.0,33940.0,1,
5001800US1207,FL-07,100000.0,200000.0,58450.0,1,
5001800US1207,FL-07,200000.0,500000.0,24940.0,1,
5001800US1207,FL-07,500000.0,inf,6770.0,1,
5001800US1208,FL-08,-inf,1.0,7660.0,1,
5001800US1208,FL-08,1.0,10000.0,38700.0,1,
5001800US1208,FL-08,10000.0,25000.0,69480.0,1,
5001800US1208,FL-08,25000.0,50000.0,92990.0,1,
5001800US1208,FL-08,50000.0,75000.0,57220.0,1,
5001800US1208,FL-08,75000.0,100000.0,39440.0,1,
5001800US1208,FL-08,100000.0,200000.0,68110.0,1,
5001800US1208,FL-08,200000.0,500000.0,24000.0,1,
5001800US1208,FL-08,500000.0,inf,5900.0,1,
5001800US1209,FL-09,-inf,1.0,7540.0,1,
5001800US1209,FL-09,1.0,10000.0,48040.0,1,
5001800US1209,FL-09,10000.0,25000.0,110730.0,1,
5001800US1209,FL-09,25000.0,50000.0,142580.0,1,
5001800US1209,FL-09,50000.0,75000.0,72640.0,1,
5001800US1209,FL-09,75000.0,100000.0,40680.0,1,
5001800US1209,FL-09,100000.0,200000.0,55360.0,1,
5001800US1209,FL-09,200000.0,500000.0,15430.0,1,
5001800US1209,FL-09,500000.0,inf,2910.0,1,
5001800US1210,FL-10,-inf,1.0,7280.0,1,
5001800US1210,FL-10,1.0,10000.0,44970.0,1,
5001800US1210,FL-10,10000.0,25000.0,98220.0,1,
5001800US1210,FL-10,25000.0,50000.0,122310.0,1,
5001800US1210,FL-10,50000.0,75000.0,58880.0,1,
5001800US1210,FL-10,75000.0,100000.0,31440.0,1,
5001800US1210,FL-10,100000.0,200000.0,49170.0,1,
5001800US1210,FL-10,200000.0,500000.0,21150.0,1,
5001800US1210,FL-10,500000.0,inf,5850.0,1,
5001800US1211,FL-11,-inf,1.0,8720.0,1,
5001800US1211,FL-11,1.0,10000.0,42750.0,1,
5001800US1211,FL-11,10000.0,25000.0,78330.0,1,
5001800US1211,FL-11,25000.0,50000.0,103670.0,1,
5001800US1211,FL-11,50000.0,75000.0,63150.0,1,
5001800US1211,FL-11,75000.0,100000.0,42240.0,1,
5001800US1211,FL-11,100000.0,200000.0,62010.0,1,
5001800US1211,FL-11,200000.0,500000.0,15340.0,1,
5001800US1211,FL-11,500000.0,inf,2910.0,1,
5001800US1212,FL-12,-inf,1.0,7670.0,1,
5001800US1212,FL-12,1.0,10000.0,40050.0,1,
5001800US1212,FL-12,10000.0,25000.0,69180.0,1,
5001800US1212,FL-12,25000.0,50000.0,93030.0,1,
5001800US1212,FL-12,50000.0,75000.0,60080.0,1,
5001800US1212,FL-12,75000.0,100000.0,39170.0,1,
5001800US1212,FL-12,100000.0,200000.0,67720.0,1,
5001800US1212,FL-12,200000.0,500000.0,23990.0,1,
5001800US1212,FL-12,500000.0,inf,4490.0,1,
5001800US1213,FL-13,-inf,1.0,7600.0,1,
5001800US1213,FL-13,1.0,10000.0,35300.0,1,
5001800US1213,FL-13,10000.0,25000.0,64230.0,1,
5001800US1213,FL-13,25000.0,50000.0,91000.0,1,
5001800US1213,FL-13,50000.0,75000.0,56750.0,1,
5001800US1213,FL-13,75000.0,100000.0,34040.0,1,
5001800US1213,FL-13,100000.0,200000.0,52600.0,1,
5001800US1213,FL-13,200000.0,500000.0,20560.0,1,
5001800US1213,FL-13,500000.0,inf,6860.0,1,
5001800US1214,FL-14,-inf,1.0,6200.0,1,
5001800US1214,FL-14,1.0,10000.0,39530.0,1,
5001800US1214,FL-14,10000.0,25000.0,76950.0,1,
5001800US1214,FL-14,25000.0,50000.0,94460.0,1,
5001800US1214,FL-14,50000.0,75000.0,53230.0,1,
5001800US1214,FL-14,75000.0,100000.0,31200.0,1,
5001800US1214,FL-14,100000.0,200000.0,51860.0,1,
5001800US1214,FL-14,200000.0,500000.0,26230.0,1,
5001800US1214,FL-14,500000.0,inf,8820.0,1,
5001800US1215,FL-15,-inf,1.0,6290.0,1,
5001800US1215,FL-15,1.0,10000.0,38170.0,1,
5001800US1215,FL-15,10000.0,25000.0,80980.0,1,
5001800US1215,FL-15,25000.0,50000.0,108540.0,1,
5001800US1215,FL-15,50000.0,75000.0,62380.0,1,
5001800US1215,FL-15,75000.0,100000.0,37600.0,1,
5001800US1215,FL-15,100000.0,200000.0,56850.0,1,
5001800US1215,FL-15,200000.0,500000.0,14680.0,1,
5001800US1215,FL-15,500000.0,inf,3070.0,1,
5001800US1216,FL-16,-inf,1.0,8830.0,1,
5001800US1216,FL-16,1.0,10000.0,41700.0,1,
5001800US1216,FL-16,10000.0,25000.0,74150.0,1,
5001800US1216,FL-16,25000.0,50000.0,102670.0,1,
5001800US1216,FL-16,50000.0,75000.0,66580.0,1,
5001800US1216,FL-16,75000.0,100000.0,44690.0,1,
5001800US1216,FL-16,100000.0,200000.0,82250.0,1,
5001800US1216,FL-16,200000.0,500000.0,35000.0,1,
5001800US1216,FL-16,500000.0,inf,10850.0,1,
5001800US1217,FL-17,-inf,1.0,8270.0,1,
5001800US1217,FL-17,1.0,10000.0,38390.0,1,
5001800US1217,FL-17,10000.0,25000.0,69750.0,1,
5001800US1217,FL-17,25000.0,50000.0,93340.0,1,
5001800US1217,FL-17,50000.0,75000.0,57320.0,1,
5001800US1217,FL-17,75000.0,100000.0,36950.0,1,
5001800US1217,FL-17,100000.0,200000.0,58830.0,1,
5001800US1217,FL-17,200000.0,500000.0,18190.0,1,
5001800US1217,FL-17,500000.0,inf,4330.0,1,
5001800US1218,FL-18,-inf,1.0,9150.0,1,
5001800US1218,FL-18,1.0,10000.0,39430.0,1,
5001800US1218,FL-18,10000.0,25000.0,70900.0,1,
5001800US1218,FL-18,25000.0,50000.0,90980.0,1,
5001800US1218,FL-18,50000.0,75000.0,59140.0,1,
5001800US1218,FL-18,75000.0,100000.0,39460.0,1,
5001800US1218,FL-18,100000.0,200000.0,70430.0,1,
5001800US1218,FL-18,200000.0,500000.0,32110.0,1,
5001800US1218,FL-18,500000.0,inf,13040.0,1,
5001800US1219,FL-19,-inf,1.0,8640.0,1,
5001800US1219,FL-19,1.0,10000.0,37670.0,1,
5001800US1219,FL-19,10000.0,25000.0,69620.0,1,
5001800US1219,FL-19,25000.0,50000.0,95890.0,1,
5001800US1219,FL-19,50000.0,75000.0,61040.0,1,
5001800US1219,FL-19,75000.0,100000.0,39560.0,1,
5001800US1219,FL-19,100000.0,200000.0,72010.0,1,
5001800US1219,FL-19,200000.0,500000.0,36980.0,1,
5001800US1219,FL-19,500000.0,inf,18150.0,1,
5001800US1220,FL-20,-inf,1.0,6420.0,1,
5001800US1220,FL-20,1.0,10000.0,42840.0,1,
5001800US1220,FL-20,10000.0,25000.0,104800.0,1,
5001800US1220,FL-20,25000.0,50000.0,113740.0,1,
5001800US1220,FL-20,50000.0,75000.0,54890.0,1,
5001800US1220,FL-20,75000.0,100000.0,27670.0,1,
5001800US1220,FL-20,100000.0,200000.0,33690.0,1,
5001800US1220,FL-20,200000.0,500000.0,8920.0,1,
5001800US1220,FL-20,500000.0,inf,1860.0,1,
5001800US1221,FL-21,-inf,1.0,9480.0,1,
5001800US1221,FL-21,1.0,10000.0,42550.0,1,
5001800US1221,FL-21,10000.0,25000.0,76960.0,1,
5001800US1221,FL-21,25000.0,50000.0,88930.0,1,
5001800US1221,FL-21,50000.0,75000.0,55210.0,1,
5001800US1221,FL-21,75000.0,100000.0,34050.0,1,
5001800US1221,FL-21,100000.0,200000.0,60730.0,1,
5001800US1221,FL-21,200000.0,500000.0,29750.0,1,
5001800US1221,FL-21,500000.0,inf,12600.0,1,
5001800US1222,FL-22,-inf,1.0,10310.0,1,
5001800US1222,FL-22,1.0,10000.0,41050.0,1,
5001800US1222,FL-22,10000.0,25000.0,69820.0,1,
5001800US1222,FL-22,25000.0,50000.0,82940.0,1,
5001800US1222,FL-22,50000.0,75000.0,54840.0,1,
5001800US1222,FL-22,75000.0,100000.0,34740.0,1,
5001800US1222,FL-22,100000.0,200000.0,63050.0,1,
5001800US1222,FL-22,200000.0,500000.0,35890.0,1,
5001800US1222,FL-22,500000.0,inf,16100.0,1,
5001800US1223,FL-23,-inf,1.0,9760.0,1,
5001800US1223,FL-23,1.0,10000.0,40700.0,1,
5001800US1223,FL-23,10000.0,25000.0,70810.0,1,
5001800US1223,FL-23,25000.0,50000.0,81350.0,1,
5001800US1223,FL-23,50000.0,75000.0,52480.0,1,
5001800US1223,FL-23,75000.0,100000.0,33890.0,1,
5001800US1223,FL-23,100000.0,200000.0,61610.0,1,
5001800US1223,FL-23,200000.0,500000.0,30070.0,1,
5001800US1223,FL-23,500000.0,inf,10540.0,1,
5001800US1224,FL-24,-inf,1.0,7200.0,1,
5001800US1224,FL-24,1.0,10000.0,47150.0,1,
5001800US1224,FL-24,10000.0,25000.0,111000.0,1,
5001800US1224,FL-24,25000.0,50000.0,109940.0,1,
5001800US1224,FL-24,50000.0,75000.0,48750.0,1,
5001800US1224,FL-24,75000.0,100000.0,23040.0,1,
5001800US1224,FL-24,100000.0,200000.0,27120.0,1,
5001800US1224,FL-24,200000.0,500000.0,9730.0,1,
5001800US1224,FL-24,500000.0,inf,3660.0,1,
5001800US1225,FL-25,-inf,1.0,7130.0,1,
5001800US1225,FL-25,1.0,10000.0,49640.0,1,
5001800US1225,FL-25,10000.0,25000.0,100810.0,1,
5001800US1225,FL-25,25000.0,50000.0,110190.0,1,
5001800US1225,FL-25,50000.0,75000.0,56240.0,1,
5001800US1225,FL-25,75000.0,100000.0,29880.0,1,
5001800US1225,FL-25,100000.0,200000.0,43440.0,1,
5001800US1225,FL-25,200000.0,500000.0,16430.0,1,
5001800US1225,FL-25,500000.0,inf,4560.0,1,
5001800US1226,FL-26,-inf,1.0,6990.0,1,
5001800US1226,FL-26,1.0,10000.0,47280.0,1,
5001800US1226,FL-26,10000.0,25000.0,101940.0,1,
5001800US1226,FL-26,25000.0,50000.0,106170.0,1,
5001800US1226,FL-26,50000.0,75000.0,55650.0,1,
5001800US1226,FL-26,75000.0,100000.0,30860.0,1,
5001800US1226,FL-26,100000.0,200000.0,44970.0,1,
5001800US1226,FL-26,200000.0,500000.0,13570.0,1,
5001800US1226,FL-26,500000.0,inf,3270.0,1,
5001800US1227,FL-27,-inf,1.0,10030.0,1,
5001800US1227,FL-27,1.0,10000.0,44560.0,1,
5001800US1227,FL-27,10000.0,25000.0,74960.0,1,
5001800US1227,FL-27,25000.0,50000.0,79920.0,1,
5001800US1227,FL-27,50000.0,75000.0,46070.0,1,
5001800US1227,FL-27,75000.0,100000.0,28010.0,1,
5001800US1227,FL-27,100000.0,200000.0,49020.0,1,
5001800US1227,FL-27,200000.0,500000.0,33050.0,1,
5001800US1227,FL-27,500000.0,inf,19370.0,1,
5001800US1301,GA-01,-inf,1.0,5470.0,1,
5001800US1301,GA-01,1.0,10000.0,33080.0,1,
5001800US1301,GA-01,10000.0,25000.0,65700.0,1,
5001800US1301,GA-01,25000.0,50000.0,83890.0,1,
5001800US1301,GA-01,50000.0,75000.0,48400.0,1,
5001800US1301,GA-01,75000.0,100000.0,29710.0,1,
5001800US1301,GA-01,100000.0,200000.0,46010.0,1,
5001800US1301,GA-01,200000.0,500000.0,13220.0,1,
5001800US1301,GA-01,500000.0,inf,3230.0,1,
5001800US1302,GA-02,-inf,1.0,6040.0,1,
5001800US1302,GA-02,1.0,10000.0,29340.0,1,
5001800US1302,GA-02,10000.0,25000.0,74360.0,1,
5001800US1302,GA-02,25000.0,50000.0,72890.0,1,
5001800US1302,GA-02,50000.0,75000.0,33180.0,1,
5001800US1302,GA-02,75000.0,100000.0,17900.0,1,
5001800US1302,GA-02,100000.0,200000.0,23840.0,1,
5001800US1302,GA-02,200000.0,500000.0,5450.0,1,
5001800US1302,GA-02,500000.0,inf,1200.0,1,
5001800US1303,GA-03,-inf,1.0,5000.0,1,
5001800US1303,GA-03,1.0,10000.0,36350.0,1,
5001800US1303,GA-03,10000.0,25000.0,69650.0,1,
5001800US1303,GA-03,25000.0,50000.0,83090.0,1,
5001800US1303,GA-03,50000.0,75000.0,51240.0,1,
5001800US1303,GA-03,75000.0,100000.0,32860.0,1,
5001800US1303,GA-03,100000.0,200000.0,56780.0,1,
5001800US1303,GA-03,200000.0,500000.0,18270.0,1,
5001800US1303,GA-03,500000.0,inf,3400.0,1,
5001800US1304,GA-04,-inf,1.0,6010.0,1,
5001800US1304,GA-04,1.0,10000.0,40900.0,1,
5001800US1304,GA-04,10000.0,25000.0,85700.0,1,
5001800US1304,GA-04,25000.0,50000.0,94070.0,1,
5001800US1304,GA-04,50000.0,75000.0,51620.0,1,
5001800US1304,GA-04,75000.0,100000.0,28400.0,1,
5001800US1304,GA-04,100000.0,200000.0,37450.0,1,
5001800US1304,GA-04,200000.0,500000.0,10560.0,1,
5001800US1304,GA-04,500000.0,inf,1570.0,1,
5001800US1305,GA-05,-inf,1.0,6170.0,1,
5001800US1305,GA-05,1.0,10000.0,34840.0,1,
5001800US1305,GA-05,10000.0,25000.0,78550.0,1,
5001800US1305,GA-05,25000.0,50000.0,80260.0,1,
5001800US1305,GA-05,50000.0,75000.0,47850.0,1,
5001800US1305,GA-05,75000.0,100000.0,29590.0,1,
5001800US1305,GA-05,100000.0,200000.0,45870.0,1,
5001800US1305,GA-05,200000.0,500000.0,25490.0,1,
5001800US1305,GA-05,500000.0,inf,8880.0,1,
5001800US1306,GA-06,-inf,1.0,5910.0,1,
5001800US1306,GA-06,1.0,10000.0,38260.0,1,
5001800US1306,GA-06,10000.0,25000.0,45670.0,1,
5001800US1306,GA-06,25000.0,50000.0,54780.0,1,
5001800US1306,GA-06,50000.0,75000.0,42000.0,1,
5001800US1306,GA-06,75000.0,100000.0,30840.0,1,
5001800US1306,GA-06,100000.0,200000.0,70720.0,1,
5001800US1306,GA-06,200000.0,500000.0,56950.0,1,
5001800US1306,GA-06,500000.0,inf,16800.0,1,
5001800US1307,GA-07,-inf,1.0,5940.0,1,
5001800US1307,GA-07,1.0,10000.0,47350.0,1,
5001800US1307,GA-07,10000.0,25000.0,74460.0,1,
5001800US1307,GA-07,25000.0,50000.0,85260.0,1,
5001800US1307,GA-07,50000.0,75000.0,52720.0,1,
5001800US1307,GA-07,75000.0,100000.0,34290.0,1,
5001800US1307,GA-07,100000.0,200000.0,65940.0,1,
5001800US1307,GA-07,200000.0,500000.0,32350.0,1,
5001800US1307,GA-07,500000.0,inf,5590.0,1,
5001800US1308,GA-08,-inf,1.0,6310.0,1,
5001800US1308,GA-08,1.0,10000.0,31800.0,1,
5001800US1308,GA-08,10000.0,25000.0,68800.0,1,
5001800US1308,GA-08,25000.0,50000.0,76020.0,1,
5001800US1308,GA-08,50000.0,75000.0,40880.0,1,
5001800US1308,GA-08,75000.0,100000.0,25270.0,1,
5001800US1308,GA-08,100000.0,200000.0,38270.0,1,
5001800US1308,GA-08,200000.0,500000.0,9060.0,1,
5001800US1308,GA-08,500000.0,inf,2010.0,1,
5001800US1309,GA-09,-inf,1.0,6160.0,1,
5001800US1309,GA-09,1.0,10000.0,38620.0,1,
5001800US1309,GA-09,10000.0,25000.0,65660.0,1,
5001800US1309,GA-09,25000.0,50000.0,88850.0,1,
5001800US1309,GA-09,50000.0,75000.0,53470.0,1,
5001800US1309,GA-09,75000.0,100000.0,35350.0,1,
5001800US1309,GA-09,100000.0,200000.0,59400.0,1,
5001800US1309,GA-09,200000.0,500000.0,18940.0,1,
5001800US1309,GA-09,500000.0,inf,3460.0,1,
5001800US1310,GA-10,-inf,1.0,5950.0,1,
5001800US1310,GA-10,1.0,10000.0,36140.0,1,
5001800US1310,GA-10,10000.0,25000.0,67910.0,1,
5001800US1310,GA-10,25000.0,50000.0,80430.0,1,
5001800US1310,GA-10,50000.0,75000.0,48010.0,1,
5001800US1310,GA-10,75000.0,100000.0,31750.0,1,
5001800US1310,GA-10,100000.0,200000.0,55610.0,1,
5001800US1310,GA-10,200000.0,500000.0,17340.0,1,
5001800US1310,GA-10,500000.0,inf,3680.0,1,
5001800US1311,GA-11,-inf,1.0,5680.0,1,
5001800US1311,GA-11,1.0,10000.0,39300.0,1,
5001800US1311,GA-11,10000.0,25000.0,60600.0,1,
5001800US1311,GA-11,25000.0,50000.0,77440.0,1,
5001800US1311,GA-11,50000.0,75000.0,52630.0,1,
5001800US1311,GA-11,75000.0,100000.0,36890.0,1,
5001800US1311,GA-11,100000.0,200000.0,73080.0,1,
5001800US1311,GA-11,200000.0,500000.0,33670.0,1,
5001800US1311,GA-11,500000.0,inf,9730.0,1,
5001800US1312,GA-12,-inf,1.0,5770.0,1,
5001800US1312,GA-12,1.0,10000.0,33360.0,1,
5001800US1312,GA-12,10000.0,25000.0,70130.0,1,
5001800US1312,GA-12,25000.0,50000.0,77230.0,1,
5001800US1312,GA-12,50000.0,75000.0,41310.0,1,
5001800US1312,GA-12,75000.0,100000.0,24860.0,1,
5001800US1312,GA-12,100000.0,200000.0,37820.0,1,
5001800US1312,GA-12,200000.0,500000.0,9620.0,1,
5001800US1312,GA-12,500000.0,inf,1870.0,1,
5001800US1313,GA-13,-inf,1.0,5970.0,1,
5001800US1313,GA-13,1.0,10000.0,41490.0,1,
5001800US1313,GA-13,10000.0,25000.0,89660.0,1,
5001800US1313,GA-13,25000.0,50000.0,100440.0,1,
5001800US1313,GA-13,50000.0,75000.0,57050.0,1,
5001800US1313,GA-13,75000.0,100000.0,30960.0,1,
5001800US1313,GA-13,100000.0,200000.0,40240.0,1,
5001800US1313,GA-13,200000.0,500000.0,10540.0,1,
5001800US1313,GA-13,500000.0,inf,1470.0,1,
5001800US1314,GA-14,-inf,1.0,4650.0,1,
5001800US1314,GA-14,1.0,10000.0,32400.0,1,
5001800US1314,GA-14,10000.0,25000.0,61380.0,1,
5001800US1314,GA-14,25000.0,50000.0,85440.0,1,
5001800US1314,GA-14,50000.0,75000.0,48230.0,1,
5001800US1314,GA-14,75000.0,100000.0,30000.0,1,
5001800US1314,GA-14,100000.0,200000.0,42860.0,1,
5001800US1314,GA-14,200000.0,500000.0,8910.0,1,
5001800US1314,GA-14,500000.0,inf,1500.0,1,
5001800US1501,HI-01,-inf,1.0,6800.0,1,
5001800US1501,HI-01,1.0,10000.0,35740.0,1,
5001800US1501,HI-01,10000.0,25000.0,44910.0,1,
5001800US1501,HI-01,25000.0,50000.0,77630.0,1,
5001800US1501,HI-01,50000.0,75000.0,56220.0,1,
5001800US1501,HI-01,75000.0,100000.0,37850.0,1,
5001800US1501,HI-01,100000.0,200000.0,66070.0,1,
5001800US1501,HI-01,200000.0,500000.0,20850.0,1,
5001800US1501,HI-01,500000.0,inf,3700.0,1,
5001800US1502,HI-02,-inf,1.0,7940.0,1,
5001800US1502,HI-02,1.0,10000.0,36990.0,1,
5001800US1502,HI-02,10000.0,25000.0,47060.0,1,
5001800US1502,HI-02,25000.0,50000.0,77470.0,1,
5001800US1502,HI-02,50000.0,75000.0,52350.0,1,
5001800US1502,HI-02,75000.0,100000.0,33090.0,1,
5001800US1502,HI-02,100000.0,200000.0,54540.0,1,
5001800US1502,HI-02,200000.0,500000.0,16080.0,1,
5001800US1502,HI-02,500000.0,inf,3060.0,1,
5001800US1601,ID-01,-inf,1.0,8000.0,1,
5001800US1601,ID-01,1.0,10000.0,42360.0,1,
5001800US1601,ID-01,10000.0,25000.0,68900.0,1,
5001800US1601,ID-01,25000.0,50000.0,108130.0,1,
5001800US1601,ID-01,50000.0,75000.0,71130.0,1,
5001800US1601,ID-01,75000.0,100000.0,49990.0,1,
5001800US1601,ID-01,100000.0,200000.0,80300.0,1,
5001800US1601,ID-01,200000.0,500000.0,23410.0,1,
5001800US1601,ID-01,500000.0,inf,5270.0,1,
5001800US1602,ID-02,-inf,1.0,6750.0,1,
5001800US1602,ID-02,1.0,10000.0,39070.0,1,
5001800US1602,ID-02,10000.0,25000.0,64860.0,1,
5001800US1602,ID-02,25000.0,50000.0,97670.0,1,
5001800US1602,ID-02,50000.0,75000.0,61130.0,1,
5001800US1602,ID-02,75000.0,100000.0,40210.0,1,
5001800US1602,ID-02,100000.0,200000.0,60590.0,1,
5001800US1602,ID-02,200000.0,500000.0,18270.0,1,
5001800US1602,ID-02,500000.0,inf,4840.0,1,
5001800US1701,IL-01,-inf,1.0,4720.0,1,
5001800US1701,IL-01,1.0,10000.0,32480.0,1,
5001800US1701,IL-01,10000.0,25000.0,64780.0,1,
5001800US1701,IL-01,25000.0,50000.0,75890.0,1,
5001800US1701,IL-01,50000.0,75000.0,47730.0,1,
5001800US1701,IL-01,75000.0,100000.0,31390.0,1,
5001800US1701,IL-01,100000.0,200000.0,47950.0,1,
5001800US1701,IL-01,200000.0,500000.0,13890.0,1,
5001800US1701,IL-01,500000.0,inf,2230.0,1,
5001800US1702,IL-02,-inf,1.0,4620.0,1,
5001800US1702,IL-02,1.0,10000.0,32060.0,1,
5001800US1702,IL-02,10000.0,25000.0,70120.0,1,
5001800US1702,IL-02,25000.0,50000.0,82480.0,1,
5001800US1702,IL-02,50000.0,75000.0,48080.0,1,
5001800US1702,IL-02,75000.0,100000.0,29570.0,1,
5001800US1702,IL-02,100000.0,200000.0,35660.0,1,
5001800US1702,IL-02,200000.0,500000.0,6290.0,1,
5001800US1702,IL-02,500000.0,inf,770.0,1,
5001800US1703,IL-03,-inf,1.0,4120.0,1,
5001800US1703,IL-03,1.0,10000.0,35170.0,1,
5001800US1703,IL-03,10000.0,25000.0,55350.0,1,
5001800US1703,IL-03,25000.0,50000.0,78410.0,1,
5001800US1703,IL-03,50000.0,75000.0,53530.0,1,
5001800US1703,IL-03,75000.0,100000.0,36180.0,1,
5001800US1703,IL-03,100000.0,200000.0,59770.0,1,
5001800US1703,IL-03,200000.0,500000.0,20820.0,1,
5001800US1703,IL-03,500000.0,inf,3770.0,1,
5001800US1704,IL-04,-inf,1.0,3790.0,1,
5001800US1704,IL-04,1.0,10000.0,29040.0,1,
5001800US1704,IL-04,10000.0,25000.0,55470.0,1,
5001800US1704,IL-04,25000.0,50000.0,92290.0,1,
5001800US1704,IL-04,50000.0,75000.0,51130.0,1,
5001800US1704,IL-04,75000.0,100000.0,26350.0,1,
5001800US1704,IL-04,100000.0,200000.0,30900.0,1,
5001800US1704,IL-04,200000.0,500000.0,9850.0,1,
5001800US1704,IL-04,500000.0,inf,1510.0,1,
5001800US1705,IL-05,-inf,1.0,4830.0,1,
5001800US1705,IL-05,1.0,10000.0,31900.0,1,
5001800US1705,IL-05,10000.0,25000.0,44350.0,1,
5001800US1705,IL-05,25000.0,50000.0,69680.0,1,
5001800US1705,IL-05,50000.0,75000.0,58590.0,1,
5001800US1705,IL-05,75000.0,100000.0,42010.0,1,
5001800US1705,IL-05,100000.0,200000.0,69770.0,1,
5001800US1705,IL-05,200000.0,500000.0,38090.0,1,
5001800US1705,IL-05,500000.0,inf,13530.0,1,
5001800US1706,IL-06,-inf,1.0,4940.0,1,
5001800US1706,IL-06,1.0,10000.0,37620.0,1,
5001800US1706,IL-06,10000.0,25000.0,39240.0,1,
5001800US1706,IL-06,25000.0,50000.0,56960.0,1,
5001800US1706,IL-06,50000.0,75000.0,46890.0,1,
5001800US1706,IL-06,75000.0,100000.0,36040.0,1,
5001800US1706,IL-06,100000.0,200000.0,83300.0,1,
5001800US1706,IL-06,200000.0,500000.0,49950.0,1,
5001800US1706,IL-06,500000.0,inf,13290.0,1,
5001800US1707,IL-07,-inf,1.0,5610.0,1,
5001800US1707,IL-07,1.0,10000.0,29410.0,1,
5001800US1707,IL-07,10000.0,25000.0,62190.0,1,
5001800US1707,IL-07,25000.0,50000.0,75670.0,1,
5001800US1707,IL-07,50000.0,75000.0,48520.0,1,
5001800US1707,IL-07,75000.0,100000.0,33050.0,1,
5001800US1707,IL-07,100000.0,200000.0,52790.0,1,
5001800US1707,IL-07,200000.0,500000.0,27630.0,1,
5001800US1707,IL-07,500000.0,inf,8760.0,1,
5001800US1708,IL-08,-inf,1.0,4440.0,1,
5001800US1708,IL-08,1.0,10000.0,33840.0,1,
5001800US1708,IL-08,10000.0,25000.0,52050.0,1,
5001800US1708,IL-08,25000.0,50000.0,84570.0,1,
5001800US1708,IL-08,50000.0,75000.0,59860.0,1,
5001800US1708,IL-08,75000.0,100000.0,38730.0,1,
5001800US1708,IL-08,100000.0,200000.0,61580.0,1,
5001800US1708,IL-08,200000.0,500000.0,17380.0,1,
5001800US1708,IL-08,500000.0,inf,2240.0,1,
5001800US1709,IL-09,-inf,1.0,5730.0,1,
5001800US1709,IL-09,1.0,10000.0,39540.0,1,
5001800US1709,IL-09,10000.0,25000.0,47050.0,1,
5001800US1709,IL-09,25000.0,50000.0,66630.0,1,
5001800US1709,IL-09,50000.0,75000.0,50460.0,1,
5001800US1709,IL-09,75000.0,100000.0,36630.0,1,
5001800US1709,IL-09,100000.0,200000.0,69730.0,1,
5001800US1709,IL-09,200000.0,500000.0,38640.0,1,
5001800US1709,IL-09,500000.0,inf,12730.0,1,
5001800US1710,IL-10,-inf,1.0,4920.0,1,
5001800US1710,IL-10,1.0,10000.0,36610.0,1,
5001800US1710,IL-10,10000.0,25000.0,46550.0,1,
5001800US1710,IL-10,25000.0,50000.0,70990.0,1,
5001800US1710,IL-10,50000.0,75000.0,47670.0,1,
5001800US1710,IL-10,75000.0,100000.0,31580.0,1,
5001800US1710,IL-10,100000.0,200000.0,59840.0,1,
5001800US1710,IL-10,200000.0,500000.0,36090.0,1,
5001800US1710,IL-10,500000.0,inf,12420.0,1,
5001800US1711,IL-11,-inf,1.0,3910.0,1,
5001800US1711,IL-11,1.0,10000.0,34340.0,1,
5001800US1711,IL-11,10000.0,25000.0,52620.0,1,
5001800US1711,IL-11,25000.0,50000.0,77330.0,1,
5001800US1711,IL-11,50000.0,75000.0,52030.0,1,
5001800US1711,IL-11,75000.0,100000.0,35180.0,1,
5001800US1711,IL-11,100000.0,200000.0,64170.0,1,
5001800US1711,IL-11,200000.0,500000.0,23040.0,1,
5001800US1711,IL-11,500000.0,inf,3640.0,1,
5001800US1712,IL-12,-inf,1.0,3950.0,1,
5001800US1712,IL-12,1.0,10000.0,32180.0,1,
5001800US1712,IL-12,10000.0,25000.0,54830.0,1,
5001800US1712,IL-12,25000.0,50000.0,73520.0,1,
5001800US1712,IL-12,50000.0,75000.0,44500.0,1,
5001800US1712,IL-12,75000.0,100000.0,29340.0,1,
5001800US1712,IL-12,100000.0,200000.0,48910.0,1,
5001800US1712,IL-12,200000.0,500000.0,10910.0,1,
5001800US1712,IL-12,500000.0,inf,1460.0,1,
5001800US1713,IL-13,-inf,1.0,3630.0,1,
5001800US1713,IL-13,1.0,10000.0,32220.0,1,
5001800US1713,IL-13,10000.0,25000.0,52360.0,1,
5001800US1713,IL-13,25000.0,50000.0,73480.0,1,
5001800US1713,IL-13,50000.0,75000.0,45480.0,1,
5001800US1713,IL-13,75000.0,100000.0,30430.0,1,
5001800US1713,IL-13,100000.0,200000.0,51130.0,1,
5001800US1713,IL-13,200000.0,500000.0,14050.0,1,
5001800US1713,IL-13,500000.0,inf,2260.0,1,
5001800US1714,IL-14,-inf,1.0,4320.0,1,
5001800US1714,IL-14,1.0,10000.0,38970.0,1,
5001800US1714,IL-14,10000.0,25000.0,45000.0,1,
5001800US1714,IL-14,25000.0,50000.0,64570.0,1,
5001800US1714,IL-14,50000.0,75000.0,49880.0,1,
5001800US1714,IL-14,75000.0,100000.0,39360.0,1,
5001800US1714,IL-14,100000.0,200000.0,91210.0,1,
5001800US1714,IL-14,200000.0,500000.0,39810.0,1,
5001800US1714,IL-14,500000.0,inf,5770.0,1,
5001800US1715,IL-15,-inf,1.0,4240.0,1,
5001800US1715,IL-15,1.0,10000.0,33990.0,1,
5001800US1715,IL-15,10000.0,25000.0,49870.0,1,
5001800US1715,IL-15,25000.0,50000.0,69640.0,1,
5001800US1715,IL-15,50000.0,75000.0,45920.0,1,
5001800US1715,IL-15,75000.0,100000.0,32620.0,1,
5001800US1715,IL-15,100000.0,200000.0,52280.0,1,
5001800US1715,IL-15,200000.0,500000.0,11760.0,1,
5001800US1715,IL-15,500000.0,inf,1890.0,1,
5001800US1716,IL-16,-inf,1.0,4250.0,1,
5001800US1716,IL-16,1.0,10000.0,34480.0,1,
5001800US1716,IL-16,10000.0,25000.0,52210.0,1,
5001800US1716,IL-16,25000.0,50000.0,76730.0,1,
5001800US1716,IL-16,50000.0,75000.0,51580.0,1,
5001800US1716,IL-16,75000.0,100000.0,36510.0,1,
5001800US1716,IL-16,100000.0,200000.0,61790.0,1,
5001800US1716,IL-16,200000.0,500000.0,13950.0,1,
5001800US1716,IL-16,500000.0,inf,1950.0,1,
5001800US1717,IL-17,-inf,1.0,4170.0,1,
5001800US1717,IL-17,1.0,10000.0,34720.0,1,
5001800US1717,IL-17,10000.0,25000.0,59970.0,1,
5001800US1717,IL-17,25000.0,50000.0,80150.0,1,
5001800US1717,IL-17,50000.0,75000.0,46860.0,1,
5001800US1717,IL-17,75000.0,100000.0,30230.0,1,
5001800US1717,IL-17,100000.0,200000.0,42450.0,1,
5001800US1717,IL-17,200000.0,500000.0,7920.0,1,
5001800US1717,IL-17,500000.0,inf,1160.0,1,
5001800US1718,,-inf,1.0,3700.0,1,
5001800US1718,,1.0,10000.0,33540.0,1,
5001800US1718,,10000.0,25000.0,46750.0,1,
5001800US1718,,25000.0,50000.0,70090.0,1,
5001800US1718,,50000.0,75000.0,49570.0,1,
5001800US1718,,75000.0,100000.0,36420.0,1,
5001800US1718,,100000.0,200000.0,69870.0,1,
5001800US1718,,200000.0,500000.0,21760.0,1,
5001800US1718,,500000.0,inf,3680.0,1,
5001800US1801,IN-01,-inf,1.0,4690.0,1,
5001800US1801,IN-01,1.0,10000.0,40060.0,1,
5001800US1801,IN-01,10000.0,25000.0,60530.0,1,
5001800US1801,IN-01,25000.0,50000.0,76220.0,1,
5001800US1801,IN-01,50000.0,75000.0,49340.0,1,
5001800US1801,IN-01,75000.0,100000.0,34800.0,1,
5001800US1801,IN-01,100000.0,200000.0,60850.0,1,
5001800US1801,IN-01,200000.0,500000.0,15270.0,1,
5001800US1801,IN-01,500000.0,inf,2450.0,1,
5001800US1802,IN-02,-inf,1.0,4760.0,1,
5001800US1802,IN-02,1.0,10000.0,42840.0,1,
5001800US1802,IN-02,10000.0,25000.0,55440.0,1,
5001800US1802,IN-02,25000.0,50000.0,84020.0,1,
5001800US1802,IN-02,50000.0,75000.0,56940.0,1,
5001800US1802,IN-02,75000.0,100000.0,34940.0,1,
5001800US1802,IN-02,100000.0,200000.0,47920.0,1,
5001800US1802,IN-02,200000.0,500000.0,10610.0,1,
5001800US1802,IN-02,500000.0,inf,2820.0,1,
5001800US1803,IN-03,-inf,1.0,4600.0,1,
5001800US1803,IN-03,1.0,10000.0,45310.0,1,
5001800US1803,IN-03,10000.0,25000.0,58620.0,1,
5001800US1803,IN-03,25000.0,50000.0,89530.0,1,
5001800US1803,IN-03,50000.0,75000.0,57810.0,1,
5001800US1803,IN-03,75000.0,100000.0,38550.0,1,
5001800US1803,IN-03,100000.0,200000.0,54990.0,1,
5001800US1803,IN-03,200000.0,500000.0,12860.0,1,
5001800US1803,IN-03,500000.0,inf,3190.0,1,
5001800US1804,IN-04,-inf,1.0,4670.0,1,
5001800US1804,IN-04,1.0,10000.0,44110.0,1,
5001800US1804,IN-04,10000.0,25000.0,56270.0,1,
5001800US1804,IN-04,25000.0,50000.0,82740.0,1,
5001800US1804,IN-04,50000.0,75000.0,55330.0,1,
5001800US1804,IN-04,75000.0,100000.0,37660.0,1,
5001800US1804,IN-04,100000.0,200000.0,62000.0,1,
5001800US1804,IN-04,200000.0,500000.0,14850.0,1,
5001800US1804,IN-04,500000.0,inf,2180.0,1,
5001800US1805,IN-05,-inf,1.0,5260.0,1,
5001800US1805,IN-05,1.0,10000.0,44280.0,1,
5001800US1805,IN-05,10000.0,25000.0,52450.0,1,
5001800US1805,IN-05,25000.0,50000.0,76170.0,1,
5001800US1805,IN-05,50000.0,75000.0,54310.0,1,
5001800US1805,IN-05,75000.0,100000.0,37870.0,1,
5001800US1805,IN-05,100000.0,200000.0,77690.0,1,
5001800US1805,IN-05,200000.0,500000.0,37710.0,1,
5001800US1805,IN-05,500000.0,inf,10130.0,1,
5001800US1806,IN-06,-inf,1.0,4810.0,1,
5001800US1806,IN-06,1.0,10000.0,42550.0,1,
5001800US1806,IN-06,10000.0,25000.0,55890.0,1,
5001800US1806,IN-06,25000.0,50000.0,80270.0,1,
5001800US1806,IN-06,50000.0,75000.0,52020.0,1,
5001800US1806,IN-06,75000.0,100000.0,34470.0,1,
5001800US1806,IN-06,100000.0,200000.0,52960.0,1,
5001800US1806,IN-06,200000.0,500000.0,11340.0,1,
5001800US1806,IN-06,500000.0,inf,1890.0,1,
5001800US1807,IN-07,-inf,1.0,4700.0,1,
5001800US1807,IN-07,1.0,10000.0,43190.0,1,
5001800US1807,IN-07,10000.0,25000.0,74550.0,1,
5001800US1807,IN-07,25000.0,50000.0,105990.0,1,
5001800US1807,IN-07,50000.0,75000.0,58480.0,1,
5001800US1807,IN-07,75000.0,100000.0,29490.0,1,
5001800US1807,IN-07,100000.0,200000.0,35930.0,1,
5001800US1807,IN-07,200000.0,500000.0,7510.0,1,
5001800US1807,IN-07,500000.0,inf,1410.0,1,
5001800US1808,IN-08,-inf,1.0,4540.0,1,
5001800US1808,IN-08,1.0,10000.0,44480.0,1,
5001800US1808,IN-08,10000.0,25000.0,56010.0,1,
5001800US1808,IN-08,25000.0,50000.0,77940.0,1,
5001800US1808,IN-08,50000.0,75000.0,50710.0,1,
5001800US1808,IN-08,75000.0,100000.0,34200.0,1,
5001800US1808,IN-08,100000.0,200000.0,50940.0,1,
5001800US1808,IN-08,200000.0,500000.0,10380.0,1,
5001800US1808,IN-08,500000.0,inf,2310.0,1,
5001800US1809,IN-09,-inf,1.0,4390.0,1,
5001800US1809,IN-09,1.0,10000.0,42100.0,1,
5001800US1809,IN-09,10000.0,25000.0,56300.0,1,
5001800US1809,IN-09,25000.0,50000.0,84810.0,1,
5001800US1809,IN-09,50000.0,75000.0,55640.0,1,
5001800US1809,IN-09,75000.0,100000.0,36820.0,1,
5001800US1809,IN-09,100000.0,200000.0,60030.0,1,
5001800US1809,IN-09,200000.0,500000.0,15300.0,1,
5001800US1809,IN-09,500000.0,inf,2490.0,1,
5001800US1901,IA-01,-inf,1.0,4590.0,1,
5001800US1901,IA-01,1.0,10000.0,32570.0,1,
5001800US1901,IA-01,10000.0,25000.0,54170.0,1,
5001800US1901,IA-01,25000.0,50000.0,85210.0,1,
5001800US1901,IA-01,50000.0,75000.0,58340.0,1,
5001800US1901,IA-01,75000.0,100000.0,39700.0,1,
5001800US1901,IA-01,100000.0,200000.0,66040.0,1,
5001800US1901,IA-01,200000.0,500000.0,15270.0,1,
5001800US1901,IA-01,500000.0,inf,2970.0,1,
5001800US1902,IA-02,-inf,1.0,4970.0,1,
5001800US1902,IA-02,1.0,10000.0,33070.0,1,
5001800US1902,IA-02,10000.0,25000.0,55630.0,1,
5001800US1902,IA-02,25000.0,50000.0,82270.0,1,
5001800US1902,IA-02,50000.0,75000.0,57220.0,1,
5001800US1902,IA-02,75000.0,100000.0,37520.0,1,
5001800US1902,IA-02,100000.0,200000.0,62170.0,1,
5001800US1902,IA-02,200000.0,500000.0,15970.0,1,
5001800US1902,IA-02,500000.0,inf,3090.0,1,
5001800US1903,IA-03,-inf,1.0,5280.0,1,
5001800US1903,IA-03,1.0,10000.0,35210.0,1,
5001800US1903,IA-03,10000.0,25000.0,55770.0,1,
5001800US1903,IA-03,25000.0,50000.0,92940.0,1,
5001800US1903,IA-03,50000.0,75000.0,67030.0,1,
5001800US1903,IA-03,75000.0,100000.0,43290.0,1,
5001800US1903,IA-03,100000.0,200000.0,79570.0,1,
5001800US1903,IA-03,200000.0,500000.0,26050.0,1,
5001800US1903,IA-03,500000.0,inf,5130.0,1,
5001800US1904,IA-04,-inf,1.0,5620.0,1,
5001800US1904,IA-04,1.0,10000.0,31070.0,1,
5001800US1904,IA-04,10000.0,25000.0,50560.0,1,
5001800US1904,IA-04,25000.0,50000.0,80210.0,1,
5001800US1904,IA-04,50000.0,75000.0,57340.0,1,
5001800US1904,IA-04,75000.0,100000.0,38140.0,1,
5001800US1904,IA-04,100000.0,200000.0,60320.0,1,
5001800US1904,IA-04,200000.0,500000.0,15030.0,1,
5001800US1904,IA-04,500000.0,inf,3060.0,1,
5001800US2001,KS-01,-inf,1.0,5580.0,1,
5001800US2001,KS-01,1.0,10000.0,35600.0,1,
5001800US2001,KS-01,10000.0,25000.0,51470.0,1,
5001800US2001,KS-01,25000.0,50000.0,78610.0,1,
5001800US2001,KS-01,50000.0,75000.0,51790.0,1,
5001800US2001,KS-01,75000.0,100000.0,31600.0,1,
5001800US2001,KS-01,100000.0,200000.0,44880.0,1,
5001800US2001,KS-01,200000.0,500000.0,10080.0,1,
5001800US2001,KS-01,500000.0,inf,1970.0,1,
5001800US2002,KS-02,-inf,1.0,5090.0,1,
5001800US2002,KS-02,1.0,10000.0,36870.0,1,
5001800US2002,KS-02,10000.0,25000.0,52350.0,1,
5001800US2002,KS-02,25000.0,50000.0,78690.0,1,
5001800US2002,KS-02,50000.0,75000.0,49080.0,1,
5001800US2002,KS-02,75000.0,100000.0,32170.0,1,
5001800US2002,KS-02,100000.0,200000.0,50870.0,1,
5001800US2002,KS-02,200000.0,500000.0,11760.0,1,
5001800US2002,KS-02,500000.0,inf,1830.0,1,
5001800US2003,KS-03,-inf,1.0,4320.0,1,
5001800US2003,KS-03,1.0,10000.0,36050.0,1,
5001800US2003,KS-03,10000.0,25000.0,48370.0,1,
5001800US2003,KS-03,25000.0,50000.0,76440.0,1,
5001800US2003,KS-03,50000.0,75000.0,55000.0,1,
5001800US2003,KS-03,75000.0,100000.0,37310.0,1,
5001800US2003,KS-03,100000.0,200000.0,76150.0,1,
5001800US2003,KS-03,200000.0,500000.0,35290.0,1,
5001800US2003,KS-03,500000.0,inf,8700.0,1,
5001800US2004,KS-04,-inf,1.0,4650.0,1,
5001800US2004,KS-04,1.0,10000.0,36720.0,1,
5001800US2004,KS-04,10000.0,25000.0,57730.0,1,
5001800US2004,KS-04,25000.0,50000.0,82880.0,1,
5001800US2004,KS-04,50000.0,75000.0,51250.0,1,
5001800US2004,KS-04,75000.0,100000.0,32510.0,1,
5001800US2004,KS-04,100000.0,200000.0,52320.0,1,
5001800US2004,KS-04,200000.0,500000.0,13640.0,1,
5001800US2004,KS-04,500000.0,inf,2810.0,1,
5001800US2101,KY-01,-inf,1.0,5380.0,1,
5001800US2101,KY-01,1.0,10000.0,36110.0,1,
5001800US2101,KY-01,10000.0,25000.0,58820.0,1,
5001800US2101,KY-01,25000.0,50000.0,78220.0,1,
5001800US2101,KY-01,50000.0,75000.0,43660.0,1,
5001800US2101,KY-01,75000.0,100000.0,28580.0,1,
5001800US2101,KY-01,100000.0,200000.0,37150.0,1,
5001800US2101,KY-01,200000.0,500000.0,6960.0,1,
5001800US2101,KY-01,500000.0,inf,1490.0,1,
5001800US2102,KY-02,-inf,1.0,5200.0,1,
5001800US2102,KY-02,1.0,10000.0,38560.0,1,
5001800US2102,KY-02,10000.0,25000.0,61980.0,1,
5001800US2102,KY-02,25000.0,50000.0,87150.0,1,
5001800US2102,KY-02,50000.0,75000.0,53490.0,1,
5001800US2102,KY-02,75000.0,100000.0,35000.0,1,
5001800US2102,KY-02,100000.0,200000.0,50130.0,1,
5001800US2102,KY-02,200000.0,500000.0,10090.0,1,
5001800US2102,KY-02,500000.0,inf,2040.0,1,
5001800US2103,KY-03,-inf,1.0,3970.0,1,
5001800US2103,KY-03,1.0,10000.0,37650.0,1,
5001800US2103,KY-03,10000.0,25000.0,64270.0,1,
5001800US2103,KY-03,25000.0,50000.0,95600.0,1,
5001800US2103,KY-03,50000.0,75000.0,54800.0,1,
5001800US2103,KY-03,75000.0,100000.0,31700.0,1,
5001800US2103,KY-03,100000.0,200000.0,49190.0,1,
5001800US2103,KY-03,200000.0,500000.0,16800.0,1,
5001800US2103,KY-03,500000.0,inf,3950.0,1,
5001800US2104,KY-04,-inf,1.0,4360.0,1,
5001800US2104,KY-04,1.0,10000.0,36710.0,1,
5001800US2104,KY-04,10000.0,25000.0,53870.0,1,
5001800US2104,KY-04,25000.0,50000.0,78480.0,1,
5001800US2104,KY-04,50000.0,75000.0,53490.0,1,
5001800US2104,KY-04,75000.0,100000.0,36010.0,1,
5001800US2104,KY-04,100000.0,200000.0,64970.0,1,
5001800US2104,KY-04,200000.0,500000.0,21300.0,1,
5001800US2104,KY-04,500000.0,inf,3990.0,1,
5001800US2105,KY-05,-inf,1.0,4840.0,1,
5001800US2105,KY-05,1.0,10000.0,31580.0,1,
5001800US2105,KY-05,10000.0,25000.0,54010.0,1,
5001800US2105,KY-05,25000.0,50000.0,64390.0,1,
5001800US2105,KY-05,50000.0,75000.0,34100.0,1,
5001800US2105,KY-05,75000.0,100000.0,21360.0,1,
5001800US2105,KY-05,100000.0,200000.0,25020.0,1,
5001800US2105,KY-05,200000.0,500000.0,4010.0,1,
5001800US2105,KY-05,500000.0,inf,960.0,1,
5001800US2106,KY-06,-inf,1.0,5350.0,1,
5001800US2106,KY-06,1.0,10000.0,37650.0,1,
5001800US2106,KY-06,10000.0,25000.0,61270.0,1,
5001800US2106,KY-06,25000.0,50000.0,87300.0,1,
5001800US2106,KY-06,50000.0,75000.0,52420.0,1,
5001800US2106,KY-06,75000.0,100000.0,33650.0,1,
5001800US2106,KY-06,100000.0,200000.0,53300.0,1,
5001800US2106,KY-06,200000.0,500000.0,14970.0,1,
5001800US2106,KY-06,500000.0,inf,3030.0,1,
5001800US2201,LA-01,-inf,1.0,6050.0,1,
5001800US2201,LA-01,1.0,10000.0,38970.0,1,
5001800US2201,LA-01,10000.0,25000.0,66580.0,1,
5001800US2201,LA-01,25000.0,50000.0,76600.0,1,
5001800US2201,LA-01,50000.0,75000.0,49320.0,1,
5001800US2201,LA-01,75000.0,100000.0,32010.0,1,
5001800US2201,LA-01,100000.0,200000.0,57850.0,1,
5001800US2201,LA-01,200000.0,500000.0,21790.0,1,
5001800US2201,LA-01,500000.0,inf,5560.0,1,
5001800US2202,LA-02,-inf,1.0,4720.0,1,
5001800US2202,LA-02,1.0,10000.0,35260.0,1,
5001800US2202,LA-02,10000.0,25000.0,90040.0,1,
5001800US2202,LA-02,25000.0,50000.0,83180.0,1,
5001800US2202,LA-02,50000.0,75000.0,40940.0,1,
5001800US2202,LA-02,75000.0,100000.0,20970.0,1,
5001800US2202,LA-02,100000.0,200000.0,29660.0,1,
5001800US2202,LA-02,200000.0,500000.0,8870.0,1,
5001800US2202,LA-02,500000.0,inf,1840.0,1,
5001800US2203,LA-03,-inf,1.0,5640.0,1,
5001800US2203,LA-03,1.0,10000.0,36420.0,1,
5001800US2203,LA-03,10000.0,25000.0,76610.0,1,
5001800US2203,LA-03,25000.0,50000.0,77690.0,1,
5001800US2203,LA-03,50000.0,75000.0,43220.0,1,
5001800US2203,LA-03,75000.0,100000.0,27930.0,1,
5001800US2203,LA-03,100000.0,200000.0,46780.0,1,
5001800US2203,LA-03,200000.0,500000.0,13160.0,1,
5001800US2203,LA-03,500000.0,inf,2990.0,1,
5001800US2204,LA-04,-inf,1.0,4610.0,1,
5001800US2204,LA-04,1.0,10000.0,31570.0,1,
5001800US2204,LA-04,10000.0,25000.0,68890.0,1,
5001800US2204,LA-04,25000.0,50000.0,74670.0,1,
5001800US2204,LA-04,50000.0,75000.0,41110.0,1,
5001800US2204,LA-04,75000.0,100000.0,24620.0,1,
5001800US2204,LA-04,100000.0,200000.0,38280.0,1,
5001800US2204,LA-04,200000.0,500000.0,9740.0,1,
5001800US2204,LA-04,500000.0,inf,2680.0,1,
5001800US2205,LA-05,-inf,1.0,5780.0,1,
5001800US2205,LA-05,1.0,10000.0,31210.0,1,
5001800US2205,LA-05,10000.0,25000.0,73470.0,1,
5001800US2205,LA-05,25000.0,50000.0,70990.0,1,
5001800US2205,LA-05,50000.0,75000.0,36720.0,1,
5001800US2205,LA-05,75000.0,100000.0,22540.0,1,
5001800US2205,LA-05,100000.0,200000.0,33550.0,1,
5001800US2205,LA-05,200000.0,500000.0,7990.0,1,
5001800US2205,LA-05,500000.0,inf,1700.0,1,
5001800US2206,LA-06,-inf,1.0,4820.0,1,
5001800US2206,LA-06,1.0,10000.0,33550.0,1,
5001800US2206,LA-06,10000.0,25000.0,68140.0,1,
5001800US2206,LA-06,25000.0,50000.0,78270.0,1,
5001800US2206,LA-06,50000.0,75000.0,49230.0,1,
5001800US2206,LA-06,75000.0,100000.0,32400.0,1,
5001800US2206,LA-06,100000.0,200000.0,60620.0,1,
5001800US2206,LA-06,200000.0,500000.0,19830.0,1,
5001800US2206,LA-06,500000.0,inf,4140.0,1,
5001800US2301,ME-01,-inf,1.0,6410.0,1,
5001800US2301,ME-01,1.0,10000.0,40860.0,1,
5001800US2301,ME-01,10000.0,25000.0,51160.0,1,
5001800US2301,ME-01,25000.0,50000.0,85860.0,1,
5001800US2301,ME-01,50000.0,75000.0,63240.0,1,
5001800US2301,ME-01,75000.0,100000.0,40100.0,1,
5001800US2301,ME-01,100000.0,200000.0,68310.0,1,
5001800US2301,ME-01,200000.0,500000.0,23160.0,1,
5001800US2301,ME-01,500000.0,inf,5120.0,1,
5001800US2302,ME-02,-inf,1.0,6180.0,1,
5001800US2302,ME-02,1.0,10000.0,39520.0,1,
5001800US2302,ME-02,10000.0,25000.0,51730.0,1,
5001800US2302,ME-02,25000.0,50000.0,83730.0,1,
5001800US2302,ME-02,50000.0,75000.0,50740.0,1,
5001800US2302,ME-02,75000.0,100000.0,30510.0,1,
5001800US2302,ME-02,100000.0,200000.0,42450.0,1,
5001800US2302,ME-02,200000.0,500000.0,9020.0,1,
5001800US2302,ME-02,500000.0,inf,1580.0,1,
5001800US2401,MD-01,-inf,1.0,4750.0,1,
5001800US2401,MD-01,1.0,10000.0,39810.0,1,
5001800US2401,MD-01,10000.0,25000.0,53600.0,1,
5001800US2401,MD-01,25000.0,50000.0,76150.0,1,
5001800US2401,MD-01,50000.0,75000.0,51960.0,1,
5001800US2401,MD-01,75000.0,100000.0,37490.0,1,
5001800US2401,MD-01,100000.0,200000.0,75870.0,1,
5001800US2401,MD-01,200000.0,500000.0,26910.0,1,
5001800US2401,MD-01,500000.0,inf,4040.0,1,
5001800US2402,MD-02,-inf,1.0,4550.0,1,
5001800US2402,MD-02,1.0,10000.0,42220.0,1,
5001800US2402,MD-02,10000.0,25000.0,62200.0,1,
5001800US2402,MD-02,25000.0,50000.0,89620.0,1,
5001800US2402,MD-02,50000.0,75000.0,59750.0,1,
5001800US2402,MD-02,75000.0,100000.0,39360.0,1,
5001800US2402,MD-02,100000.0,200000.0,64130.0,1,
5001800US2402,MD-02,200000.0,500000.0,17930.0,1,
5001800US2402,MD-02,500000.0,inf,1960.0,1,
5001800US2403,MD-03,-inf,1.0,4420.0,1,
5001800US2403,MD-03,1.0,10000.0,39550.0,1,
5001800US2403,MD-03,10000.0,25000.0,50730.0,1,
5001800US2403,MD-03,25000.0,50000.0,71950.0,1,
5001800US2403,MD-03,50000.0,75000.0,56680.0,1,
5001800US2403,MD-03,75000.0,100000.0,40770.0,1,
5001800US2403,MD-03,100000.0,200000.0,77460.0,1,
5001800US2403,MD-03,200000.0,500000.0,36670.0,1,
5001800US2403,MD-03,500000.0,inf,7320.0,1,
5001800US2404,MD-04,-inf,1.0,4350.0,1,
5001800US2404,MD-04,1.0,10000.0,47030.0,1,
5001800US2404,MD-04,10000.0,25000.0,60430.0,1,
5001800US2404,MD-04,25000.0,50000.0,84890.0,1,
5001800US2404,MD-04,50000.0,75000.0,62220.0,1,
5001800US2404,MD-04,75000.0,100000.0,41700.0,1,
5001800US2404,MD-04,100000.0,200000.0,69060.0,1,
5001800US2404,MD-04,200000.0,500000.0,24480.0,1,
5001800US2404,MD-04,500000.0,inf,2890.0,1,
5001800US2405,MD-05,-inf,1.0,5230.0,1,
5001800US2405,MD-05,1.0,10000.0,40000.0,1,
5001800US2405,MD-05,10000.0,25000.0,51860.0,1,
5001800US2405,MD-05,25000.0,50000.0,74600.0,1,
5001800US2405,MD-05,50000.0,75000.0,58600.0,1,
5001800US2405,MD-05,75000.0,100000.0,46540.0,1,
5001800US2405,MD-05,100000.0,200000.0,94260.0,1,
5001800US2405,MD-05,200000.0,500000.0,31400.0,1,
5001800US2405,MD-05,500000.0,inf,2350.0,1,
5001800US2406,MD-06,-inf,1.0,5240.0,1,
5001800US2406,MD-06,1.0,10000.0,46950.0,1,
5001800US2406,MD-06,10000.0,25000.0,55990.0,1,
5001800US2406,MD-06,25000.0,50000.0,77580.0,1,
5001800US2406,MD-06,50000.0,75000.0,53020.0,1,
5001800US2406,MD-06,75000.0,100000.0,37290.0,1,
5001800US2406,MD-06,100000.0,200000.0,73570.0,1,
5001800US2406,MD-06,200000.0,500000.0,35090.0,1,
5001800US2406,MD-06,500000.0,inf,5980.0,1,
5001800US2407,MD-07,-inf,1.0,5000.0,1,
5001800US2407,MD-07,1.0,10000.0,37310.0,1,
5001800US2407,MD-07,10000.0,25000.0,54630.0,1,
5001800US2407,MD-07,25000.0,50000.0,71810.0,1,
5001800US2407,MD-07,50000.0,75000.0,44950.0,1,
5001800US2407,MD-07,75000.0,100000.0,27730.0,1,
5001800US2407,MD-07,100000.0,200000.0,49190.0,1,
5001800US2407,MD-07,200000.0,500000.0,26360.0,1,
5001800US2407,MD-07,500000.0,inf,5070.0,1,
5001800US2408,MD-08,-inf,1.0,5960.0,1,
5001800US2408,MD-08,1.0,10000.0,46190.0,1,
5001800US2408,MD-08,10000.0,25000.0,47530.0,1,
5001800US2408,MD-08,25000.0,50000.0,63970.0,1,
5001800US2408,MD-08,50000.0,75000.0,49150.0,1,
5001800US2408,MD-08,75000.0,100000.0,37110.0,1,
5001800US2408,MD-08,100000.0,200000.0,85450.0,1,
5001800US2408,MD-08,200000.0,500000.0,53360.0,1,
5001800US2408,MD-08,500000.0,inf,13800.0,1,
5001800US2501,MA-01,-inf,1.0,4970.0,1,
5001800US2501,MA-01,1.0,10000.0,43150.0,1,
5001800US2501,MA-01,10000.0,25000.0,60340.0,1,
5001800US2501,MA-01,25000.0,50000.0,90830.0,1,
5001800US2501,MA-01,50000.0,75000.0,61200.0,1,
5001800US2501,MA-01,75000.0,100000.0,37580.0,1,
5001800US2501,MA-01,100000.0,200000.0,59820.0,1,
5001800US2501,MA-01,200000.0,500000.0,17090.0,1,
5001800US2501,MA-01,500000.0,inf,3050.0,1,
5001800US2502,MA-02,-inf,1.0,5130.0,1,
5001800US2502,MA-02,1.0,10000.0,44930.0,1,
5001800US2502,MA-02,10000.0,25000.0,54290.0,1,
5001800US2502,MA-02,25000.0,50000.0,82360.0,1,
5001800US2502,MA-02,50000.0,75000.0,61910.0,1,
5001800US2502,MA-02,75000.0,100000.0,41470.0,1,
5001800US2502,MA-02,100000.0,200000.0,75290.0,1,
5001800US2502,MA-02,200000.0,500000.0,30190.0,1,
5001800US2502,MA-02,500000.0,inf,4890.0,1,
5001800US2503,MA-03,-inf,1.0,4450.0,1,
5001800US2503,MA-03,1.0,10000.0,45440.0,1,
5001800US2503,MA-03,10000.0,25000.0,55410.0,1,
5001800US2503,MA-03,25000.0,50000.0,84510.0,1,
5001800US2503,MA-03,50000.0,75000.0,60070.0,1,
5001800US2503,MA-03,75000.0,100000.0,39180.0,1,
5001800US2503,MA-03,100000.0,200000.0,70470.0,1,
5001800US2503,MA-03,200000.0,500000.0,35190.0,1,
5001800US2503,MA-03,500000.0,inf,7200.0,1,
5001800US2504,MA-04,-inf,1.0,4570.0,1,
5001800US2504,MA-04,1.0,10000.0,43450.0,1,
5001800US2504,MA-04,10000.0,25000.0,42360.0,1,
5001800US2504,MA-04,25000.0,50000.0,60630.0,1,
5001800US2504,MA-04,50000.0,75000.0,50220.0,1,
5001800US2504,MA-04,75000.0,100000.0,36960.0,1,
5001800US2504,MA-04,100000.0,200000.0,77810.0,1,
5001800US2504,MA-04,200000.0,500000.0,51180.0,1,
5001800US2504,MA-04,500000.0,inf,19290.0,1,
5001800US2505,MA-05,-inf,1.0,5650.0,1,
5001800US2505,MA-05,1.0,10000.0,40050.0,1,
5001800US2505,MA-05,10000.0,25000.0,42730.0,1,
5001800US2505,MA-05,25000.0,50000.0,61580.0,1,
5001800US2505,MA-05,50000.0,75000.0,54810.0,1,
5001800US2505,MA-05,75000.0,100000.0,40410.0,1,
5001800US2505,MA-05,100000.0,200000.0,78710.0,1,
5001800US2505,MA-05,200000.0,500000.0,54610.0,1,
5001800US2505,MA-05,500000.0,inf,16880.0,1,
5001800US2506,MA-06,-inf,1.0,4730.0,1,
5001800US2506,MA-06,1.0,10000.0,43780.0,1,
5001800US2506,MA-06,10000.0,25000.0,46820.0,1,
5001800US2506,MA-06,25000.0,50000.0,66540.0,1,
5001800US2506,MA-06,50000.0,75000.0,56210.0,1,
5001800US2506,MA-06,75000.0,100000.0,41600.0,1,
5001800US2506,MA-06,100000.0,200000.0,85320.0,1,
5001800US2506,MA-06,200000.0,500000.0,46750.0,1,
5001800US2506,MA-06,500000.0,inf,10470.0,1,
5001800US2507,MA-07,-inf,1.0,4470.0,1,
5001800US2507,MA-07,1.0,10000.0,35740.0,1,
5001800US2507,MA-07,10000.0,25000.0,54950.0,1,
5001800US2507,MA-07,25000.0,50000.0,84890.0,1,
5001800US2507,MA-07,50000.0,75000.0,65040.0,1,
5001800US2507,MA-07,75000.0,100000.0,39060.0,1,
5001800US2507,MA-07,100000.0,200000.0,54720.0,1,
5001800US2507,MA-07,200000.0,500000.0,23640.0,1,
5001800US2507,MA-07,500000.0,inf,6910.0,1,
5001800US2508,MA-08,-inf,1.0,4600.0,1,
5001800US2508,MA-08,1.0,10000.0,41630.0,1,
5001800US2508,MA-08,10000.0,25000.0,48590.0,1,
5001800US2508,MA-08,25000.0,50000.0,73670.0,1,
5001800US2508,MA-08,50000.0,75000.0,65030.0,1,
5001800US2508,MA-08,75000.0,100000.0,47820.0,1,
5001800US2508,MA-08,100000.0,200000.0,86160.0,1,
5001800US2508,MA-08,200000.0,500000.0,43770.0,1,
5001800US2508,MA-08,500000.0,inf,11490.0,1,
5001800US2509,MA-09,-inf,1.0,5350.0,1,
5001800US2509,MA-09,1.0,10000.0,47820.0,1,
5001800US2509,MA-09,10000.0,25000.0,56030.0,1,
5001800US2509,MA-09,25000.0,50000.0,80350.0,1,
5001800US2509,MA-09,50000.0,75000.0,60970.0,1,
5001800US2509,MA-09,75000.0,100000.0,42150.0,1,
5001800US2509,MA-09,100000.0,200000.0,79070.0,1,
5001800US2509,MA-09,200000.0,500000.0,31970.0,1,
5001800US2509,MA-09,500000.0,inf,7250.0,1,
5001800US2601,MI-01,-inf,1.0,5980.0,1,
5001800US2601,MI-01,1.0,10000.0,47840.0,1,
5001800US2601,MI-01,10000.0,25000.0,58780.0,1,
5001800US2601,MI-01,25000.0,50000.0,82700.0,1,
5001800US2601,MI-01,50000.0,75000.0,51540.0,1,
5001800US2601,MI-01,75000.0,100000.0,33890.0,1,
5001800US2601,MI-01,100000.0,200000.0,49790.0,1,
5001800US2601,MI-01,200000.0,500000.0,12290.0,1,
5001800US2601,MI-01,500000.0,inf,2910.0,1,
5001800US2602,MI-02,-inf,1.0,4540.0,1,
5001800US2602,MI-02,1.0,10000.0,48530.0,1,
5001800US2602,MI-02,10000.0,25000.0,59220.0,1,
5001800US2602,MI-02,25000.0,50000.0,88660.0,1,
5001800US2602,MI-02,50000.0,75000.0,56770.0,1,
5001800US2602,MI-02,75000.0,100000.0,36860.0,1,
5001800US2602,MI-02,100000.0,200000.0,55140.0,1,
5001800US2602,MI-02,200000.0,500000.0,12670.0,1,
5001800US2602,MI-02,500000.0,inf,2750.0,1,
5001800US2603,MI-03,-inf,1.0,4130.0,1,
5001800US2603,MI-03,1.0,10000.0,44160.0,1,
5001800US2603,MI-03,10000.0,25000.0,55930.0,1,
5001800US2603,MI-03,25000.0,50000.0,82930.0,1,
5001800US2603,MI-03,50000.0,75000.0,53690.0,1,
5001800US2603,MI-03,75000.0,100000.0,34800.0,1,
5001800US2603,MI-03,100000.0,200000.0,57790.0,1,
5001800US2603,MI-03,200000.0,500000.0,17900.0,1,
5001800US2603,MI-03,500000.0,inf,4400.0,1,
5001800US2604,MI-04,-inf,1.0,5110.0,1,
5001800US2604,MI-04,1.0,10000.0,44730.0,1,
5001800US2604,MI-04,10000.0,25000.0,56770.0,1,
5001800US2604,MI-04,25000.0,50000.0,76840.0,1,
5001800US2604,MI-04,50000.0,75000.0,48150.0,1,
5001800US2604,MI-04,75000.0,100000.0,31790.0,1,
5001800US2604,MI-04,100000.0,200000.0,48550.0,1,
5001800US2604,MI-04,200000.0,500000.0,11330.0,1,
5001800US2604,MI-04,500000.0,inf,2050.0,1,
5001800US2605,MI-05,-inf,1.0,4200.0,1,
5001800US2605,MI-05,1.0,10000.0,45160.0,1,
5001800US2605,MI-05,10000.0,25000.0,69280.0,1,
5001800US2605,MI-05,25000.0,50000.0,79960.0,1,
5001800US2605,MI-05,50000.0,75000.0,44440.0,1,
5001800US2605,MI-05,75000.0,100000.0,28360.0,1,
5001800US2605,MI-05,100000.0,200000.0,39850.0,1,
5001800US2605,MI-05,200000.0,500000.0,8080.0,1,
5001800US2605,MI-05,500000.0,inf,1430.0,1,
5001800US2606,MI-06,-inf,1.0,4820.0,1,
5001800US2606,MI-06,1.0,10000.0,44570.0,1,
5001800US2606,MI-06,10000.0,25000.0,56520.0,1,
5001800US2606,MI-06,25000.0,50000.0,78980.0,1,
5001800US2606,MI-06,50000.0,75000.0,50780.0,1,
5001800US2606,MI-06,75000.0,100000.0,33260.0,1,
5001800US2606,MI-06,100000.0,200000.0,53460.0,1,
5001800US2606,MI-06,200000.0,500000.0,14950.0,1,
5001800US2606,MI-06,500000.0,inf,3380.0,1,
5001800US2607,MI-07,-inf,1.0,4580.0,1,
5001800US2607,MI-07,1.0,10000.0,41510.0,1,
5001800US2607,MI-07,10000.0,25000.0,53210.0,1,
5001800US2607,MI-07,25000.0,50000.0,75890.0,1,
5001800US2607,MI-07,50000.0,75000.0,50820.0,1,
5001800US2607,MI-07,75000.0,100000.0,35730.0,1,
5001800US2607,MI-07,100000.0,200000.0,59220.0,1,
5001800US2607,MI-07,200000.0,500000.0,14510.0,1,
5001800US2607,MI-07,500000.0,inf,2210.0,1,
5001800US2608,MI-08,-inf,1.0,4510.0,1,
5001800US2608,MI-08,1.0,10000.0,43110.0,1,
5001800US2608,MI-08,10000.0,25000.0,50840.0,1,
5001800US2608,MI-08,25000.0,50000.0,68520.0,1,
5001800US2608,MI-08,50000.0,75000.0,47050.0,1,
5001800US2608,MI-08,75000.0,100000.0,35000.0,1,
5001800US2608,MI-08,100000.0,200000.0,73450.0,1,
5001800US2608,MI-08,200000.0,500000.0,29280.0,1,
5001800US2608,MI-08,500000.0,inf,5140.0,1,
5001800US2609,MI-09,-inf,1.0,5020.0,1,
5001800US2609,MI-09,1.0,10000.0,48510.0,1,
5001800US2609,MI-09,10000.0,25000.0,61720.0,1,
5001800US2609,MI-09,25000.0,50000.0,85800.0,1,
5001800US2609,MI-09,50000.0,75000.0,56640.0,1,
5001800US2609,MI-09,75000.0,100000.0,37270.0,1,
5001800US2609,MI-09,100000.0,200000.0,55130.0,1,
5001800US2609,MI-09,200000.0,500000.0,17020.0,1,
5001800US2609,MI-09,500000.0,inf,4630.0,1,
5001800US2610,MI-10,-inf,1.0,5150.0,1,
5001800US2610,MI-10,1.0,10000.0,48070.0,1,
5001800US2610,MI-10,10000.0,25000.0,58270.0,1,
5001800US2610,MI-10,25000.0,50000.0,78040.0,1,
5001800US2610,MI-10,50000.0,75000.0,52210.0,1,
5001800US2610,MI-10,75000.0,100000.0,37910.0,1,
5001800US2610,MI-10,100000.0,200000.0,68280.0,1,
5001800US2610,MI-10,200000.0,500000.0,18140.0,1,
5001800US2610,MI-10,500000.0,inf,2620.0,1,
5001800US2611,MI-11,-inf,1.0,4820.0,1,
5001800US2611,MI-11,1.0,10000.0,44100.0,1,
5001800US2611,MI-11,10000.0,25000.0,47130.0,1,
5001800US2611,MI-11,25000.0,50000.0,64390.0,1,
5001800US2611,MI-11,50000.0,75000.0,50340.0,1,
5001800US2611,MI-11,75000.0,100000.0,40020.0,1,
5001800US2611,MI-11,100000.0,200000.0,86240.0,1,
5001800US2611,MI-11,200000.0,500000.0,40380.0,1,
5001800US2611,MI-11,500000.0,inf,8540.0,1,
5001800US2612,MI-12,-inf,1.0,4370.0,1,
5001800US2612,MI-12,1.0,10000.0,44760.0,1,
5001800US2612,MI-12,10000.0,25000.0,60400.0,1,
5001800US2612,MI-12,25000.0,50000.0,77720.0,1,
5001800US2612,MI-12,50000.0,75000.0,50210.0,1,
5001800US2612,MI-12,75000.0,100000.0,33870.0,1,
5001800US2612,MI-12,100000.0,200000.0,55510.0,1,
5001800US2612,MI-12,200000.0,500000.0,18480.0,1,
5001800US2612,MI-12,500000.0,inf,3430.0,1,
5001800US2613,MI-13,-inf,1.0,4050.0,1,
5001800US2613,MI-13,1.0,10000.0,44080.0,1,
5001800US2613,MI-13,10000.0,25000.0,77340.0,1,
5001800US2613,MI-13,25000.0,50000.0,76540.0,1,
5001800US2613,MI-13,50000.0,75000.0,36910.0,1,
5001800US2613,MI-13,75000.0,100000.0,19040.0,1,
5001800US2613,MI-13,100000.0,200000.0,20750.0,1,
5001800US2613,MI-13,200000.0,500000.0,2840.0,1,
5001800US2613,MI-13,500000.0,inf,380.0,1,
5001800US2614,,-inf,1.0,4900.0,1,
5001800US2614,,1.0,10000.0,41480.0,1,
5001800US2614,,10000.0,25000.0,70120.0,1,
5001800US2614,,25000.0,50000.0,67840.0,1,
5001800US2614,,50000.0,75000.0,36710.0,1,
5001800US2614,,75000.0,100000.0,22680.0,1,
5001800US2614,,100000.0,200000.0,37070.0,1,
5001800US2614,,200000.0,500000.0,14940.0,1,
5001800US2614,,500000.0,inf,3690.0,1,
5001800US2701,MN-01,-inf,1.0,4050.0,1,
5001800US2701,MN-01,1.0,10000.0,36110.0,1,
5001800US2701,MN-01,10000.0,25000.0,48250.0,1,
5001800US2701,MN-01,25000.0,50000.0,77230.0,1,
5001800US2701,MN-01,50000.0,75000.0,55090.0,1,
5001800US2701,MN-01,75000.0,100000.0,35280.0,1,
5001800US2701,MN-01,100000.0,200000.0,60540.0,1,
5001800US2701,MN-01,200000.0,500000.0,15090.0,1,
5001800US2701,MN-01,500000.0,inf,3170.0,1,
5001800US2702,MN-02,-inf,1.0,3630.0,1,
5001800US2702,MN-02,1.0,10000.0,36980.0,1,
5001800US2702,MN-02,10000.0,25000.0,45950.0,1,
5001800US2702,MN-02,25000.0,50000.0,70650.0,1,
5001800US2702,MN-02,50000.0,75000.0,57760.0,1,
5001800US2702,MN-02,75000.0,100000.0,40730.0,1,
5001800US2702,MN-02,100000.0,200000.0,82850.0,1,
5001800US2702,MN-02,200000.0,500000.0,30530.0,1,
5001800US2702,MN-02,500000.0,inf,4830.0,1,
5001800US2703,MN-03,-inf,1.0,4170.0,1,
5001800US2703,MN-03,1.0,10000.0,37040.0,1,
5001800US2703,MN-03,10000.0,25000.0,43810.0,1,
5001800US2703,MN-03,25000.0,50000.0,66470.0,1,
5001800US2703,MN-03,50000.0,75000.0,55760.0,1,
5001800US2703,MN-03,75000.0,100000.0,38280.0,1,
5001800US2703,MN-03,100000.0,200000.0,79120.0,1,
5001800US2703,MN-03,200000.0,500000.0,44660.0,1,
5001800US2703,MN-03,500000.0,inf,11830.0,1,
5001800US2704,MN-04,-inf,1.0,3750.0,1,
5001800US2704,MN-04,1.0,10000.0,36020.0,1,
5001800US2704,MN-04,10000.0,25000.0,49060.0,1,
5001800US2704,MN-04,25000.0,50000.0,79100.0,1,
5001800US2704,MN-04,50000.0,75000.0,57970.0,1,
5001800US2704,MN-04,75000.0,100000.0,35480.0,1,
5001800US2704,MN-04,100000.0,200000.0,63040.0,1,
5001800US2704,MN-04,200000.0,500000.0,26360.0,1,
5001800US2704,MN-04,500000.0,inf,5100.0,1,
5001800US2705,MN-05,-inf,1.0,4080.0,1,
5001800US2705,MN-05,1.0,10000.0,33080.0,1,
5001800US2705,MN-05,10000.0,25000.0,52350.0,1,
5001800US2705,MN-05,25000.0,50000.0,84170.0,1,
5001800US2705,MN-05,50000.0,75000.0,62510.0,1,
5001800US2705,MN-05,75000.0,100000.0,37020.0,1,
5001800US2705,MN-05,100000.0,200000.0,56040.0,1,
5001800US2705,MN-05,200000.0,500000.0,22140.0,1,
5001800US2705,MN-05,500000.0,inf,5480.0,1,
5001800US2706,MN-06,-inf,1.0,3770.0,1,
5001800US2706,MN-06,1.0,10000.0,37970.0,1,
5001800US2706,MN-06,10000.0,25000.0,48820.0,1,
5001800US2706,MN-06,25000.0,50000.0,72120.0,1,
5001800US2706,MN-06,50000.0,75000.0,57720.0,1,
5001800US2706,MN-06,75000.0,100000.0,41030.0,1,
5001800US2706,MN-06,100000.0,200000.0,82680.0,1,
5001800US2706,MN-06,200000.0,500000.0,23580.0,1,
5001800US2706,MN-06,500000.0,inf,3710.0,1,
5001800US2707,MN-07,-inf,1.0,4670.0,1,
5001800US2707,MN-07,1.0,10000.0,35560.0,1,
5001800US2707,MN-07,10000.0,25000.0,47960.0,1,
5001800US2707,MN-07,25000.0,50000.0,73080.0,1,
5001800US2707,MN-07,50000.0,75000.0,52550.0,1,
5001800US2707,MN-07,75000.0,100000.0,34690.0,1,
5001800US2707,MN-07,100000.0,200000.0,56280.0,1,
5001800US2707,MN-07,200000.0,500000.0,12620.0,1,
5001800US2707,MN-07,500000.0,inf,2170.0,1,
5001800US2708,MN-08,-inf,1.0,4600.0,1,
5001800US2708,MN-08,1.0,10000.0,36050.0,1,
5001800US2708,MN-08,10000.0,25000.0,50470.0,1,
5001800US2708,MN-08,25000.0,50000.0,75860.0,1,
5001800US2708,MN-08,50000.0,75000.0,52850.0,1,
5001800US2708,MN-08,75000.0,100000.0,35910.0,1,
5001800US2708,MN-08,100000.0,200000.0,58320.0,1,
5001800US2708,MN-08,200000.0,500000.0,11910.0,1,
5001800US2708,MN-08,500000.0,inf,2140.0,1,
5001800US2801,MS-01,-inf,1.0,4690.0,1,
5001800US2801,MS-01,1.0,10000.0,32480.0,1,
5001800US2801,MS-01,10000.0,25000.0,71160.0,1,
5001800US2801,MS-01,25000.0,50000.0,87200.0,1,
5001800US2801,MS-01,50000.0,75000.0,46430.0,1,
5001800US2801,MS-01,75000.0,100000.0,28790.0,1,
5001800US2801,MS-01,100000.0,200000.0,41450.0,1,
5001800US2801,MS-01,200000.0,500000.0,9670.0,1,
5001800US2801,MS-01,500000.0,inf,1920.0,1,
5001800US2802,MS-02,-inf,1.0,4530.0,1,
5001800US2802,MS-02,1.0,10000.0,28780.0,1,
5001800US2802,MS-02,10000.0,25000.0,82310.0,1,
5001800US2802,MS-02,25000.0,50000.0,77420.0,1,
5001800US2802,MS-02,50000.0,75000.0,31920.0,1,
5001800US2802,MS-02,75000.0,100000.0,16850.0,1,
5001800US2802,MS-02,100000.0,200000.0,22400.0,1,
5001800US2802,MS-02,200000.0,500000.0,5020.0,1,
5001800US2802,MS-02,500000.0,inf,870.0,1,
5001800US2803,MS-03,-inf,1.0,5540.0,1,
5001800US2803,MS-03,1.0,10000.0,31500.0,1,
5001800US2803,MS-03,10000.0,25000.0,67790.0,1,
5001800US2803,MS-03,25000.0,50000.0,76760.0,1,
5001800US2803,MS-03,50000.0,75000.0,41210.0,1,
5001800US2803,MS-03,75000.0,100000.0,26560.0,1,
5001800US2803,MS-03,100000.0,200000.0,42760.0,1,
5001800US2803,MS-03,200000.0,500000.0,13030.0,1,
5001800US2803,MS-03,500000.0,inf,3260.0,1,
5001800US2804,MS-04,-inf,1.0,5540.0,1,
5001800US2804,MS-04,1.0,10000.0,32720.0,1,
5001800US2804,MS-04,10000.0,25000.0,73180.0,1,
5001800US2804,MS-04,25000.0,50000.0,80330.0,1,
5001800US2804,MS-04,50000.0,75000.0,44650.0,1,
5001800US2804,MS-04,75000.0,100000.0,28360.0,1,
5001800US2804,MS-04,100000.0,200000.0,42160.0,1,
5001800US2804,MS-04,200000.0,500000.0,9920.0,1,
5001800US2804,MS-04,500000.0,inf,2000.0,1,
5001800US2901,MO-01,-inf,1.0,4760.0,1,
5001800US2901,MO-01,1.0,10000.0,36470.0,1,
5001800US2901,MO-01,10000.0,25000.0,69360.0,1,
5001800US2901,MO-01,25000.0,50000.0,90970.0,1,
5001800US2901,MO-01,50000.0,75000.0,49380.0,1,
5001800US2901,MO-01,75000.0,100000.0,25460.0,1,
5001800US2901,MO-01,100000.0,200000.0,33310.0,1,
5001800US2901,MO-01,200000.0,500000.0,10060.0,1,
5001800US2901,MO-01,500000.0,inf,2250.0,1,
5001800US2902,MO-02,-inf,1.0,4730.0,1,
5001800US2902,MO-02,1.0,10000.0,36970.0,1,
5001800US2902,MO-02,10000.0,25000.0,44910.0,1,
5001800US2902,MO-02,25000.0,50000.0,68370.0,1,
5001800US2902,MO-02,50000.0,75000.0,52950.0,1,
5001800US2902,MO-02,75000.0,100000.0,40470.0,1,
5001800US2902,MO-02,100000.0,200000.0,87860.0,1,
5001800US2902,MO-02,200000.0,500000.0,43630.0,1,
5001800US2902,MO-02,500000.0,inf,11450.0,1,
5001800US2903,MO-03,-inf,1.0,5650.0,1,
5001800US2903,MO-03,1.0,10000.0,40000.0,1,
5001800US2903,MO-03,10000.0,25000.0,58680.0,1,
5001800US2903,MO-03,25000.0,50000.0,89830.0,1,
5001800US2903,MO-03,50000.0,75000.0,60470.0,1,
5001800US2903,MO-03,75000.0,100000.0,43690.0,1,
5001800US2903,MO-03,100000.0,200000.0,75500.0,1,
5001800US2903,MO-03,200000.0,500000.0,18500.0,1,
5001800US2903,MO-03,500000.0,inf,2580.0,1,
5001800US2904,MO-04,-inf,1.0,6730.0,1,
5001800US2904,MO-04,1.0,10000.0,38910.0,1,
5001800US2904,MO-04,10000.0,25000.0,58220.0,1,
5001800US2904,MO-04,25000.0,50000.0,86570.0,1,
5001800US2904,MO-04,50000.0,75000.0,51810.0,1,
5001800US2904,MO-04,75000.0,100000.0,34630.0,1,
5001800US2904,MO-04,100000.0,200000.0,48570.0,1,
5001800US2904,MO-04,200000.0,500000.0,11170.0,1,
5001800US2904,MO-04,500000.0,inf,2130.0,1,
5001800US2905,MO-05,-inf,1.0,4840.0,1,
5001800US2905,MO-05,1.0,10000.0,39120.0,1,
5001800US2905,MO-05,10000.0,25000.0,64260.0,1,
5001800US2905,MO-05,25000.0,50000.0,97270.0,1,
5001800US2905,MO-05,50000.0,75000.0,60630.0,1,
5001800US2905,MO-05,75000.0,100000.0,35740.0,1,
5001800US2905,MO-05,100000.0,200000.0,48570.0,1,
5001800US2905,MO-05,200000.0,500000.0,12590.0,1,
5001800US2905,MO-05,500000.0,inf,2360.0,1,
5001800US2906,MO-06,-inf,1.0,6060.0,1,
5001800US2906,MO-06,1.0,10000.0,37520.0,1,
5001800US2906,MO-06,10000.0,25000.0,54230.0,1,
5001800US2906,MO-06,25000.0,50000.0,80050.0,1,
5001800US2906,MO-06,50000.0,75000.0,53950.0,1,
5001800US2906,MO-06,75000.0,100000.0,38360.0,1,
5001800US2906,MO-06,100000.0,200000.0,65230.0,1,
5001800US2906,MO-06,200000.0,500000.0,18040.0,1,
5001800US2906,MO-06,500000.0,inf,3010.0,1,
5001800US2907,MO-07,-inf,1.0,6800.0,1,
5001800US2907,MO-07,1.0,10000.0,45420.0,1,
5001800US2907,MO-07,10000.0,25000.0,66810.0,1,
5001800US2907,MO-07,25000.0,50000.0,98120.0,1,
5001800US2907,MO-07,50000.0,75000.0,54010.0,1,
5001800US2907,MO-07,75000.0,100000.0,33960.0,1,
5001800US2907,MO-07,100000.0,200000.0,44950.0,1,
5001800US2907,MO-07,200000.0,500000.0,11240.0,1,
5001800US2907,MO-07,500000.0,inf,2800.0,1,
5001800US2908,MO-08,-inf,1.0,6920.0,1,
5001800US2908,MO-08,1.0,10000.0,37830.0,1,
5001800US2908,MO-08,10000.0,25000.0,59810.0,1,
5001800US2908,MO-08,25000.0,50000.0,78660.0,1,
5001800US2908,MO-08,50000.0,75000.0,43080.0,1,
5001800US2908,MO-08,75000.0,100000.0,28350.0,1,
5001800US2908,MO-08,100000.0,200000.0,36230.0,1,
5001800US2908,MO-08,200000.0,500000.0,7130.0,1,
5001800US2908,MO-08,500000.0,inf,1510.0,1,
5001800US3000,,-inf,1.0,10570.0,1,
5001800US3000,,1.0,10000.0,62010.0,1,
5001800US3000,,10000.0,25000.0,89520.0,1,
5001800US3000,,25000.0,50000.0,130580.0,1,
5001800US3000,,50000.0,75000.0,81590.0,1,
5001800US3000,,75000.0,100000.0,54600.0,1,
5001800US3000,,100000.0,200000.0,88040.0,1,
5001800US3000,,200000.0,500000.0,26470.0,1,
5001800US3000,,500000.0,inf,6940.0,1,
5001800US3101,NE-01,-inf,1.0,3700.0,1,
5001800US3101,NE-01,1.0,10000.0,30200.0,1,
5001800US3101,NE-01,10000.0,25000.0,45840.0,1,
5001800US3101,NE-01,25000.0,50000.0,74600.0,1,
5001800US3101,NE-01,50000.0,75000.0,50390.0,1,
5001800US3101,NE-01,75000.0,100000.0,33090.0,1,
5001800US3101,NE-01,100000.0,200000.0,57800.0,1,
5001800US3101,NE-01,200000.0,500000.0,14370.0,1,
5001800US3101,NE-01,500000.0,inf,2920.0,1,
5001800US3102,NE-02,-inf,1.0,3410.0,1,
5001800US3102,NE-02,1.0,10000.0,32310.0,1,
5001800US3102,NE-02,10000.0,25000.0,48100.0,1,
5001800US3102,NE-02,25000.0,50000.0,77170.0,1,
5001800US3102,NE-02,50000.0,75000.0,51360.0,1,
5001800US3102,NE-02,75000.0,100000.0,32600.0,1,
5001800US3102,NE-02,100000.0,200000.0,62690.0,1,
5001800US3102,NE-02,200000.0,500000.0,23450.0,1,
5001800US3102,NE-02,500000.0,inf,5240.0,1,
5001800US3103,NE-03,-inf,1.0,6330.0,1,
5001800US3103,NE-03,1.0,10000.0,29840.0,1,
5001800US3103,NE-03,10000.0,25000.0,44340.0,1,
5001800US3103,NE-03,25000.0,50000.0,66520.0,1,
5001800US3103,NE-03,50000.0,75000.0,45870.0,1,
5001800US3103,NE-03,75000.0,100000.0,29090.0,1,
5001800US3103,NE-03,100000.0,200000.0,43310.0,1,
5001800US3103,NE-03,200000.0,500000.0,9850.0,1,
5001800US3103,NE-03,500000.0,inf,2150.0,1,
5001800US3201,NV-01,-inf,1.0,6620.0,1,
5001800US3201,NV-01,1.0,10000.0,33980.0,1,
5001800US3201,NV-01,10000.0,25000.0,77370.0,1,
5001800US3201,NV-01,25000.0,50000.0,110090.0,1,
5001800US3201,NV-01,50000.0,75000.0,48000.0,1,
5001800US3201,NV-01,75000.0,100000.0,22970.0,1,
5001800US3201,NV-01,100000.0,200000.0,22410.0,1,
5001800US3201,NV-01,200000.0,500000.0,5450.0,1,
5001800US3201,NV-01,500000.0,inf,2040.0,1,
5001800US3202,NV-02,-inf,1.0,6190.0,1,
5001800US3202,NV-02,1.0,10000.0,29830.0,1,
5001800US3202,NV-02,10000.0,25000.0,52110.0,1,
5001800US3202,NV-02,25000.0,50000.0,88080.0,1,
5001800US3202,NV-02,50000.0,75000.0,61520.0,1,
5001800US3202,NV-02,75000.0,100000.0,41700.0,1,
5001800US3202,NV-02,100000.0,200000.0,68840.0,1,
5001800US3202,NV-02,200000.0,500000.0,22420.0,1,
5001800US3202,NV-02,500000.0,inf,6680.0,1,
5001800US3203,NV-03,-inf,1.0,8710.0,1,
5001800US3203,NV-03,1.0,10000.0,36360.0,1,
5001800US3203,NV-03,10000.0,25000.0,65780.0,1,
5001800US3203,NV-03,25000.0,50000.0,98090.0,1,
5001800US3203,NV-03,50000.0,75000.0,66550.0,1,
5001800US3203,NV-03,75000.0,100000.0,46570.0,1,
5001800US3203,NV-03,100000.0,200000.0,80300.0,1,
5001800US3203,NV-03,200000.0,500000.0,31280.0,1,
5001800US3203,NV-03,500000.0,inf,9700.0,1,
5001800US3204,NV-04,-inf,1.0,6970.0,1,
5001800US3204,NV-04,1.0,10000.0,32200.0,1,
5001800US3204,NV-04,10000.0,25000.0,69540.0,1,
5001800US3204,NV-04,25000.0,50000.0,100450.0,1,
5001800US3204,NV-04,50000.0,75000.0,56630.0,1,
5001800US3204,NV-04,75000.0,100000.0,37510.0,1,
5001800US3204,NV-04,100000.0,200000.0,54820.0,1,
5001800US3204,NV-04,200000.0,500000.0,13770.0,1,
5001800US3204,NV-04,500000.0,inf,2410.0,1,
5001800US3301,NH-01,-inf,1.0,4140.0,1,
5001800US3301,NH-01,1.0,10000.0,32910.0,1,
5001800US3301,NH-01,10000.0,25000.0,44530.0,1,
5001800US3301,NH-01,25000.0,50000.0,75570.0,1,
5001800US3301,NH-01,50000.0,75000.0,59110.0,1,
5001800US3301,NH-01,75000.0,100000.0,40700.0,1,
5001800US3301,NH-01,100000.0,200000.0,77010.0,1,
5001800US3301,NH-01,200000.0,500000.0,29640.0,1,
5001800US3301,NH-01,500000.0,inf,6040.0,1,
5001800US3302,NH-02,-inf,1.0,4440.0,1,
5001800US3302,NH-02,1.0,10000.0,32460.0,1,
5001800US3302,NH-02,10000.0,25000.0,42980.0,1,
5001800US3302,NH-02,25000.0,50000.0,73180.0,1,
5001800US3302,NH-02,50000.0,75000.0,55510.0,1,
5001800US3302,NH-02,75000.0,100000.0,37560.0,1,
5001800US3302,NH-02,100000.0,200000.0,72200.0,1,
5001800US3302,NH-02,200000.0,500000.0,27110.0,1,
5001800US3302,NH-02,500000.0,inf,5390.0,1,
5001800US3401,NJ-01,-inf,1.0,3910.0,1,
5001800US3401,NJ-01,1.0,10000.0,35600.0,1,
5001800US3401,NJ-01,10000.0,25000.0,56590.0,1,
5001800US3401,NJ-01,25000.0,50000.0,83370.0,1,
5001800US3401,NJ-01,50000.0,75000.0,57020.0,1,
5001800US3401,NJ-01,75000.0,100000.0,38650.0,1,
5001800US3401,NJ-01,100000.0,200000.0,65820.0,1,
5001800US3401,NJ-01,200000.0,500000.0,21600.0,1,
5001800US3401,NJ-01,500000.0,inf,3360.0,1,
5001800US3402,NJ-02,-inf,1.0,4920.0,1,
5001800US3402,NJ-02,1.0,10000.0,38000.0,1,
5001800US3402,NJ-02,10000.0,25000.0,60280.0,1,
5001800US3402,NJ-02,25000.0,50000.0,87390.0,1,
5001800US3402,NJ-02,50000.0,75000.0,55060.0,1,
5001800US3402,NJ-02,75000.0,100000.0,35270.0,1,
5001800US3402,NJ-02,100000.0,200000.0,59470.0,1,
5001800US3402,NJ-02,200000.0,500000.0,18140.0,1,
5001800US3402,NJ-02,500000.0,inf,3470.0,1,
5001800US3403,NJ-03,-inf,1.0,4550.0,1,
5001800US3403,NJ-03,1.0,10000.0,38490.0,1,
5001800US3403,NJ-03,10000.0,25000.0,51570.0,1,
5001800US3403,NJ-03,25000.0,50000.0,76710.0,1,
5001800US3403,NJ-03,50000.0,75000.0,60650.0,1,
5001800US3403,NJ-03,75000.0,100000.0,44170.0,1,
5001800US3403,NJ-03,100000.0,200000.0,82680.0,1,
5001800US3403,NJ-03,200000.0,500000.0,29640.0,1,
5001800US3403,NJ-03,500000.0,inf,4900.0,1,
5001800US3404,NJ-04,-inf,1.0,5600.0,1,
5001800US3404,NJ-04,1.0,10000.0,39450.0,1,
5001800US3404,NJ-04,10000.0,25000.0,47730.0,1,
5001800US3404,NJ-04,25000.0,50000.0,69350.0,1,
5001800US3404,NJ-04,50000.0,75000.0,52430.0,1,
5001800US3404,NJ-04,75000.0,100000.0,37640.0,1,
5001800US3404,NJ-04,100000.0,200000.0,76150.0,1,
5001800US3404,NJ-04,200000.0,500000.0,41080.0,1,
5001800US3404,NJ-04,500000.0,inf,10770.0,1,
5001800US3405,NJ-05,-inf,1.0,5840.0,1,
5001800US3405,NJ-05,1.0,10000.0,37780.0,1,
5001800US3405,NJ-05,10000.0,25000.0,41960.0,1,
5001800US3405,NJ-05,25000.0,50000.0,57600.0,1,
5001800US3405,NJ-05,50000.0,75000.0,48510.0,1,
5001800US3405,NJ-05,75000.0,100000.0,37980.0,1,
5001800US3405,NJ-05,100000.0,200000.0,83390.0,1,
5001800US3405,NJ-05,200000.0,500000.0,49200.0,1,
5001800US3405,NJ-05,500000.0,inf,14080.0,1,
5001800US3406,NJ-06,-inf,1.0,4780.0,1,
5001800US3406,NJ-06,1.0,10000.0,37310.0,1,
5001800US3406,NJ-06,10000.0,25000.0,53340.0,1,
5001800US3406,NJ-06,25000.0,50000.0,75700.0,1,
5001800US3406,NJ-06,50000.0,75000.0,53170.0,1,
5001800US3406,NJ-06,75000.0,100000.0,37650.0,1,
5001800US3406,NJ-06,100000.0,200000.0,71470.0,1,
5001800US3406,NJ-06,200000.0,500000.0,32430.0,1,
5001800US3406,NJ-06,500000.0,inf,5230.0,1,
5001800US3407,NJ-07,-inf,1.0,6420.0,1,
5001800US3407,NJ-07,1.0,10000.0,45400.0,1,
5001800US3407,NJ-07,10000.0,25000.0,47970.0,1,
5001800US3407,NJ-07,25000.0,50000.0,64410.0,1,
5001800US3407,NJ-07,50000.0,75000.0,51760.0,1,
5001800US3407,NJ-07,75000.0,100000.0,39830.0,1,
5001800US3407,NJ-07,100000.0,200000.0,88450.0,1,
5001800US3407,NJ-07,200000.0,500000.0,65290.0,1,
5001800US3407,NJ-07,500000.0,inf,21940.0,1,
5001800US3408,NJ-08,-inf,1.0,6030.0,1,
5001800US3408,NJ-08,1.0,10000.0,52720.0,1,
5001800US3408,NJ-08,10000.0,25000.0,75940.0,1,
5001800US3408,NJ-08,25000.0,50000.0,98010.0,1,
5001800US3408,NJ-08,50000.0,75000.0,60100.0,1,
5001800US3408,NJ-08,75000.0,100000.0,37740.0,1,
5001800US3408,NJ-08,100000.0,200000.0,57130.0,1,
5001800US3408,NJ-08,200000.0,500000.0,27100.0,1,
5001800US3408,NJ-08,500000.0,inf,7160.0,1,
5001800US3409,NJ-09,-inf,1.0,6400.0,1,
5001800US3409,NJ-09,1.0,10000.0,46510.0,1,
5001800US3409,NJ-09,10000.0,25000.0,71450.0,1,
5001800US3409,NJ-09,25000.0,50000.0,91530.0,1,
5001800US3409,NJ-09,50000.0,75000.0,57030.0,1,
5001800US3409,NJ-09,75000.0,100000.0,35370.0,1,
5001800US3409,NJ-09,100000.0,200000.0,56890.0,1,
5001800US3409,NJ-09,200000.0,500000.0,23460.0,1,
5001800US3409,NJ-09,500000.0,inf,5370.0,1,
5001800US3410,NJ-10,-inf,1.0,4640.0,1,
5001800US3410,NJ-10,1.0,10000.0,42150.0,1,
5001800US3410,NJ-10,10000.0,25000.0,73150.0,1,
5001800US3410,NJ-10,25000.0,50000.0,97300.0,1,
5001800US3410,NJ-10,50000.0,75000.0,58830.0,1,
5001800US3410,NJ-10,75000.0,100000.0,34020.0,1,
5001800US3410,NJ-10,100000.0,200000.0,43410.0,1,
5001800US3410,NJ-10,200000.0,500000.0,15340.0,1,
5001800US3410,NJ-10,500000.0,inf,3980.0,1,
5001800US3411,NJ-11,-inf,1.0,5100.0,1,
5001800US3411,NJ-11,1.0,10000.0,37510.0,1,
5001800US3411,NJ-11,10000.0,25000.0,38110.0,1,
5001800US3411,NJ-11,25000.0,50000.0,52870.0,1,
5001800US3411,NJ-11,50000.0,75000.0,47780.0,1,
5001800US3411,NJ-11,75000.0,100000.0,38810.0,1,
5001800US3411,NJ-11,100000.0,200000.0,89080.0,1,
5001800US3411,NJ-11,200000.0,500000.0,60610.0,1,
5001800US3411,NJ-11,500000.0,inf,17250.0,1,
5001800US3412,NJ-12,-inf,1.0,4900.0,1,
5001800US3412,NJ-12,1.0,10000.0,39350.0,1,
5001800US3412,NJ-12,10000.0,25000.0,51970.0,1,
5001800US3412,NJ-12,25000.0,50000.0,74730.0,1,
5001800US3412,NJ-12,50000.0,75000.0,52380.0,1,
5001800US3412,NJ-12,75000.0,100000.0,36670.0,1,
5001800US3412,NJ-12,100000.0,200000.0,71410.0,1,
5001800US3412,NJ-12,200000.0,500000.0,41850.0,1,
5001800US3412,NJ-12,500000.0,inf,8790.0,1,
5001800US3501,NM-01,-inf,1.0,6680.0,1,
5001800US3501,NM-01,1.0,10000.0,40270.0,1,
5001800US3501,NM-01,10000.0,25000.0,58600.0,1,
5001800US3501,NM-01,25000.0,50000.0,87430.0,1,
5001800US3501,NM-01,50000.0,75000.0,48870.0,1,
5001800US3501,NM-01,75000.0,100000.0,30070.0,1,
5001800US3501,NM-01,100000.0,200000.0,47630.0,1,
5001800US3501,NM-01,200000.0,500000.0,15690.0,1,
5001800US3501,NM-01,500000.0,inf,2700.0,1,
5001800US3502,NM-02,-inf,1.0,8740.0,1,
5001800US3502,NM-02,1.0,10000.0,40770.0,1,
5001800US3502,NM-02,10000.0,25000.0,65450.0,1,
5001800US3502,NM-02,25000.0,50000.0,79250.0,1,
5001800US3502,NM-02,50000.0,75000.0,40910.0,1,
5001800US3502,NM-02,75000.0,100000.0,24950.0,1,
5001800US3502,NM-02,100000.0,200000.0,35130.0,1,
5001800US3502,NM-02,200000.0,500000.0,7320.0,1,
5001800US3502,NM-02,500000.0,inf,1430.0,1,
5001800US3503,NM-03,-inf,1.0,7770.0,1,
5001800US3503,NM-03,1.0,10000.0,42850.0,1,
5001800US3503,NM-03,10000.0,25000.0,59090.0,1,
5001800US3503,NM-03,25000.0,50000.0,81310.0,1,
5001800US3503,NM-03,50000.0,75000.0,45970.0,1,
5001800US3503,NM-03,75000.0,100000.0,28910.0,1,
5001800US3503,NM-03,100000.0,200000.0,45040.0,1,
5001800US3503,NM-03,200000.0,500000.0,13750.0,1,
5001800US3503,NM-03,500000.0,inf,2410.0,1,
5001800US3601,NY-01,-inf,1.0,5600.0,1,
5001800US3601,NY-01,1.0,10000.0,38620.0,1,
5001800US3601,NY-01,10000.0,25000.0,50850.0,1,
5001800US3601,NY-01,25000.0,50000.0,69020.0,1,
5001800US3601,NY-01,50000.0,75000.0,54640.0,1,
5001800US3601,NY-01,75000.0,100000.0,39870.0,1,
5001800US3601,NY-01,100000.0,200000.0,82950.0,1,
5001800US3601,NY-01,200000.0,500000.0,36140.0,1,
5001800US3601,NY-01,500000.0,inf,7880.0,1,
5001800US3602,NY-02,-inf,1.0,3790.0,1,
5001800US3602,NY-02,1.0,10000.0,37940.0,1,
5001800US3602,NY-02,10000.0,25000.0,54290.0,1,
5001800US3602,NY-02,25000.0,50000.0,81110.0,1,
5001800US3602,NY-02,50000.0,75000.0,60030.0,1,
5001800US3602,NY-02,75000.0,100000.0,42050.0,1,
5001800US3602,NY-02,100000.0,200000.0,81570.0,1,
5001800US3602,NY-02,200000.0,500000.0,30260.0,1,
5001800US3602,NY-02,500000.0,inf,3340.0,1,
5001800US3603,NY-03,-inf,1.0,7660.0,1,
5001800US3603,NY-03,1.0,10000.0,41260.0,1,
5001800US3603,NY-03,10000.0,25000.0,43720.0,1,
5001800US3603,NY-03,25000.0,50000.0,53800.0,1,
5001800US3603,NY-03,50000.0,75000.0,43680.0,1,
5001800US3603,NY-03,75000.0,100000.0,34750.0,1,
5001800US3603,NY-03,100000.0,200000.0,79360.0,1,
5001800US3603,NY-03,200000.0,500000.0,55660.0,1,
5001800US3603,NY-03,500000.0,inf,20310.0,1,
5001800US3604,NY-04,-inf,1.0,6110.0,1,
5001800US3604,NY-04,1.0,10000.0,40940.0,1,
5001800US3604,NY-04,10000.0,25000.0,51380.0,1,
5001800US3604,NY-04,25000.0,50000.0,68190.0,1,
5001800US3604,NY-04,50000.0,75000.0,52330.0,1,
5001800US3604,NY-04,75000.0,100000.0,38940.0,1,
5001800US3604,NY-04,100000.0,200000.0,81460.0,1,
5001800US3604,NY-04,200000.0,500000.0,43170.0,1,
5001800US3604,NY-04,500000.0,inf,8870.0,1,
5001800US3605,NY-05,-inf,1.0,5110.0,1,
5001800US3605,NY-05,1.0,10000.0,48180.0,1,
5001800US3605,NY-05,10000.0,25000.0,70180.0,1,
5001800US3605,NY-05,25000.0,50000.0,94160.0,1,
5001800US3605,NY-05,50000.0,75000.0,62360.0,1,
5001800US3605,NY-05,75000.0,100000.0,35850.0,1,
5001800US3605,NY-05,100000.0,200000.0,44880.0,1,
5001800US3605,NY-05,200000.0,500000.0,8480.0,1,
5001800US3605,NY-05,500000.0,inf,840.0,1,
5001800US3606,NY-06,-inf,1.0,6840.0,1,
5001800US3606,NY-06,1.0,10000.0,62760.0,1,
5001800US3606,NY-06,10000.0,25000.0,79610.0,1,
5001800US3606,NY-06,25000.0,50000.0,76300.0,1,
5001800US3606,NY-06,50000.0,75000.0,50730.0,1,
5001800US3606,NY-06,75000.0,100000.0,34180.0,1,
5001800US3606,NY-06,100000.0,200000.0,53980.0,1,
5001800US3606,NY-06,200000.0,500000.0,17400.0,1,
5001800US3606,NY-06,500000.0,inf,2330.0,1,
5001800US3607,NY-07,-inf,1.0,6230.0,1,
5001800US3607,NY-07,1.0,10000.0,45390.0,1,
5001800US3607,NY-07,10000.0,25000.0,77110.0,1,
5001800US3607,NY-07,25000.0,50000.0,77850.0,1,
5001800US3607,NY-07,50000.0,75000.0,48050.0,1,
5001800US3607,NY-07,75000.0,100000.0,28430.0,1,
5001800US3607,NY-07,100000.0,200000.0,41940.0,1,
5001800US3607,NY-07,200000.0,500000.0,21040.0,1,
5001800US3607,NY-07,500000.0,inf,7560.0,1,
5001800US3608,NY-08,-inf,1.0,5880.0,1,
5001800US3608,NY-08,1.0,10000.0,42270.0,1,
5001800US3608,NY-08,10000.0,25000.0,68600.0,1,
5001800US3608,NY-08,25000.0,50000.0,85180.0,1,
5001800US3608,NY-08,50000.0,75000.0,57860.0,1,
5001800US3608,NY-08,75000.0,100000.0,33770.0,1,
5001800US3608,NY-08,100000.0,200000.0,45070.0,1,
5001800US3608,NY-08,200000.0,500000.0,15060.0,1,
5001800US3608,NY-08,500000.0,inf,3320.0,1,
5001800US3609,NY-09,-inf,1.0,5250.0,1,
5001800US3609,NY-09,1.0,10000.0,40820.0,1,
5001800US3609,NY-09,10000.0,25000.0,62710.0,1,
5001800US3609,NY-09,25000.0,50000.0,81720.0,1,
5001800US3609,NY-09,50000.0,75000.0,57200.0,1,
5001800US3609,NY-09,75000.0,100000.0,34360.0,1,
5001800US3609,NY-09,100000.0,200000.0,45680.0,1,
5001800US3609,NY-09,200000.0,500000.0,17820.0,1,
5001800US3609,NY-09,500000.0,inf,5040.0,1,
5001800US3610,NY-10,-inf,1.0,14380.0,1,
5001800US3610,NY-10,1.0,10000.0,42320.0,1,
5001800US3610,NY-10,10000.0,25000.0,56790.0,1,
5001800US3610,NY-10,25000.0,50000.0,61940.0,1,
5001800US3610,NY-10,50000.0,75000.0,44610.0,1,
5001800US3610,NY-10,75000.0,100000.0,34030.0,1,
5001800US3610,NY-10,100000.0,200000.0,70280.0,1,
5001800US3610,NY-10,200000.0,500000.0,53300.0,1,
5001800US3610,NY-10,500000.0,inf,29600.0,1,
5001800US3611,NY-11,-inf,1.0,8710.0,1,
5001800US3611,NY-11,1.0,10000.0,51320.0,1,
5001800US3611,NY-11,10000.0,25000.0,73270.0,1,
5001800US3611,NY-11,25000.0,50000.0,81370.0,1,
5001800US3611,NY-11,50000.0,75000.0,55970.0,1,
5001800US3611,NY-11,75000.0,100000.0,39640.0,1,
5001800US3611,NY-11,100000.0,200000.0,69070.0,1,
5001800US3611,NY-11,200000.0,500000.0,24390.0,1,
5001800US3611,NY-11,500000.0,inf,4550.0,1,
5001800US3612,NY-12,-inf,1.0,9620.0,1,
5001800US3612,NY-12,1.0,10000.0,33420.0,1,
5001800US3612,NY-12,10000.0,25000.0,39060.0,1,
5001800US3612,NY-12,25000.0,50000.0,54350.0,1,
5001800US3612,NY-12,50000.0,75000.0,56320.0,1,
5001800US3612,NY-12,75000.0,100000.0,48910.0,1,
5001800US3612,NY-12,100000.0,200000.0,100100.0,1,
5001800US3612,NY-12,200000.0,500000.0,68330.0,1,
5001800US3612,NY-12,500000.0,inf,33370.0,1,
5001800US3613,NY-13,-inf,1.0,12120.0,1,
5001800US3613,NY-13,1.0,10000.0,50870.0,1,
5001800US3613,NY-13,10000.0,25000.0,83590.0,1,
5001800US3613,NY-13,25000.0,50000.0,94190.0,1,
5001800US3613,NY-13,50000.0,75000.0,55360.0,1,
5001800US3613,NY-13,75000.0,100000.0,27880.0,1,
5001800US3613,NY-13,100000.0,200000.0,31090.0,1,
5001800US3613,NY-13,200000.0,500000.0,8850.0,1,
5001800US3613,NY-13,500000.0,inf,1840.0,1,
5001800US3614,NY-14,-inf,1.0,6700.0,1,
5001800US3614,NY-14,1.0,10000.0,56220.0,1,
5001800US3614,NY-14,10000.0,25000.0,75980.0,1,
5001800US3614,NY-14,25000.0,50000.0,85040.0,1,
5001800US3614,NY-14,50000.0,75000.0,56490.0,1,
5001800US3614,NY-14,75000.0,100000.0,32390.0,1,
5001800US3614,NY-14,100000.0,200000.0,39730.0,1,
5001800US3614,NY-14,200000.0,500000.0,9180.0,1,
5001800US3614,NY-14,500000.0,inf,990.0,1,
5001800US3615,NY-15,-inf,1.0,10160.0,1,
5001800US3615,NY-15,1.0,10000.0,51200.0,1,
5001800US3615,NY-15,10000.0,25000.0,98330.0,1,
5001800US3615,NY-15,25000.0,50000.0,97570.0,1,
5001800US3615,NY-15,50000.0,75000.0,45720.0,1,
5001800US3615,NY-15,75000.0,100000.0,17670.0,1,
5001800US3615,NY-15,100000.0,200000.0,12800.0,1,
5001800US3615,NY-15,200000.0,500000.0,1210.0,1,
5001800US3615,NY-15,500000.0,inf,70.0,1,
5001800US3616,NY-16,-inf,1.0,7460.0,1,
5001800US3616,NY-16,1.0,10000.0,39750.0,1,
5001800US3616,NY-16,10000.0,25000.0,57770.0,1,
5001800US3616,NY-16,25000.0,50000.0,72100.0,1,
5001800US3616,NY-16,50000.0,75000.0,55370.0,1,
5001800US3616,NY-16,75000.0,100000.0,35630.0,1,
5001800US3616,NY-16,100000.0,200000.0,56040.0,1,
5001800US3616,NY-16,200000.0,500000.0,27630.0,1,
5001800US3616,NY-16,500000.0,inf,15140.0,1,
5001800US3617,NY-17,-inf,1.0,6230.0,1,
5001800US3617,NY-17,1.0,10000.0,37310.0,1,
5001800US3617,NY-17,10000.0,25000.0,48540.0,1,
5001800US3617,NY-17,25000.0,50000.0,61170.0,1,
5001800US3617,NY-17,50000.0,75000.0,46180.0,1,
5001800US3617,NY-17,75000.0,100000.0,33860.0,1,
5001800US3617,NY-17,100000.0,200000.0,71340.0,1,
5001800US3617,NY-17,200000.0,500000.0,44830.0,1,
5001800US3617,NY-17,500000.0,inf,14280.0,1,
5001800US3618,NY-18,-inf,1.0,4730.0,1,
5001800US3618,NY-18,1.0,10000.0,36210.0,1,
5001800US3618,NY-18,10000.0,25000.0,49730.0,1,
5001800US3618,NY-18,25000.0,50000.0,67570.0,1,
5001800US3618,NY-18,50000.0,75000.0,51220.0,1,
5001800US3618,NY-18,75000.0,100000.0,37840.0,1,
5001800US3618,NY-18,100000.0,200000.0,76070.0,1,
5001800US3618,NY-18,200000.0,500000.0,31700.0,1,
5001800US3618,NY-18,500000.0,inf,7000.0,1,
5001800US3619,NY-19,-inf,1.0,5860.0,1,
5001800US3619,NY-19,1.0,10000.0,34350.0,1,
5001800US3619,NY-19,10000.0,25000.0,47980.0,1,
5001800US3619,NY-19,25000.0,50000.0,71650.0,1,
5001800US3619,NY-19,50000.0,75000.0,51950.0,1,
5001800US3619,NY-19,75000.0,100000.0,35670.0,1,
5001800US3619,NY-19,100000.0,200000.0,60450.0,1,
5001800US3619,NY-19,200000.0,500000.0,18060.0,1,
5001800US3619,NY-19,500000.0,inf,3710.0,1,
5001800US3620,NY-20,-inf,1.0,3480.0,1,
5001800US3620,NY-20,1.0,10000.0,34310.0,1,
5001800US3620,NY-20,10000.0,25000.0,49710.0,1,
5001800US3620,NY-20,25000.0,50000.0,79770.0,1,
5001800US3620,NY-20,50000.0,75000.0,60140.0,1,
5001800US3620,NY-20,75000.0,100000.0,40150.0,1,
5001800US3620,NY-20,100000.0,200000.0,69690.0,1,
5001800US3620,NY-20,200000.0,500000.0,22290.0,1,
5001800US3620,NY-20,500000.0,inf,3940.0,1,
5001800US3621,NY-21,-inf,1.0,4370.0,1,
5001800US3621,NY-21,1.0,10000.0,32400.0,1,
5001800US3621,NY-21,10000.0,25000.0,48390.0,1,
5001800US3621,NY-21,25000.0,50000.0,78490.0,1,
5001800US3621,NY-21,50000.0,75000.0,53180.0,1,
5001800US3621,NY-21,75000.0,100000.0,34280.0,1,
5001800US3621,NY-21,100000.0,200000.0,50690.0,1,
5001800US3621,NY-21,200000.0,500000.0,10370.0,1,
5001800US3621,NY-21,500000.0,inf,1620.0,1,
5001800US3622,NY-22,-inf,1.0,3810.0,1,
5001800US3622,NY-22,1.0,10000.0,32570.0,1,
5001800US3622,NY-22,10000.0,25000.0,50340.0,1,
5001800US3622,NY-22,25000.0,50000.0,79230.0,1,
5001800US3622,NY-22,50000.0,75000.0,50750.0,1,
5001800US3622,NY-22,75000.0,100000.0,32150.0,1,
5001800US3622,NY-22,100000.0,200000.0,47690.0,1,
5001800US3622,NY-22,200000.0,500000.0,10140.0,1,
5001800US3622,NY-22,500000.0,inf,1520.0,1,
5001800US3623,NY-23,-inf,1.0,3790.0,1,
5001800US3623,NY-23,1.0,10000.0,32460.0,1,
5001800US3623,NY-23,10000.0,25000.0,50390.0,1,
5001800US3623,NY-23,25000.0,50000.0,76810.0,1,
5001800US3623,NY-23,50000.0,75000.0,48730.0,1,
5001800US3623,NY-23,75000.0,100000.0,30850.0,1,
5001800US3623,NY-23,100000.0,200000.0,43790.0,1,
5001800US3623,NY-23,200000.0,500000.0,9990.0,1,
5001800US3623,NY-23,500000.0,inf,1640.0,1,
5001800US3624,NY-24,-inf,1.0,3380.0,1,
5001800US3624,NY-24,1.0,10000.0,34830.0,1,
5001800US3624,NY-24,10000.0,25000.0,52030.0,1,
5001800US3624,NY-24,25000.0,50000.0,79930.0,1,
5001800US3624,NY-24,50000.0,75000.0,54170.0,1,
5001800US3624,NY-24,75000.0,100000.0,34220.0,1,
5001800US3624,NY-24,100000.0,200000.0,56200.0,1,
5001800US3624,NY-24,200000.0,500000.0,14680.0,1,
5001800US3624,NY-24,500000.0,inf,2450.0,1,
5001800US3625,NY-25,-inf,1.0,3400.0,1,
5001800US3625,NY-25,1.0,10000.0,36280.0,1,
5001800US3625,NY-25,10000.0,25000.0,55390.0,1,
5001800US3625,NY-25,25000.0,50000.0,84090.0,1,
5001800US3625,NY-25,50000.0,75000.0,55270.0,1,
5001800US3625,NY-25,75000.0,100000.0,34810.0,1,
5001800US3625,NY-25,100000.0,200000.0,58240.0,1,
5001800US3625,NY-25,200000.0,500000.0,17620.0,1,
5001800US3625,NY-25,500000.0,inf,3080.0,1,
5001800US3626,NY-26,-inf,1.0,3150.0,1,
5001800US3626,NY-26,1.0,10000.0,36110.0,1,
5001800US3626,NY-26,10000.0,25000.0,61620.0,1,
5001800US3626,NY-26,25000.0,50000.0,88150.0,1,
5001800US3626,NY-26,50000.0,75000.0,54550.0,1,
5001800US3626,NY-26,75000.0,100000.0,32380.0,1,
5001800US3626,NY-26,100000.0,200000.0,46520.0,1,
5001800US3626,NY-26,200000.0,500000.0,11140.0,1,
5001800US3626,NY-26,500000.0,inf,1910.0,1,
5001800US3627,,-inf,1.0,3800.0,1,
5001800US3627,,1.0,10000.0,36000.0,1,
5001800US3627,,10000.0,25000.0,50000.0,1,
5001800US3627,,25000.0,50000.0,77010.0,1,
5001800US3627,,50000.0,75000.0,56770.0,1,
5001800US3627,,75000.0,100000.0,39770.0,1,
5001800US3627,,100000.0,200000.0,69740.0,1,
5001800US3627,,200000.0,500000.0,19290.0,1,
5001800US3627,,500000.0,inf,3470.0,1,
5001800US3701,NC-01,-inf,1.0,4990.0,1,
5001800US3701,NC-01,1.0,10000.0,32520.0,1,
5001800US3701,NC-01,10000.0,25000.0,68080.0,1,
5001800US3701,NC-01,25000.0,50000.0,85120.0,1,
5001800US3701,NC-01,50000.0,75000.0,43060.0,1,
5001800US3701,NC-01,75000.0,100000.0,23490.0,1,
5001800US3701,NC-01,100000.0,200000.0,31600.0,1,
5001800US3701,NC-01,200000.0,500000.0,6820.0,1,
5001800US3701,NC-01,500000.0,inf,1550.0,1,
5001800US3702,NC-02,-inf,1.0,5290.0,1,
5001800US3702,NC-02,1.0,10000.0,39750.0,1,
5001800US3702,NC-02,10000.0,25000.0,58410.0,1,
5001800US3702,NC-02,25000.0,50000.0,84280.0,1,
5001800US3702,NC-02,50000.0,75000.0,61310.0,1,
5001800US3702,NC-02,75000.0,100000.0,41890.0,1,
5001800US3702,NC-02,100000.0,200000.0,89970.0,1,
5001800US3702,NC-02,200000.0,500000.0,51300.0,1,
5001800US3702,NC-02,500000.0,inf,9690.0,1,
5001800US3703,NC-03,-inf,1.0,5340.0,1,
5001800US3703,NC-03,1.0,10000.0,34160.0,1,
5001800US3703,NC-03,10000.0,25000.0,63600.0,1,
5001800US3703,NC-03,25000.0,50000.0,89760.0,1,
5001800US3703,NC-03,50000.0,75000.0,51720.0,1,
5001800US3703,NC-03,75000.0,100000.0,32250.0,1,
5001800US3703,NC-03,100000.0,200000.0,48350.0,1,
5001800US3703,NC-03,200000.0,500000.0,11810.0,1,
5001800US3703,NC-03,500000.0,inf,2350.0,1,
5001800US3704,NC-04,-inf,1.0,5300.0,1,
5001800US3704,NC-04,1.0,10000.0,38380.0,1,
5001800US3704,NC-04,10000.0,25000.0,60530.0,1,
5001800US3704,NC-04,25000.0,50000.0,85710.0,1,
5001800US3704,NC-04,50000.0,75000.0,57840.0,1,
5001800US3704,NC-04,75000.0,100000.0,38610.0,1,
5001800US3704,NC-04,100000.0,200000.0,77180.0,1,
5001800US3704,NC-04,200000.0,500000.0,37820.0,1,
5001800US3704,NC-04,500000.0,inf,7980.0,1,
5001800US3705,NC-05,-inf,1.0,4980.0,1,
5001800US3705,NC-05,1.0,10000.0,35000.0,1,
5001800US3705,NC-05,10000.0,25000.0,61150.0,1,
5001800US3705,NC-05,25000.0,50000.0,88180.0,1,
5001800US3705,NC-05,50000.0,75000.0,50510.0,1,
5001800US3705,NC-05,75000.0,100000.0,31210.0,1,
5001800US3705,NC-05,100000.0,200000.0,43670.0,1,
5001800US3705,NC-05,200000.0,500000.0,10780.0,1,
5001800US3705,NC-05,500000.0,inf,2150.0,1,
5001800US3706,NC-06,-inf,1.0,5040.0,1,
5001800US3706,NC-06,1.0,10000.0,37790.0,1,
5001800US3706,NC-06,10000.0,25000.0,72100.0,1,
5001800US3706,NC-06,25000.0,50000.0,96070.0,1,
5001800US3706,NC-06,50000.0,75000.0,52670.0,1,
5001800US3706,NC-06,75000.0,100000.0,30400.0,1,
5001800US3706,NC-06,100000.0,200000.0,48970.0,1,
5001800US3706,NC-06,200000.0,500000.0,17700.0,1,
5001800US3706,NC-06,500000.0,inf,4500.0,1,
5001800US3707,NC-07,-inf,1.0,7240.0,1,
5001800US3707,NC-07,1.0,10000.0,40990.0,1,
5001800US3707,NC-07,10000.0,25000.0,70950.0,1,
5001800US3707,NC-07,25000.0,50000.0,94110.0,1,
5001800US3707,NC-07,50000.0,75000.0,59200.0,1,
5001800US3707,NC-07,75000.0,100000.0,38920.0,1,
5001800US3707,NC-07,100000.0,200000.0,68320.0,1,
5001800US3707,NC-07,200000.0,500000.0,20950.0,1,
5001800US3707,NC-07,500000.0,inf,4250.0,1,
5001800US3708,NC-08,-inf,1.0,4860.0,1,
5001800US3708,NC-08,1.0,10000.0,35290.0,1,
5001800US3708,NC-08,10000.0,25000.0,67500.0,1,
5001800US3708,NC-08,25000.0,50000.0,96310.0,1,
5001800US3708,NC-08,50000.0,75000.0,55220.0,1,
5001800US3708,NC-08,75000.0,100000.0,33100.0,1,
5001800US3708,NC-08,100000.0,200000.0,51280.0,1,
5001800US3708,NC-08,200000.0,500000.0,13640.0,1,
5001800US3708,NC-08,500000.0,inf,1990.0,1,
5001800US3709,NC-09,-inf,1.0,5470.0,1,
5001800US3709,NC-09,1.0,10000.0,36590.0,1,
5001800US3709,NC-09,10000.0,25000.0,60080.0,1,
5001800US3709,NC-09,25000.0,50000.0,75520.0,1,
5001800US3709,NC-09,50000.0,75000.0,48000.0,1,
5001800US3709,NC-09,75000.0,100000.0,31020.0,1,
5001800US3709,NC-09,100000.0,200000.0,60570.0,1,
5001800US3709,NC-09,200000.0,500000.0,32680.0,1,
5001800US3709,NC-09,500000.0,inf,9280.0,1,
5001800US3710,NC-10,-inf,1.0,5290.0,1,
5001800US3710,NC-10,1.0,10000.0,36930.0,1,
5001800US3710,NC-10,10000.0,25000.0,61390.0,1,
5001800US3710,NC-10,25000.0,50000.0,91710.0,1,
5001800US3710,NC-10,50000.0,75000.0,55210.0,1,
5001800US3710,NC-10,75000.0,100000.0,35600.0,1,
5001800US3710,NC-10,100000.0,200000.0,55590.0,1,
5001800US3710,NC-10,200000.0,500000.0,17660.0,1,
5001800US3710,NC-10,500000.0,inf,3850.0,1,
5001800US3711,NC-11,-inf,1.0,6980.0,1,
5001800US3711,NC-11,1.0,10000.0,38760.0,1,
5001800US3711,NC-11,10000.0,25000.0,64960.0,1,
5001800US3711,NC-11,25000.0,50000.0,92780.0,1,
5001800US3711,NC-11,50000.0,75000.0,55860.0,1,
5001800US3711,NC-11,75000.0,100000.0,34750.0,1,
5001800US3711,NC-11,100000.0,200000.0,53620.0,1,
5001800US3711,NC-11,200000.0,500000.0,16150.0,1,
5001800US3711,NC-11,500000.0,inf,3680.0,1,
5001800US3712,NC-12,-inf,1.0,5550.0,1,
5001800US3712,NC-12,1.0,10000.0,42870.0,1,
5001800US3712,NC-12,10000.0,25000.0,76240.0,1,
5001800US3712,NC-12,25000.0,50000.0,105670.0,1,
5001800US3712,NC-12,50000.0,75000.0,67780.0,1,
5001800US3712,NC-12,75000.0,100000.0,40330.0,1,
5001800US3712,NC-12,100000.0,200000.0,63950.0,1,
5001800US3712,NC-12,200000.0,500000.0,29060.0,1,
5001800US3712,NC-12,500000.0,inf,8680.0,1,
5001800US3713,NC-13,-inf,1.0,4950.0,1,
5001800US3713,NC-13,1.0,10000.0,36660.0,1,
5001800US3713,NC-13,10000.0,25000.0,64540.0,1,
5001800US3713,NC-13,25000.0,50000.0,94850.0,1,
5001800US3713,NC-13,50000.0,75000.0,54650.0,1,
5001800US3713,NC-13,75000.0,100000.0,33660.0,1,
5001800US3713,NC-13,100000.0,200000.0,49250.0,1,
5001800US3713,NC-13,200000.0,500000.0,11100.0,1,
5001800US3713,NC-13,500000.0,inf,1980.0,1,
5001800US3800,ND-01,-inf,1.0,5230.0,1,
5001800US3800,ND-01,1.0,10000.0,31480.0,1,
5001800US3800,ND-01,10000.0,25000.0,50710.0,1,
5001800US3800,ND-01,25000.0,50000.0,84200.0,1,
5001800US3800,ND-01,50000.0,75000.0,58630.0,1,
5001800US3800,ND-01,75000.0,100000.0,38480.0,1,
5001800US3800,ND-01,100000.0,200000.0,72430.0,1,
5001800US3800,ND-01,200000.0,500000.0,21790.0,1,
5001800US3800,ND-01,500000.0,inf,5110.0,1,
5001800US3901,OH-01,-inf,1.0,4130.0,1,
5001800US3901,OH-01,1.0,10000.0,37790.0,1,
5001800US3901,OH-01,10000.0,25000.0,59520.0,1,
5001800US3901,OH-01,25000.0,50000.0,83510.0,1,
5001800US3901,OH-01,50000.0,75000.0,54510.0,1,
5001800US3901,OH-01,75000.0,100000.0,34720.0,1,
5001800US3901,OH-01,100000.0,200000.0,59700.0,1,
5001800US3901,OH-01,200000.0,500000.0,23080.0,1,
5001800US3901,OH-01,500000.0,inf,5670.0,1,
5001800US3902,OH-02,-inf,1.0,4080.0,1,
5001800US3902,OH-02,1.0,10000.0,33680.0,1,
5001800US3902,OH-02,10000.0,25000.0,53370.0,1,
5001800US3902,OH-02,25000.0,50000.0,83950.0,1,
5001800US3902,OH-02,50000.0,75000.0,56220.0,1,
5001800US3902,OH-02,75000.0,100000.0,35370.0,1,
5001800US3902,OH-02,100000.0,200000.0,55280.0,1,
5001800US3902,OH-02,200000.0,500000.0,20340.0,1,
5001800US3902,OH-02,500000.0,inf,5080.0,1,
5001800US3903,OH-03,-inf,1.0,3950.0,1,
5001800US3903,OH-03,1.0,10000.0,38880.0,1,
5001800US3903,OH-03,10000.0,25000.0,78760.0,1,
5001800US3903,OH-03,25000.0,50000.0,111740.0,1,
5001800US3903,OH-03,50000.0,75000.0,62410.0,1,
5001800US3903,OH-03,75000.0,100000.0,31840.0,1,
5001800US3903,OH-03,100000.0,200000.0,37020.0,1,
5001800US3903,OH-03,200000.0,500000.0,8230.0,1,
5001800US3903,OH-03,500000.0,inf,1650.0,1,
5001800US3904,OH-04,-inf,1.0,3790.0,1,
5001800US3904,OH-04,1.0,10000.0,35520.0,1,
5001800US3904,OH-04,10000.0,25000.0,55900.0,1,
5001800US3904,OH-04,25000.0,50000.0,89970.0,1,
5001800US3904,OH-04,50000.0,75000.0,60760.0,1,
5001800US3904,OH-04,75000.0,100000.0,35260.0,1,
5001800US3904,OH-04,100000.0,200000.0,48720.0,1,
5001800US3904,OH-04,200000.0,500000.0,9450.0,1,
5001800US3904,OH-04,500000.0,inf,1710.0,1,
5001800US3905,OH-05,-inf,1.0,3510.0,1,
5001800US3905,OH-05,1.0,10000.0,35640.0,1,
5001800US3905,OH-05,10000.0,25000.0,53440.0,1,
5001800US3905,OH-05,25000.0,50000.0,87060.0,1,
5001800US3905,OH-05,50000.0,75000.0,60790.0,1,
5001800US3905,OH-05,75000.0,100000.0,38660.0,1,
5001800US3905,OH-05,100000.0,200000.0,59370.0,1,
5001800US3905,OH-05,200000.0,500000.0,14590.0,1,
5001800US3905,OH-05,500000.0,inf,3180.0,1,
5001800US3906,OH-06,-inf,1.0,3760.0,1,
5001800US3906,OH-06,1.0,10000.0,32050.0,1,
5001800US3906,OH-06,10000.0,25000.0,54730.0,1,
5001800US3906,OH-06,25000.0,50000.0,79520.0,1,
5001800US3906,OH-06,50000.0,75000.0,50350.0,1,
5001800US3906,OH-06,75000.0,100000.0,31550.0,1,
5001800US3906,OH-06,100000.0,200000.0,42240.0,1,
5001800US3906,OH-06,200000.0,500000.0,8280.0,1,
5001800US3906,OH-06,500000.0,inf,1870.0,1,
5001800US3907,OH-07,-inf,1.0,3870.0,1,
5001800US3907,OH-07,1.0,10000.0,36220.0,1,
5001800US3907,OH-07,10000.0,25000.0,57100.0,1,
5001800US3907,OH-07,25000.0,50000.0,88620.0,1,
5001800US3907,OH-07,50000.0,75000.0,60940.0,1,
5001800US3907,OH-07,75000.0,100000.0,37330.0,1,
5001800US3907,OH-07,100000.0,200000.0,52310.0,1,
5001800US3907,OH-07,200000.0,500000.0,11910.0,1,
5001800US3907,OH-07,500000.0,inf,2160.0,1,
5001800US3908,OH-08,-inf,1.0,3580.0,1,
5001800US3908,OH-08,1.0,10000.0,35120.0,1,
5001800US3908,OH-08,10000.0,25000.0,55440.0,1,
5001800US3908,OH-08,25000.0,50000.0,86890.0,1,
5001800US3908,OH-08,50000.0,75000.0,57170.0,1,
5001800US3908,OH-08,75000.0,100000.0,35640.0,1,
5001800US3908,OH-08,100000.0,200000.0,56380.0,1,
5001800US3908,OH-08,200000.0,500000.0,14280.0,1,
5001800US3908,OH-08,500000.0,inf,2370.0,1,
5001800US3909,OH-09,-inf,1.0,3910.0,1,
5001800US3909,OH-09,1.0,10000.0,36940.0,1,
5001800US3909,OH-09,10000.0,25000.0,69310.0,1,
5001800US3909,OH-09,25000.0,50000.0,95240.0,1,
5001800US3909,OH-09,50000.0,75000.0,55120.0,1,
5001800US3909,OH-09,75000.0,100000.0,29300.0,1,
5001800US3909,OH-09,100000.0,200000.0,35980.0,1,
5001800US3909,OH-09,200000.0,500000.0,8780.0,1,
5001800US3909,OH-09,500000.0,inf,1830.0,1,
5001800US3910,OH-10,-inf,1.0,3800.0,1,
5001800US3910,OH-10,1.0,10000.0,35400.0,1,
5001800US3910,OH-10,10000.0,25000.0,60130.0,1,
5001800US3910,OH-10,25000.0,50000.0,87240.0,1,
5001800US3910,OH-10,50000.0,75000.0,55660.0,1,
5001800US3910,OH-10,75000.0,100000.0,34610.0,1,
5001800US3910,OH-10,100000.0,200000.0,53020.0,1,
5001800US3910,OH-10,200000.0,500000.0,13630.0,1,
5001800US3910,OH-10,500000.0,inf,2420.0,1,
5001800US3911,OH-11,-inf,1.0,4680.0,1,
5001800US3911,OH-11,1.0,10000.0,35970.0,1,
5001800US3911,OH-11,10000.0,25000.0,70660.0,1,
5001800US3911,OH-11,25000.0,50000.0,83320.0,1,
5001800US3911,OH-11,50000.0,75000.0,43330.0,1,
5001800US3911,OH-11,75000.0,100000.0,21710.0,1,
5001800US3911,OH-11,100000.0,200000.0,29160.0,1,
5001800US3911,OH-11,200000.0,500000.0,11610.0,1,
5001800US3911,OH-11,500000.0,inf,3790.0,1,
5001800US3912,OH-12,-inf,1.0,4090.0,1,
5001800US3912,OH-12,1.0,10000.0,38300.0,1,
5001800US3912,OH-12,10000.0,25000.0,51590.0,1,
5001800US3912,OH-12,25000.0,50000.0,79580.0,1,
5001800US3912,OH-12,50000.0,75000.0,58230.0,1,
5001800US3912,OH-12,75000.0,100000.0,41870.0,1,
5001800US3912,OH-12,100000.0,200000.0,79180.0,1,
5001800US3912,OH-12,200000.0,500000.0,33470.0,1,
5001800US3912,OH-12,500000.0,inf,7110.0,1,
5001800US3913,OH-13,-inf,1.0,3800.0,1,
5001800US3913,OH-13,1.0,10000.0,36240.0,1,
5001800US3913,OH-13,10000.0,25000.0,67110.0,1,
5001800US3913,OH-13,25000.0,50000.0,96310.0,1,
5001800US3913,OH-13,50000.0,75000.0,56370.0,1,
5001800US3913,OH-13,75000.0,100000.0,30260.0,1,
5001800US3913,OH-13,100000.0,200000.0,36500.0,1,
5001800US3913,OH-13,200000.0,500000.0,6710.0,1,
5001800US3913,OH-13,500000.0,inf,1180.0,1,
5001800US3914,OH-14,-inf,1.0,4590.0,1,
5001800US3914,OH-14,1.0,10000.0,38710.0,1,
5001800US3914,OH-14,10000.0,25000.0,50490.0,1,
5001800US3914,OH-14,25000.0,50000.0,78920.0,1,
5001800US3914,OH-14,50000.0,75000.0,60790.0,1,
5001800US3914,OH-14,75000.0,100000.0,41010.0,1,
5001800US3914,OH-14,100000.0,200000.0,68140.0,1,
5001800US3914,OH-14,200000.0,500000.0,24040.0,1,
5001800US3914,OH-14,500000.0,inf,6210.0,1,
5001800US3915,OH-15,-inf,1.0,4140.0,1,
5001800US3915,OH-15,1.0,10000.0,33770.0,1,
5001800US3915,OH-15,10000.0,25000.0,51690.0,1,
5001800US3915,OH-15,25000.0,50000.0,83140.0,1,
5001800US3915,OH-15,50000.0,75000.0,61100.0,1,
5001800US3915,OH-15,75000.0,100000.0,40560.0,1,
5001800US3915,OH-15,100000.0,200000.0,64250.0,1,
5001800US3915,OH-15,200000.0,500000.0,19030.0,1,
5001800US3915,OH-15,500000.0,inf,3710.0,1,
5001800US3916,,-inf,1.0,4040.0,1,
5001800US3916,,1.0,10000.0,37920.0,1,
5001800US3916,,10000.0,25000.0,51670.0,1,
5001800US3916,,25000.0,50000.0,82310.0,1,
5001800US3916,,50000.0,75000.0,64810.0,1,
5001800US3916,,75000.0,100000.0,43460.0,1,
5001800US3916,,100000.0,200000.0,70010.0,1,
5001800US3916,,200000.0,500000.0,20400.0,1,
5001800US3916,,500000.0,inf,4180.0,1,
5001800US4001,OK-01,-inf,1.0,5750.0,1,
5001800US4001,OK-01,1.0,10000.0,39570.0,1,
5001800US4001,OK-01,10000.0,25000.0,64040.0,1,
5001800US4001,OK-01,25000.0,50000.0,90000.0,1,
5001800US4001,OK-01,50000.0,75000.0,52190.0,1,
5001800US4001,OK-01,75000.0,100000.0,32910.0,1,
5001800US4001,OK-01,100000.0,200000.0,54820.0,1,
5001800US4001,OK-01,200000.0,500000.0,19080.0,1,
5001800US4001,OK-01,500000.0,inf,4910.0,1,
5001800US4002,OK-02,-inf,1.0,7560.0,1,
5001800US4002,OK-02,1.0,10000.0,36200.0,1,
5001800US4002,OK-02,10000.0,25000.0,58280.0,1,
5001800US4002,OK-02,25000.0,50000.0,78350.0,1,
5001800US4002,OK-02,50000.0,75000.0,42550.0,1,
5001800US4002,OK-02,75000.0,100000.0,26170.0,1,
5001800US4002,OK-02,100000.0,200000.0,34430.0,1,
5001800US4002,OK-02,200000.0,500000.0,6910.0,1,
5001800US4002,OK-02,500000.0,inf,1300.0,1,
5001800US4003,OK-03,-inf,1.0,7390.0,1,
5001800US4003,OK-03,1.0,10000.0,36610.0,1,
5001800US4003,OK-03,10000.0,25000.0,56710.0,1,
5001800US4003,OK-03,25000.0,50000.0,78150.0,1,
5001800US4003,OK-03,50000.0,75000.0,47530.0,1,
5001800US4003,OK-03,75000.0,100000.0,32010.0,1,
5001800US4003,OK-03,100000.0,200000.0,50050.0,1,
5001800US4003,OK-03,200000.0,500000.0,12700.0,1,
5001800US4003,OK-03,500000.0,inf,2190.0,1,
5001800US4004,OK-04,-inf,1.0,6180.0,1,
5001800US4004,OK-04,1.0,10000.0,36430.0,1,
5001800US4004,OK-04,10000.0,25000.0,60520.0,1,
5001800US4004,OK-04,25000.0,50000.0,84710.0,1,
5001800US4004,OK-04,50000.0,75000.0,51990.0,1,
5001800US4004,OK-04,75000.0,100000.0,33950.0,1,
5001800US4004,OK-04,100000.0,200000.0,52760.0,1,
5001800US4004,OK-04,200000.0,500000.0,12600.0,1,
5001800US4004,OK-04,500000.0,inf,2340.0,1,
5001800US4005,OK-05,-inf,1.0,6010.0,1,
5001800US4005,OK-05,1.0,10000.0,39120.0,1,
5001800US4005,OK-05,10000.0,25000.0,68330.0,1,
5001800US4005,OK-05,25000.0,50000.0,92990.0,1,
5001800US4005,OK-05,50000.0,75000.0,50500.0,1,
5001800US4005,OK-05,75000.0,100000.0,29720.0,1,
5001800US4005,OK-05,100000.0,200000.0,47110.0,1,
5001800US4005,OK-05,200000.0,500000.0,17560.0,1,
5001800US4005,OK-05,500000.0,inf,5250.0,1,
5001800US4101,OR-01,-inf,1.0,5400.0,1,
5001800US4101,OR-01,1.0,10000.0,37240.0,1,
5001800US4101,OR-01,10000.0,25000.0,51430.0,1,
5001800US4101,OR-01,25000.0,50000.0,85400.0,1,
5001800US4101,OR-01,50000.0,75000.0,62310.0,1,
5001800US4101,OR-01,75000.0,100000.0,44550.0,1,
5001800US4101,OR-01,100000.0,200000.0,86460.0,1,
5001800US4101,OR-01,200000.0,500000.0,38250.0,1,
5001800US4101,OR-01,500000.0,inf,6340.0,1,
5001800US4102,OR-02,-inf,1.0,7930.0,1,
5001800US4102,OR-02,1.0,10000.0,41970.0,1,
5001800US4102,OR-02,10000.0,25000.0,64650.0,1,
5001800US4102,OR-02,25000.0,50000.0,97770.0,1,
5001800US4102,OR-02,50000.0,75000.0,60110.0,1,
5001800US4102,OR-02,75000.0,100000.0,39860.0,1,
5001800US4102,OR-02,100000.0,200000.0,62880.0,1,
5001800US4102,OR-02,200000.0,500000.0,19010.0,1,
5001800US4102,OR-02,500000.0,inf,4170.0,1,
5001800US4103,OR-03,-inf,1.0,5660.0,1,
5001800US4103,OR-03,1.0,10000.0,37420.0,1,
5001800US4103,OR-03,10000.0,25000.0,58270.0,1,
5001800US4103,OR-03,25000.0,50000.0,96330.0,1,
5001800US4103,OR-03,50000.0,75000.0,67440.0,1,
5001800US4103,OR-03,75000.0,100000.0,44290.0,1,
5001800US4103,OR-03,100000.0,200000.0,73570.0,1,
5001800US4103,OR-03,200000.0,500000.0,27690.0,1,
5001800US4103,OR-03,500000.0,inf,4780.0,1,
5001800US4104,OR-04,-inf,1.0,6790.0,1,
5001800US4104,OR-04,1.0,10000.0,41600.0,1,
5001800US4104,OR-04,10000.0,25000.0,65080.0,1,
5001800US4104,OR-04,25000.0,50000.0,92960.0,1,
5001800US4104,OR-04,50000.0,75000.0,55840.0,1,
5001800US4104,OR-04,75000.0,100000.0,37590.0,1,
5001800US4104,OR-04,100000.0,200000.0,56800.0,1,
5001800US4104,OR-04,200000.0,500000.0,14710.0,1,
5001800US4104,OR-04,500000.0,inf,2880.0,1,
5001800US4105,OR-05,-inf,1.0,6090.0,1,
5001800US4105,OR-05,1.0,10000.0,38190.0,1,
5001800US4105,OR-05,10000.0,25000.0,56720.0,1,
5001800US4105,OR-05,25000.0,50000.0,90510.0,1,
5001800US4105,OR-05,50000.0,75000.0,61550.0,1,
5001800US4105,OR-05,75000.0,100000.0,42430.0,1,
5001800US4105,OR-05,100000.0,200000.0,74170.0,1,
5001800US4105,OR-05,200000.0,500000.0,24450.0,1,
5001800US4105,OR-05,500000.0,inf,5190.0,1,
5001800US4201,PA-01,-inf,1.0,4550.0,1,
5001800US4201,PA-01,1.0,10000.0,41330.0,1,
5001800US4201,PA-01,10000.0,25000.0,44330.0,1,
5001800US4201,PA-01,25000.0,50000.0,65690.0,1,
5001800US4201,PA-01,50000.0,75000.0,52570.0,1,
5001800US4201,PA-01,75000.0,100000.0,38800.0,1,
5001800US4201,PA-01,100000.0,200000.0,80480.0,1,
5001800US4201,PA-01,200000.0,500000.0,39450.0,1,
5001800US4201,PA-01,500000.0,inf,9030.0,1,
5001800US4202,PA-02,-inf,1.0,5110.0,1,
5001800US4202,PA-02,1.0,10000.0,35830.0,1,
5001800US4202,PA-02,10000.0,25000.0,67010.0,1,
5001800US4202,PA-02,25000.0,50000.0,85840.0,1,
5001800US4202,PA-02,50000.0,75000.0,47790.0,1,
5001800US4202,PA-02,75000.0,100000.0,25530.0,1,
5001800US4202,PA-02,100000.0,200000.0,29520.0,1,
5001800US4202,PA-02,200000.0,500000.0,5920.0,1,
5001800US4202,PA-02,500000.0,inf,610.0,1,
5001800US4203,PA-03,-inf,1.0,4420.0,1,
5001800US4203,PA-03,1.0,10000.0,31770.0,1,
5001800US4203,PA-03,10000.0,25000.0,59510.0,1,
5001800US4203,PA-03,25000.0,50000.0,83380.0,1,
5001800US4203,PA-03,50000.0,75000.0,54910.0,1,
5001800US4203,PA-03,75000.0,100000.0,30770.0,1,
5001800US4203,PA-03,100000.0,200000.0,39970.0,1,
5001800US4203,PA-03,200000.0,500000.0,16660.0,1,
5001800US4203,PA-03,500000.0,inf,4420.0,1,
5001800US4204,PA-04,-inf,1.0,5440.0,1,
5001800US4204,PA-04,1.0,10000.0,43070.0,1,
5001800US4204,PA-04,10000.0,25000.0,44290.0,1,
5001800US4204,PA-04,25000.0,50000.0,66220.0,1,
5001800US4204,PA-04,50000.0,75000.0,55070.0,1,
5001800US4204,PA-04,75000.0,100000.0,41340.0,1,
5001800US4204,PA-04,100000.0,200000.0,87750.0,1,
5001800US4204,PA-04,200000.0,500000.0,46960.0,1,
5001800US4204,PA-04,500000.0,inf,11450.0,1,
5001800US4205,PA-05,-inf,1.0,4500.0,1,
5001800US4205,PA-05,1.0,10000.0,35850.0,1,
5001800US4205,PA-05,10000.0,25000.0,53190.0,1,
5001800US4205,PA-05,25000.0,50000.0,72010.0,1,
5001800US4205,PA-05,50000.0,75000.0,50080.0,1,
5001800US4205,PA-05,75000.0,100000.0,32650.0,1,
5001800US4205,PA-05,100000.0,200000.0,58000.0,1,
5001800US4205,PA-05,200000.0,500000.0,28300.0,1,
5001800US4205,PA-05,500000.0,inf,8390.0,1,
5001800US4206,PA-06,-inf,1.0,4480.0,1,
5001800US4206,PA-06,1.0,10000.0,39010.0,1,
5001800US4206,PA-06,10000.0,25000.0,45460.0,1,
5001800US4206,PA-06,25000.0,50000.0,65590.0,1,
5001800US4206,PA-06,50000.0,75000.0,46270.0,1,
5001800US4206,PA-06,75000.0,100000.0,32170.0,1,
5001800US4206,PA-06,100000.0,200000.0,67810.0,1,
5001800US4206,PA-06,200000.0,500000.0,39780.0,1,
5001800US4206,PA-06,500000.0,inf,9890.0,1,
5001800US4207,PA-07,-inf,1.0,4970.0,1,
5001800US4207,PA-07,1.0,10000.0,44280.0,1,
5001800US4207,PA-07,10000.0,25000.0,58930.0,1,
5001800US4207,PA-07,25000.0,50000.0,84830.0,1,
5001800US4207,PA-07,50000.0,75000.0,57320.0,1,
5001800US4207,PA-07,75000.0,100000.0,37090.0,1,
5001800US4207,PA-07,100000.0,200000.0,64010.0,1,
5001800US4207,PA-07,200000.0,500000.0,21240.0,1,
5001800US4207,PA-07,500000.0,inf,3820.0,1,
5001800US4208,PA-08,-inf,1.0,5170.0,1,
5001800US4208,PA-08,1.0,10000.0,44430.0,1,
5001800US4208,PA-08,10000.0,25000.0,60130.0,1,
5001800US4208,PA-08,25000.0,50000.0,86170.0,1,
5001800US4208,PA-08,50000.0,75000.0,52120.0,1,
5001800US4208,PA-08,75000.0,100000.0,33020.0,1,
5001800US4208,PA-08,100000.0,200000.0,49530.0,1,
5001800US4208,PA-08,200000.0,500000.0,11970.0,1,
5001800US4208,PA-08,500000.0,inf,2150.0,1,
5001800US4209,PA-09,-inf,1.0,4910.0,1,
5001800US4209,PA-09,1.0,10000.0,43240.0,1,
5001800US4209,PA-09,10000.0,25000.0,52240.0,1,
5001800US4209,PA-09,25000.0,50000.0,79530.0,1,
5001800US4209,PA-09,50000.0,75000.0,55710.0,1,
5001800US4209,PA-09,75000.0,100000.0,37130.0,1,
5001800US4209,PA-09,100000.0,200000.0,58110.0,1,
5001800US4209,PA-09,200000.0,500000.0,12850.0,1,
5001800US4209,PA-09,500000.0,inf,2060.0,1,
5001800US4210,PA-10,-inf,1.0,5020.0,1,
5001800US4210,PA-10,1.0,10000.0,44850.0,1,
5001800US4210,PA-10,10000.0,25000.0,57830.0,1,
5001800US4210,PA-10,25000.0,50000.0,89430.0,1,
5001800US4210,PA-10,50000.0,75000.0,60530.0,1,
5001800US4210,PA-10,75000.0,100000.0,39550.0,1,
5001800US4210,PA-10,100000.0,200000.0,66660.0,1,
5001800US4210,PA-10,200000.0,500000.0,19000.0,1,
5001800US4210,PA-10,500000.0,inf,3760.0,1,
5001800US4211,PA-11,-inf,1.0,3900.0,1,
5001800US4211,PA-11,1.0,10000.0,43510.0,1,
5001800US4211,PA-11,10000.0,25000.0,51990.0,1,
5001800US4211,PA-11,25000.0,50000.0,81890.0,1,
5001800US4211,PA-11,50000.0,75000.0,60430.0,1,
5001800US4211,PA-11,75000.0,100000.0,41490.0,1,
5001800US4211,PA-11,100000.0,200000.0,68960.0,1,
5001800US4211,PA-11,200000.0,500000.0,17810.0,1,
5001800US4211,PA-11,500000.0,inf,3480.0,1,
5001800US4212,PA-12,-inf,1.0,4400.0,1,
5001800US4212,PA-12,1.0,10000.0,40250.0,1,
5001800US4212,PA-12,10000.0,25000.0,47360.0,1,
5001800US4212,PA-12,25000.0,50000.0,72270.0,1,
5001800US4212,PA-12,50000.0,75000.0,48350.0,1,
5001800US4212,PA-12,75000.0,100000.0,32910.0,1,
5001800US4212,PA-12,100000.0,200000.0,48540.0,1,
5001800US4212,PA-12,200000.0,500000.0,11650.0,1,
5001800US4212,PA-12,500000.0,inf,2450.0,1,
5001800US4213,PA-13,-inf,1.0,5430.0,1,
5001800US4213,PA-13,1.0,10000.0,43210.0,1,
5001800US4213,PA-13,10000.0,25000.0,54360.0,1,
5001800US4213,PA-13,25000.0,50000.0,80440.0,1,
5001800US4213,PA-13,50000.0,75000.0,53200.0,1,
5001800US4213,PA-13,75000.0,100000.0,35460.0,1,
5001800US4213,PA-13,100000.0,200000.0,52130.0,1,
5001800US4213,PA-13,200000.0,500000.0,10320.0,1,
5001800US4213,PA-13,500000.0,inf,1880.0,1,
5001800US4214,PA-14,-inf,1.0,4540.0,1,
5001800US4214,PA-14,1.0,10000.0,41500.0,1,
5001800US4214,PA-14,10000.0,25000.0,50040.0,1,
5001800US4214,PA-14,25000.0,50000.0,73650.0,1,
5001800US4214,PA-14,50000.0,75000.0,49970.0,1,
5001800US4214,PA-14,75000.0,100000.0,34970.0,1,
5001800US4214,PA-14,100000.0,200000.0,60830.0,1,
5001800US4214,PA-14,200000.0,500000.0,17400.0,1,
5001800US4214,PA-14,500000.0,inf,3310.0,1,
5001800US4215,PA-15,-inf,1.0,5820.0,1,
5001800US4215,PA-15,1.0,10000.0,43640.0,1,
5001800US4215,PA-15,10000.0,25000.0,52280.0,1,
5001800US4215,PA-15,25000.0,50000.0,78690.0,1,
5001800US4215,PA-15,50000.0,75000.0,50750.0,1,
5001800US4215,PA-15,75000.0,100000.0,33920.0,1,
5001800US4215,PA-15,100000.0,200000.0,47940.0,1,
5001800US4215,PA-15,200000.0,500000.0,8760.0,1,
5001800US4215,PA-15,500000.0,inf,1530.0,1,
5001800US4216,PA-16,-inf,1.0,5130.0,1,
5001800US4216,PA-16,1.0,10000.0,45010.0,1,
5001800US4216,PA-16,10000.0,25000.0,55220.0,1,
5001800US4216,PA-16,25000.0,50000.0,79180.0,1,
5001800US4216,PA-16,50000.0,75000.0,49170.0,1,
5001800US4216,PA-16,75000.0,100000.0,32250.0,1,
5001800US4216,PA-16,100000.0,200000.0,49610.0,1,
5001800US4216,PA-16,200000.0,500000.0,13500.0,1,
5001800US4216,PA-16,500000.0,inf,2750.0,1,
5001800US4217,PA-17,-inf,1.0,4450.0,1,
5001800US4217,PA-17,1.0,10000.0,45160.0,1,
5001800US4217,PA-17,10000.0,25000.0,50120.0,1,
5001800US4217,PA-17,25000.0,50000.0,78270.0,1,
5001800US4217,PA-17,50000.0,75000.0,57200.0,1,
5001800US4217,PA-17,75000.0,100000.0,40410.0,1,
5001800US4217,PA-17,100000.0,200000.0,75350.0,1,
5001800US4217,PA-17,200000.0,500000.0,30120.0,1,
5001800US4217,PA-17,500000.0,inf,6870.0,1,
5001800US4218,,-inf,1.0,4850.0,1,
5001800US4218,,1.0,10000.0,39980.0,1,
5001800US4218,,10000.0,25000.0,55150.0,1,
5001800US4218,,25000.0,50000.0,84370.0,1,
5001800US4218,,50000.0,75000.0,54540.0,1,
5001800US4218,,75000.0,100000.0,33960.0,1,
5001800US4218,,100000.0,200000.0,53980.0,1,
5001800US4218,,200000.0,500000.0,17650.0,1,
5001800US4218,,500000.0,inf,3870.0,1,
5001800US4401,RI-01,-inf,1.0,4140.0,1,
5001800US4401,RI-01,1.0,10000.0,31660.0,1,
5001800US4401,RI-01,10000.0,25000.0,43660.0,1,
5001800US4401,RI-01,25000.0,50000.0,65810.0,1,
5001800US4401,RI-01,50000.0,75000.0,45340.0,1,
5001800US4401,RI-01,75000.0,100000.0,28950.0,1,
5001800US4401,RI-01,100000.0,200000.0,45660.0,1,
5001800US4401,RI-01,200000.0,500000.0,15900.0,1,
5001800US4401,RI-01,500000.0,inf,3500.0,1,
5001800US4402,RI-02,-inf,1.0,4340.0,1,
5001800US4402,RI-02,1.0,10000.0,31420.0,1,
5001800US4402,RI-02,10000.0,25000.0,43390.0,1,
5001800US4402,RI-02,25000.0,50000.0,62920.0,1,
5001800US4402,RI-02,50000.0,75000.0,44110.0,1,
5001800US4402,RI-02,75000.0,100000.0,29410.0,1,
5001800US4402,RI-02,100000.0,200000.0,49560.0,1,
5001800US4402,RI-02,200000.0,500000.0,15700.0,1,
5001800US4402,RI-02,500000.0,inf,2880.0,1,
5001800US4501,SC-01,-inf,1.0,5560.0,1,
5001800US4501,SC-01,1.0,10000.0,39500.0,1,
5001800US4501,SC-01,10000.0,25000.0,60470.0,1,
5001800US4501,SC-01,25000.0,50000.0,92610.0,1,
5001800US4501,SC-01,50000.0,75000.0,62820.0,1,
5001800US4501,SC-01,75000.0,100000.0,41060.0,1,
5001800US4501,SC-01,100000.0,200000.0,78250.0,1,
5001800US4501,SC-01,200000.0,500000.0,32890.0,1,
5001800US4501,SC-01,500000.0,inf,9370.0,1,
5001800US4502,SC-02,-inf,1.0,4590.0,1,
5001800US4502,SC-02,1.0,10000.0,35360.0,1,
5001800US4502,SC-02,10000.0,25000.0,58970.0,1,
5001800US4502,SC-02,25000.0,50000.0,81920.0,1,
5001800US4502,SC-02,50000.0,75000.0,51630.0,1,
5001800US4502,SC-02,75000.0,100000.0,33540.0,1,
5001800US4502,SC-02,100000.0,200000.0,56740.0,1,
5001800US4502,SC-02,200000.0,500000.0,16850.0,1,
5001800US4502,SC-02,500000.0,inf,3270.0,1,
5001800US4503,SC-03,-inf,1.0,4600.0,1,
5001800US4503,SC-03,1.0,10000.0,35320.0,1,
5001800US4503,SC-03,10000.0,25000.0,59450.0,1,
5001800US4503,SC-03,25000.0,50000.0,82630.0,1,
5001800US4503,SC-03,50000.0,75000.0,45760.0,1,
5001800US4503,SC-03,75000.0,100000.0,28440.0,1,
5001800US4503,SC-03,100000.0,200000.0,43590.0,1,
5001800US4503,SC-03,200000.0,500000.0,11160.0,1,
5001800US4503,SC-03,500000.0,inf,2160.0,1,
5001800US4504,SC-04,-inf,1.0,4630.0,1,
5001800US4504,SC-04,1.0,10000.0,39980.0,1,
5001800US4504,SC-04,10000.0,25000.0,63400.0,1,
5001800US4504,SC-04,25000.0,50000.0,91650.0,1,
5001800US4504,SC-04,50000.0,75000.0,54950.0,1,
5001800US4504,SC-04,75000.0,100000.0,33760.0,1,
5001800US4504,SC-04,100000.0,200000.0,55130.0,1,
5001800US4504,SC-04,200000.0,500000.0,18880.0,1,
5001800US4504,SC-04,500000.0,inf,4350.0,1,
5001800US4505,SC-05,-inf,1.0,4170.0,1,
5001800US4505,SC-05,1.0,10000.0,36300.0,1,
5001800US4505,SC-05,10000.0,25000.0,62410.0,1,
5001800US4505,SC-05,25000.0,50000.0,86930.0,1,
5001800US4505,SC-05,50000.0,75000.0,50310.0,1,
5001800US4505,SC-05,75000.0,100000.0,31170.0,1,
5001800US4505,SC-05,100000.0,200000.0,52680.0,1,
5001800US4505,SC-05,200000.0,500000.0,17200.0,1,
5001800US4505,SC-05,500000.0,inf,2530.0,1,
5001800US4506,SC-06,-inf,1.0,4540.0,1,
5001800US4506,SC-06,1.0,10000.0,34490.0,1,
5001800US4506,SC-06,10000.0,25000.0,69450.0,1,
5001800US4506,SC-06,25000.0,50000.0,83770.0,1,
5001800US4506,SC-06,50000.0,75000.0,38150.0,1,
5001800US4506,SC-06,75000.0,100000.0,18980.0,1,
5001800US4506,SC-06,100000.0,200000.0,23520.0,1,
5001800US4506,SC-06,200000.0,500000.0,5730.0,1,
5001800US4506,SC-06,500000.0,inf,1320.0,1,
5001800US4507,SC-07,-inf,1.0,6040.0,1,
5001800US4507,SC-07,1.0,10000.0,43830.0,1,
5001800US4507,SC-07,10000.0,25000.0,77780.0,1,
5001800US4507,SC-07,25000.0,50000.0,94020.0,1,
5001800US4507,SC-07,50000.0,75000.0,49130.0,1,
5001800US4507,SC-07,75000.0,100000.0,30000.0,1,
5001800US4507,SC-07,100000.0,200000.0,45330.0,1,
5001800US4507,SC-07,200000.0,500000.0,12210.0,1,
5001800US4507,SC-07,500000.0,inf,2780.0,1,
5001800US4600,SD-01,-inf,1.0,7520.0,1,
5001800US4600,SD-01,1.0,10000.0,44210.0,1,
5001800US4600,SD-01,10000.0,25000.0,64540.0,1,
5001800US4600,SD-01,25000.0,50000.0,105060.0,1,
5001800US4600,SD-01,50000.0,75000.0,69440.0,1,
5001800US4600,SD-01,75000.0,100000.0,46080.0,1,
5001800US4600,SD-01,100000.0,200000.0,77020.0,1,
5001800US4600,SD-01,200000.0,500000.0,21790.0,1,
5001800US4600,SD-01,500000.0,inf,5750.0,1,
5001800US4701,TN-01,-inf,1.0,5240.0,1,
5001800US4701,TN-01,1.0,10000.0,37320.0,1,
5001800US4701,TN-01,10000.0,25000.0,65330.0,1,
5001800US4701,TN-01,25000.0,50000.0,88240.0,1,
5001800US4701,TN-01,50000.0,75000.0,48360.0,1,
5001800US4701,TN-01,75000.0,100000.0,30040.0,1,
5001800US4701,TN-01,100000.0,200000.0,40330.0,1,
5001800US4701,TN-01,200000.0,500000.0,10060.0,1,
5001800US4701,TN-01,500000.0,inf,2240.0,1,
5001800US4702,TN-02,-inf,1.0,4760.0,1,
5001800US4702,TN-02,1.0,10000.0,35010.0,1,
5001800US4702,TN-02,10000.0,25000.0,59650.0,1,
5001800US4702,TN-02,25000.0,50000.0,86160.0,1,
5001800US4702,TN-02,50000.0,75000.0,54030.0,1,
5001800US4702,TN-02,75000.0,100000.0,36060.0,1,
5001800US4702,TN-02,100000.0,200000.0,61190.0,1,
5001800US4702,TN-02,200000.0,500000.0,20570.0,1,
5001800US4702,TN-02,500000.0,inf,4740.0,1,
5001800US4703,TN-03,-inf,1.0,5130.0,1,
5001800US4703,TN-03,1.0,10000.0,34280.0,1,
5001800US4703,TN-03,10000.0,25000.0,59660.0,1,
5001800US4703,TN-03,25000.0,50000.0,84550.0,1,
5001800US4703,TN-03,50000.0,75000.0,51870.0,1,
5001800US4703,TN-03,75000.0,100000.0,33390.0,1,
5001800US4703,TN-03,100000.0,200000.0,52240.0,1,
5001800US4703,TN-03,200000.0,500000.0,15340.0,1,
5001800US4703,TN-03,500000.0,inf,3200.0,1,
5001800US4704,TN-04,-inf,1.0,5740.0,1,
5001800US4704,TN-04,1.0,10000.0,39050.0,1,
5001800US4704,TN-04,10000.0,25000.0,68030.0,1,
5001800US4704,TN-04,25000.0,50000.0,98730.0,1,
5001800US4704,TN-04,50000.0,75000.0,62790.0,1,
5001800US4704,TN-04,75000.0,100000.0,39460.0,1,
5001800US4704,TN-04,100000.0,200000.0,60440.0,1,
5001800US4704,TN-04,200000.0,500000.0,14350.0,1,
5001800US4704,TN-04,500000.0,inf,2440.0,1,
5001800US4705,TN-05,-inf,1.0,5860.0,1,
5001800US4705,TN-05,1.0,10000.0,36280.0,1,
5001800US4705,TN-05,10000.0,25000.0,63350.0,1,
5001800US4705,TN-05,25000.0,50000.0,98120.0,1,
5001800US4705,TN-05,50000.0,75000.0,66300.0,1,
5001800US4705,TN-05,75000.0,100000.0,37990.0,1,
5001800US4705,TN-05,100000.0,200000.0,57040.0,1,
5001800US4705,TN-05,200000.0,500000.0,23520.0,1,
5001800US4705,TN-05,500000.0,inf,8330.0,1,
5001800US4706,TN-06,-inf,1.0,6160.0,1,
5001800US4706,TN-06,1.0,10000.0,39150.0,1,
5001800US4706,TN-06,10000.0,25000.0,63780.0,1,
5001800US4706,TN-06,25000.0,50000.0,92260.0,1,
5001800US4706,TN-06,50000.0,75000.0,58720.0,1,
5001800US4706,TN-06,75000.0,100000.0,39840.0,1,
5001800US4706,TN-06,100000.0,200000.0,64090.0,1,
5001800US4706,TN-06,200000.0,500000.0,17820.0,1,
5001800US4706,TN-06,500000.0,inf,3260.0,1,
5001800US4707,TN-07,-inf,1.0,6490.0,1,
5001800US4707,TN-07,1.0,10000.0,35960.0,1,
5001800US4707,TN-07,10000.0,25000.0,58300.0,1,
5001800US4707,TN-07,25000.0,50000.0,83680.0,1,
5001800US4707,TN-07,50000.0,75000.0,52240.0,1,
5001800US4707,TN-07,75000.0,100000.0,33810.0,1,
5001800US4707,TN-07,100000.0,200000.0,57530.0,1,
5001800US4707,TN-07,200000.0,500000.0,26140.0,1,
5001800US4707,TN-07,500000.0,inf,7980.0,1,
5001800US4708,TN-08,-inf,1.0,5090.0,1,
5001800US4708,TN-08,1.0,10000.0,31810.0,1,
5001800US4708,TN-08,10000.0,25000.0,56060.0,1,
5001800US4708,TN-08,25000.0,50000.0,73710.0,1,
5001800US4708,TN-08,50000.0,75000.0,46520.0,1,
5001800US4708,TN-08,75000.0,100000.0,30860.0,1,
5001800US4708,TN-08,100000.0,200000.0,54260.0,1,
5001800US4708,TN-08,200000.0,500000.0,20380.0,1,
5001800US4708,TN-08,500000.0,inf,5760.0,1,
5001800US4709,TN-09,-inf,1.0,4220.0,1,
5001800US4709,TN-09,1.0,10000.0,30630.0,1,
5001800US4709,TN-09,10000.0,25000.0,89580.0,1,
5001800US4709,TN-09,25000.0,50000.0,90380.0,1,
5001800US4709,TN-09,50000.0,75000.0,41860.0,1,
5001800US4709,TN-09,75000.0,100000.0,19460.0,1,
5001800US4709,TN-09,100000.0,200000.0,21280.0,1,
5001800US4709,TN-09,200000.0,500000.0,5440.0,1,
5001800US4709,TN-09,500000.0,inf,1280.0,1,
5001800US4801,TX-01,-inf,1.0,5930.0,1,
5001800US4801,TX-01,1.0,10000.0,33590.0,1,
5001800US4801,TX-01,10000.0,25000.0,66560.0,1,
5001800US4801,TX-01,25000.0,50000.0,79580.0,1,
5001800US4801,TX-01,50000.0,75000.0,44000.0,1,
5001800US4801,TX-01,75000.0,100000.0,27750.0,1,
5001800US4801,TX-01,100000.0,200000.0,42250.0,1,
5001800US4801,TX-01,200000.0,500000.0,11410.0,1,
5001800US4801,TX-01,500000.0,inf,3210.0,1,
5001800US4802,TX-02,-inf,1.0,7350.0,1,
5001800US4802,TX-02,1.0,10000.0,35280.0,1,
5001800US4802,TX-02,10000.0,25000.0,65370.0,1,
5001800US4802,TX-02,25000.0,50000.0,80420.0,1,
5001800US4802,TX-02,50000.0,75000.0,55980.0,1,
5001800US4802,TX-02,75000.0,100000.0,35110.0,1,
5001800US4802,TX-02,100000.0,200000.0,64980.0,1,
5001800US4802,TX-02,200000.0,500000.0,32770.0,1,
5001800US4802,TX-02,500000.0,inf,9080.0,1,
5001800US4803,TX-03,-inf,1.0,6920.0,1,
5001800US4803,TX-03,1.0,10000.0,39590.0,1,
5001800US4803,TX-03,10000.0,25000.0,56750.0,1,
5001800US4803,TX-03,25000.0,50000.0,73800.0,1,
5001800US4803,TX-03,50000.0,75000.0,56160.0,1,
5001800US4803,TX-03,75000.0,100000.0,41790.0,1,
5001800US4803,TX-03,100000.0,200000.0,101300.0,1,
5001800US4803,TX-03,200000.0,500000.0,66030.0,1,
5001800US4803,TX-03,500000.0,inf,13360.0,1,
5001800US4804,TX-04,-inf,1.0,7090.0,1,
5001800US4804,TX-04,1.0,10000.0,34920.0,1,
5001800US4804,TX-04,10000.0,25000.0,64320.0,1,
5001800US4804,TX-04,25000.0,50000.0,84740.0,1,
5001800US4804,TX-04,50000.0,75000.0,51780.0,1,
5001800US4804,TX-04,75000.0,100000.0,34880.0,1,
5001800US4804,TX-04,100000.0,200000.0,59480.0,1,
5001800US4804,TX-04,200000.0,500000.0,19520.0,1,
5001800US4804,TX-04,500000.0,inf,3970.0,1,
5001800US4805,TX-05,-inf,1.0,6850.0,1,
5001800US4805,TX-05,1.0,10000.0,33880.0,1,
5001800US4805,TX-05,10000.0,25000.0,71260.0,1,
5001800US4805,TX-05,25000.0,50000.0,89970.0,1,
5001800US4805,TX-05,50000.0,75000.0,52050.0,1,
5001800US4805,TX-05,75000.0,100000.0,30400.0,1,
5001800US4805,TX-05,100000.0,200000.0,44620.0,1,
5001800US4805,TX-05,200000.0,500000.0,13490.0,1,
5001800US4805,TX-05,500000.0,inf,3210.0,1,
5001800US4806,TX-06,-inf,1.0,5360.0,1,
5001800US4806,TX-06,1.0,10000.0,36460.0,1,
5001800US4806,TX-06,10000.0,25000.0,73880.0,1,
5001800US4806,TX-06,25000.0,50000.0,95520.0,1,
5001800US4806,TX-06,50000.0,75000.0,62310.0,1,
5001800US4806,TX-06,75000.0,100000.0,38810.0,1,
5001800US4806,TX-06,100000.0,200000.0,66950.0,1,
5001800US4806,TX-06,200000.0,500000.0,20040.0,1,
5001800US4806,TX-06,500000.0,inf,2980.0,1,
5001800US4807,TX-07,-inf,1.0,7530.0,1,
5001800US4807,TX-07,1.0,10000.0,36540.0,1,
5001800US4807,TX-07,10000.0,25000.0,64720.0,1,
5001800US4807,TX-07,25000.0,50000.0,75640.0,1,
5001800US4807,TX-07,50000.0,75000.0,49640.0,1,
5001800US4807,TX-07,75000.0,100000.0,29410.0,1,
5001800US4807,TX-07,100000.0,200000.0,51900.0,1,
5001800US4807,TX-07,200000.0,500000.0,33460.0,1,
5001800US4807,TX-07,500000.0,inf,18600.0,1,
5001800US4808,TX-08,-inf,1.0,8550.0,1,
5001800US4808,TX-08,1.0,10000.0,40720.0,1,
5001800US4808,TX-08,10000.0,25000.0,70960.0,1,
5001800US4808,TX-08,25000.0,50000.0,84560.0,1,
5001800US4808,TX-08,50000.0,75000.0,56590.0,1,
5001800US4808,TX-08,75000.0,100000.0,38440.0,1,
5001800US4808,TX-08,100000.0,200000.0,76050.0,1,
5001800US4808,TX-08,200000.0,500000.0,36510.0,1,
5001800US4808,TX-08,500000.0,inf,8950.0,1,
5001800US4809,TX-09,-inf,1.0,6050.0,1,
5001800US4809,TX-09,1.0,10000.0,42400.0,1,
5001800US4809,TX-09,10000.0,25000.0,93600.0,1,
5001800US4809,TX-09,25000.0,50000.0,96820.0,1,
5001800US4809,TX-09,50000.0,75000.0,48160.0,1,
5001800US4809,TX-09,75000.0,100000.0,22480.0,1,
5001800US4809,TX-09,100000.0,200000.0,27050.0,1,
5001800US4809,TX-09,200000.0,500000.0,6920.0,1,
5001800US4809,TX-09,500000.0,inf,1160.0,1,
5001800US4810,TX-10,-inf,1.0,7950.0,1,
5001800US4810,TX-10,1.0,10000.0,42000.0,1,
5001800US4810,TX-10,10000.0,25000.0,70830.0,1,
5001800US4810,TX-10,25000.0,50000.0,96190.0,1,
5001800US4810,TX-10,50000.0,75000.0,66790.0,1,
5001800US4810,TX-10,75000.0,100000.0,43640.0,1,
5001800US4810,TX-10,100000.0,200000.0,84890.0,1,
5001800US4810,TX-10,200000.0,500000.0,42240.0,1,
5001800US4810,TX-10,500000.0,inf,9880.0,1,
5001800US4811,TX-11,-inf,1.0,7430.0,1,
5001800US4811,TX-11,1.0,10000.0,33850.0,1,
5001800US4811,TX-11,10000.0,25000.0,61220.0,1,
5001800US4811,TX-11,25000.0,50000.0,79430.0,1,
5001800US4811,TX-11,50000.0,75000.0,50840.0,1,
5001800US4811,TX-11,75000.0,100000.0,34170.0,1,
5001800US4811,TX-11,100000.0,200000.0,55730.0,1,
5001800US4811,TX-11,200000.0,500000.0,17550.0,1,
5001800US4811,TX-11,500000.0,inf,5410.0,1,
5001800US4812,TX-12,-inf,1.0,6310.0,1,
5001800US4812,TX-12,1.0,10000.0,35430.0,1,
5001800US4812,TX-12,10000.0,25000.0,68060.0,1,
5001800US4812,TX-12,25000.0,50000.0,92820.0,1,
5001800US4812,TX-12,50000.0,75000.0,62680.0,1,
5001800US4812,TX-12,75000.0,100000.0,42000.0,1,
5001800US4812,TX-12,100000.0,200000.0,74630.0,1,
5001800US4812,TX-12,200000.0,500000.0,26520.0,1,
5001800US4812,TX-12,500000.0,inf,6570.0,1,
5001800US4813,TX-13,-inf,1.0,6580.0,1,
5001800US4813,TX-13,1.0,10000.0,31000.0,1,
5001800US4813,TX-13,10000.0,25000.0,57410.0,1,
5001800US4813,TX-13,25000.0,50000.0,75180.0,1,
5001800US4813,TX-13,50000.0,75000.0,46730.0,1,
5001800US4813,TX-13,75000.0,100000.0,29830.0,1,
5001800US4813,TX-13,100000.0,200000.0,46330.0,1,
5001800US4813,TX-13,200000.0,500000.0,11630.0,1,
5001800US4813,TX-13,500000.0,inf,2890.0,1,
5001800US4814,TX-14,-inf,1.0,5710.0,1,
5001800US4814,TX-14,1.0,10000.0,32600.0,1,
5001800US4814,TX-14,10000.0,25000.0,66740.0,1,
5001800US4814,TX-14,25000.0,50000.0,72620.0,1,
5001800US4814,TX-14,50000.0,75000.0,46480.0,1,
5001800US4814,TX-14,75000.0,100000.0,30410.0,1,
5001800US4814,TX-14,100000.0,200000.0,57940.0,1,
5001800US4814,TX-14,200000.0,500000.0,20120.0,1,
5001800US4814,TX-14,500000.0,inf,3510.0,1,
5001800US4815,TX-15,-inf,1.0,5200.0,1,
5001800US4815,TX-15,1.0,10000.0,37120.0,1,
5001800US4815,TX-15,10000.0,25000.0,96350.0,1,
5001800US4815,TX-15,25000.0,50000.0,86820.0,1,
5001800US4815,TX-15,50000.0,75000.0,44020.0,1,
5001800US4815,TX-15,75000.0,100000.0,23470.0,1,
5001800US4815,TX-15,100000.0,200000.0,33620.0,1,
5001800US4815,TX-15,200000.0,500000.0,7400.0,1,
5001800US4815,TX-15,500000.0,inf,1980.0,1,
5001800US4816,TX-16,-inf,1.0,5070.0,1,
5001800US4816,TX-16,1.0,10000.0,37580.0,1,
5001800US4816,TX-16,10000.0,25000.0,86240.0,1,
5001800US4816,TX-16,25000.0,50000.0,96810.0,1,
5001800US4816,TX-16,50000.0,75000.0,50630.0,1,
5001800US4816,TX-16,75000.0,100000.0,25840.0,1,
5001800US4816,TX-16,100000.0,200000.0,34230.0,1,
5001800US4816,TX-16,200000.0,500000.0,7690.0,1,
5001800US4816,TX-16,500000.0,inf,1860.0,1,
5001800US4817,TX-17,-inf,1.0,5650.0,1,
5001800US4817,TX-17,1.0,10000.0,34250.0,1,
5001800US4817,TX-17,10000.0,25000.0,63070.0,1,
5001800US4817,TX-17,25000.0,50000.0,86140.0,1,
5001800US4817,TX-17,50000.0,75000.0,50700.0,1,
5001800US4817,TX-17,75000.0,100000.0,30860.0,1,
5001800US4817,TX-17,100000.0,200000.0,52100.0,1,
5001800US4817,TX-17,200000.0,500000.0,17670.0,1,
5001800US4817,TX-17,500000.0,inf,3420.0,1,
5001800US4818,TX-18,-inf,1.0,5670.0,1,
5001800US4818,TX-18,1.0,10000.0,36190.0,1,
5001800US4818,TX-18,10000.0,25000.0,89680.0,1,
5001800US4818,TX-18,25000.0,50000.0,89320.0,1,
5001800US4818,TX-18,50000.0,75000.0,47000.0,1,
5001800US4818,TX-18,75000.0,100000.0,23590.0,1,
5001800US4818,TX-18,100000.0,200000.0,30110.0,1,
5001800US4818,TX-18,200000.0,500000.0,13430.0,1,
5001800US4818,TX-18,500000.0,inf,4250.0,1,
5001800US4819,TX-19,-inf,1.0,6420.0,1,
5001800US4819,TX-19,1.0,10000.0,32720.0,1,
5001800US4819,TX-19,10000.0,25000.0,59610.0,1,
5001800US4819,TX-19,25000.0,50000.0,77060.0,1,
5001800US4819,TX-19,50000.0,75000.0,43270.0,1,
5001800US4819,TX-19,75000.0,100000.0,26900.0,1,
5001800US4819,TX-19,100000.0,200000.0,42020.0,1,
5001800US4819,TX-19,200000.0,500000.0,11820.0,1,
5001800US4819,TX-19,500000.0,inf,3450.0,1,
5001800US4820,TX-20,-inf,1.0,4370.0,1,
5001800US4820,TX-20,1.0,10000.0,37300.0,1,
5001800US4820,TX-20,10000.0,25000.0,75170.0,1,
5001800US4820,TX-20,25000.0,50000.0,97370.0,1,
5001800US4820,TX-20,50000.0,75000.0,52330.0,1,
5001800US4820,TX-20,75000.0,100000.0,28130.0,1,
5001800US4820,TX-20,100000.0,200000.0,40170.0,1,
5001800US4820,TX-20,200000.0,500000.0,8890.0,1,
5001800US4820,TX-20,500000.0,inf,1120.0,1,
5001800US4821,TX-21,-inf,1.0,7730.0,1,
5001800US4821,TX-21,1.0,10000.0,37500.0,1,
5001800US4821,TX-21,10000.0,25000.0,56990.0,1,
5001800US4821,TX-21,25000.0,50000.0,85380.0,1,
5001800US4821,TX-21,50000.0,75000.0,59520.0,1,
5001800US4821,TX-21,75000.0,100000.0,40820.0,1,
5001800US4821,TX-21,100000.0,200000.0,84300.0,1,
5001800US4821,TX-21,200000.0,500000.0,42870.0,1,
5001800US4821,TX-21,500000.0,inf,12830.0,1,
5001800US4822,TX-22,-inf,1.0,7790.0,1,
5001800US4822,TX-22,1.0,10000.0,41330.0,1,
5001800US4822,TX-22,10000.0,25000.0,68430.0,1,
5001800US4822,TX-22,25000.0,50000.0,79580.0,1,
5001800US4822,TX-22,50000.0,75000.0,57390.0,1,
5001800US4822,TX-22,75000.0,100000.0,39760.0,1,
5001800US4822,TX-22,100000.0,200000.0,89980.0,1,
5001800US4822,TX-22,200000.0,500000.0,49000.0,1,
5001800US4822,TX-22,500000.0,inf,9460.0,1,
5001800US4823,TX-23,-inf,1.0,6050.0,1,
5001800US4823,TX-23,1.0,10000.0,40070.0,1,
5001800US4823,TX-23,10000.0,25000.0,82740.0,1,
5001800US4823,TX-23,25000.0,50000.0,100170.0,1,
5001800US4823,TX-23,50000.0,75000.0,57100.0,1,
5001800US4823,TX-23,75000.0,100000.0,33130.0,1,
5001800US4823,TX-23,100000.0,200000.0,52070.0,1,
5001800US4823,TX-23,200000.0,500000.0,18380.0,1,
5001800US4823,TX-23,500000.0,inf,4520.0,1,
5001800US4824,TX-24,-inf,1.0,6360.0,1,
5001800US4824,TX-24,1.0,10000.0,32390.0,1,
5001800US4824,TX-24,10000.0,25000.0,57000.0,1,
5001800US4824,TX-24,25000.0,50000.0,85140.0,1,
5001800US4824,TX-24,50000.0,75000.0,60470.0,1,
5001800US4824,TX-24,75000.0,100000.0,38220.0,1,
5001800US4824,TX-24,100000.0,200000.0,68310.0,1,
5001800US4824,TX-24,200000.0,500000.0,37980.0,1,
5001800US4824,TX-24,500000.0,inf,11570.0,1,
5001800US4825,TX-25,-inf,1.0,7840.0,1,
5001800US4825,TX-25,1.0,10000.0,35050.0,1,
5001800US4825,TX-25,10000.0,25000.0,54490.0,1,
5001800US4825,TX-25,25000.0,50000.0,78440.0,1,
5001800US4825,TX-25,50000.0,75000.0,53570.0,1,
5001800US4825,TX-25,75000.0,100000.0,35630.0,1,
5001800US4825,TX-25,100000.0,200000.0,70380.0,1,
5001800US4825,TX-25,200000.0,500000.0,42560.0,1,
5001800US4825,TX-25,500000.0,inf,15110.0,1,
5001800US4826,TX-26,-inf,1.0,6240.0,1,
5001800US4826,TX-26,1.0,10000.0,40610.0,1,
5001800US4826,TX-26,10000.0,25000.0,63730.0,1,
5001800US4826,TX-26,25000.0,50000.0,85250.0,1,
5001800US4826,TX-26,50000.0,75000.0,62150.0,1,
5001800US4826,TX-26,75000.0,100000.0,44370.0,1,
5001800US4826,TX-26,100000.0,200000.0,101050.0,1,
5001800US4826,TX-26,200000.0,500000.0,53090.0,1,
5001800US4826,TX-26,500000.0,inf,9870.0,1,
5001800US4827,TX-27,-inf,1.0,5830.0,1,
5001800US4827,TX-27,1.0,10000.0,34790.0,1,
5001800US4827,TX-27,10000.0,25000.0,69030.0,1,
5001800US4827,TX-27,25000.0,50000.0,81060.0,1,
5001800US4827,TX-27,50000.0,75000.0,46850.0,1,
5001800US4827,TX-27,75000.0,100000.0,28360.0,1,
5001800US4827,TX-27,100000.0,200000.0,45250.0,1,
5001800US4827,TX-27,200000.0,500000.0,12280.0,1,
5001800US4827,TX-27,500000.0,inf,2760.0,1,
5001800US4828,TX-28,-inf,1.0,5980.0,1,
5001800US4828,TX-28,1.0,10000.0,38180.0,1,
5001800US4828,TX-28,10000.0,25000.0,97070.0,1,
5001800US4828,TX-28,25000.0,50000.0,94810.0,1,
5001800US4828,TX-28,50000.0,75000.0,49210.0,1,
5001800US4828,TX-28,75000.0,100000.0,26750.0,1,
5001800US4828,TX-28,100000.0,200000.0,36150.0,1,
5001800US4828,TX-28,200000.0,500000.0,7130.0,1,
5001800US4828,TX-28,500000.0,inf,1480.0,1,
5001800US4829,TX-29,-inf,1.0,4140.0,1,
5001800US4829,TX-29,1.0,10000.0,33730.0,1,
5001800US4829,TX-29,10000.0,25000.0,82530.0,1,
5001800US4829,TX-29,25000.0,50000.0,86410.0,1,
5001800US4829,TX-29,50000.0,75000.0,44780.0,1,
5001800US4829,TX-29,75000.0,100000.0,20520.0,1,
5001800US4829,TX-29,100000.0,200000.0,20190.0,1,
5001800US4829,TX-29,200000.0,500000.0,3720.0,1,
5001800US4829,TX-29,500000.0,inf,550.0,1,
5001800US4830,TX-30,-inf,1.0,5000.0,1,
5001800US4830,TX-30,1.0,10000.0,33750.0,1,
5001800US4830,TX-30,10000.0,25000.0,86200.0,1,
5001800US4830,TX-30,25000.0,50000.0,100760.0,1,
5001800US4830,TX-30,50000.0,75000.0,55590.0,1,
5001800US4830,TX-30,75000.0,100000.0,27200.0,1,
5001800US4830,TX-30,100000.0,200000.0,31210.0,1,
5001800US4830,TX-30,200000.0,500000.0,8050.0,1,
5001800US4830,TX-30,500000.0,inf,2340.0,1,
5001800US4831,TX-31,-inf,1.0,6010.0,1,
5001800US4831,TX-31,1.0,10000.0,38240.0,1,
5001800US4831,TX-31,10000.0,25000.0,64860.0,1,
5001800US4831,TX-31,25000.0,50000.0,100940.0,1,
5001800US4831,TX-31,50000.0,75000.0,66940.0,1,
5001800US4831,TX-31,75000.0,100000.0,45010.0,1,
5001800US4831,TX-31,100000.0,200000.0,87680.0,1,
5001800US4831,TX-31,200000.0,500000.0,39470.0,1,
5001800US4831,TX-31,500000.0,inf,6420.0,1,
5001800US4832,TX-32,-inf,1.0,6280.0,1,
5001800US4832,TX-32,1.0,10000.0,32620.0,1,
5001800US4832,TX-32,10000.0,25000.0,59840.0,1,
5001800US4832,TX-32,25000.0,50000.0,80800.0,1,
5001800US4832,TX-32,50000.0,75000.0,55790.0,1,
5001800US4832,TX-32,75000.0,100000.0,34540.0,1,
5001800US4832,TX-32,100000.0,200000.0,61710.0,1,
5001800US4832,TX-32,200000.0,500000.0,32560.0,1,
5001800US4832,TX-32,500000.0,inf,16200.0,1,
5001800US4833,TX-33,-inf,1.0,5390.0,1,
5001800US4833,TX-33,1.0,10000.0,31030.0,1,
5001800US4833,TX-33,10000.0,25000.0,80410.0,1,
5001800US4833,TX-33,25000.0,50000.0,100270.0,1,
5001800US4833,TX-33,50000.0,75000.0,47100.0,1,
5001800US4833,TX-33,75000.0,100000.0,19680.0,1,
5001800US4833,TX-33,100000.0,200000.0,16580.0,1,
5001800US4833,TX-33,200000.0,500000.0,2910.0,1,
5001800US4833,TX-33,500000.0,inf,490.0,1,
5001800US4834,TX-34,-inf,1.0,5030.0,1,
5001800US4834,TX-34,1.0,10000.0,34130.0,1,
5001800US4834,TX-34,10000.0,25000.0,87000.0,1,
5001800US4834,TX-34,25000.0,50000.0,82070.0,1,
5001800US4834,TX-34,50000.0,75000.0,39520.0,1,
5001800US4834,TX-34,75000.0,100000.0,19580.0,1,
5001800US4834,TX-34,100000.0,200000.0,25080.0,1,
5001800US4834,TX-34,200000.0,500000.0,5280.0,1,
5001800US4834,TX-34,500000.0,inf,1310.0,1,
5001800US4835,TX-35,-inf,1.0,5250.0,1,
5001800US4835,TX-35,1.0,10000.0,38190.0,1,
5001800US4835,TX-35,10000.0,25000.0,77690.0,1,
5001800US4835,TX-35,25000.0,50000.0,110330.0,1,
5001800US4835,TX-35,50000.0,75000.0,62820.0,1,
5001800US4835,TX-35,75000.0,100000.0,33800.0,1,
5001800US4835,TX-35,100000.0,200000.0,45210.0,1,
5001800US4835,TX-35,200000.0,500000.0,10310.0,1,
5001800US4835,TX-35,500000.0,inf,1610.0,1,
5001800US4836,TX-36,-inf,1.0,5830.0,1,
5001800US4836,TX-36,1.0,10000.0,33140.0,1,
5001800US4836,TX-36,10000.0,25000.0,67200.0,1,
5001800US4836,TX-36,25000.0,50000.0,76030.0,1,
5001800US4836,TX-36,50000.0,75000.0,51530.0,1,
5001800US4836,TX-36,75000.0,100000.0,34340.0,1,
5001800US4836,TX-36,100000.0,200000.0,60830.0,1,
5001800US4836,TX-36,200000.0,500000.0,16870.0,1,
5001800US4836,TX-36,500000.0,inf,2350.0,1,
5001800US4901,UT-01,-inf,1.0,4370.0,1,
5001800US4901,UT-01,1.0,10000.0,34320.0,1,
5001800US4901,UT-01,10000.0,25000.0,52620.0,1,
5001800US4901,UT-01,25000.0,50000.0,78690.0,1,
5001800US4901,UT-01,50000.0,75000.0,56640.0,1,
5001800US4901,UT-01,75000.0,100000.0,41050.0,1,
5001800US4901,UT-01,100000.0,200000.0,70270.0,1,
5001800US4901,UT-01,200000.0,500000.0,18870.0,1,
5001800US4901,UT-01,500000.0,inf,4900.0,1,
5001800US4902,UT-02,-inf,1.0,5560.0,1,
5001800US4902,UT-02,1.0,10000.0,35440.0,1,
5001800US4902,UT-02,10000.0,25000.0,57860.0,1,
5001800US4902,UT-02,25000.0,50000.0,87290.0,1,
5001800US4902,UT-02,50000.0,75000.0,57570.0,1,
5001800US4902,UT-02,75000.0,100000.0,39120.0,1,
5001800US4902,UT-02,100000.0,200000.0,61360.0,1,
5001800US4902,UT-02,200000.0,500000.0,18540.0,1,
5001800US4902,UT-02,500000.0,inf,4810.0,1,
5001800US4903,UT-03,-inf,1.0,5300.0,1,
5001800US4903,UT-03,1.0,10000.0,36610.0,1,
5001800US4903,UT-03,10000.0,25000.0,53270.0,1,
5001800US4903,UT-03,25000.0,50000.0,70350.0,1,
5001800US4903,UT-03,50000.0,75000.0,47480.0,1,
5001800US4903,UT-03,75000.0,100000.0,33580.0,1,
5001800US4903,UT-03,100000.0,200000.0,62350.0,1,
5001800US4903,UT-03,200000.0,500000.0,25670.0,1,
5001800US4903,UT-03,500000.0,inf,7230.0,1,
5001800US4904,UT-04,-inf,1.0,4730.0,1,
5001800US4904,UT-04,1.0,10000.0,36620.0,1,
5001800US4904,UT-04,10000.0,25000.0,58210.0,1,
5001800US4904,UT-04,25000.0,50000.0,94180.0,1,
5001800US4904,UT-04,50000.0,75000.0,64320.0,1,
5001800US4904,UT-04,75000.0,100000.0,44270.0,1,
5001800US4904,UT-04,100000.0,200000.0,77800.0,1,
5001800US4904,UT-04,200000.0,500000.0,21710.0,1,
5001800US4904,UT-04,500000.0,inf,3290.0,1,
5001800US5000,VT-01,-inf,1.0,6110.0,1,
5001800US5000,VT-01,1.0,10000.0,40710.0,1,
5001800US5000,VT-01,10000.0,25000.0,47360.0,1,
5001800US5000,VT-01,25000.0,50000.0,77580.0,1,
5001800US5000,VT-01,50000.0,75000.0,54670.0,1,
5001800US5000,VT-01,75000.0,100000.0,33350.0,1,
5001800US5000,VT-01,100000.0,200000.0,56190.0,1,
5001800US5000,VT-01,200000.0,500000.0,17250.0,1,
5001800US5000,VT-01,500000.0,inf,3620.0,1,
5001800US5101,VA-01,-inf,1.0,4060.0,1,
5001800US5101,VA-01,1.0,10000.0,35100.0,1,
5001800US5101,VA-01,10000.0,25000.0,50250.0,1,
5001800US5101,VA-01,25000.0,50000.0,70470.0,1,
5001800US5101,VA-01,50000.0,75000.0,51180.0,1,
5001800US5101,VA-01,75000.0,100000.0,37790.0,1,
5001800US5101,VA-01,100000.0,200000.0,86140.0,1,
5001800US5101,VA-01,200000.0,500000.0,33580.0,1,
5001800US5101,VA-01,500000.0,inf,3300.0,1,
5001800US5102,VA-02,-inf,1.0,3850.0,1,
5001800US5102,VA-02,1.0,10000.0,32760.0,1,
5001800US5102,VA-02,10000.0,25000.0,55710.0,1,
5001800US5102,VA-02,25000.0,50000.0,85350.0,1,
5001800US5102,VA-02,50000.0,75000.0,55550.0,1,
5001800US5102,VA-02,75000.0,100000.0,35830.0,1,
5001800US5102,VA-02,100000.0,200000.0,63330.0,1,
5001800US5102,VA-02,200000.0,500000.0,20470.0,1,
5001800US5102,VA-02,500000.0,inf,4060.0,1,
5001800US5103,VA-03,-inf,1.0,3470.0,1,
5001800US5103,VA-03,1.0,10000.0,32950.0,1,
5001800US5103,VA-03,10000.0,25000.0,68030.0,1,
5001800US5103,VA-03,25000.0,50000.0,95560.0,1,
5001800US5103,VA-03,50000.0,75000.0,56280.0,1,
5001800US5103,VA-03,75000.0,100000.0,32440.0,1,
5001800US5103,VA-03,100000.0,200000.0,45230.0,1,
5001800US5103,VA-03,200000.0,500000.0,9830.0,1,
5001800US5103,VA-03,500000.0,inf,1470.0,1,
5001800US5104,VA-04,-inf,1.0,4640.0,1,
5001800US5104,VA-04,1.0,10000.0,35940.0,1,
5001800US5104,VA-04,10000.0,25000.0,64370.0,1,
5001800US5104,VA-04,25000.0,50000.0,90160.0,1,
5001800US5104,VA-04,50000.0,75000.0,57090.0,1,
5001800US5104,VA-04,75000.0,100000.0,34150.0,1,
5001800US5104,VA-04,100000.0,200000.0,57330.0,1,
5001800US5104,VA-04,200000.0,500000.0,16910.0,1,
5001800US5104,VA-04,500000.0,inf,3250.0,1,
5001800US5105,VA-05,-inf,1.0,5410.0,1,
5001800US5105,VA-05,1.0,10000.0,33910.0,1,
5001800US5105,VA-05,10000.0,25000.0,55580.0,1,
5001800US5105,VA-05,25000.0,50000.0,79550.0,1,
5001800US5105,VA-05,50000.0,75000.0,48510.0,1,
5001800US5105,VA-05,75000.0,100000.0,31310.0,1,
5001800US5105,VA-05,100000.0,200000.0,53940.0,1,
5001800US5105,VA-05,200000.0,500000.0,18890.0,1,
5001800US5105,VA-05,500000.0,inf,3990.0,1,
5001800US5106,VA-06,-inf,1.0,4330.0,1,
5001800US5106,VA-06,1.0,10000.0,36340.0,1,
5001800US5106,VA-06,10000.0,25000.0,57560.0,1,
5001800US5106,VA-06,25000.0,50000.0,86640.0,1,
5001800US5106,VA-06,50000.0,75000.0,53390.0,1,
5001800US5106,VA-06,75000.0,100000.0,33750.0,1,
5001800US5106,VA-06,100000.0,200000.0,53440.0,1,
5001800US5106,VA-06,200000.0,500000.0,13610.0,1,
5001800US5106,VA-06,500000.0,inf,2550.0,1,
5001800US5107,VA-07,-inf,1.0,5390.0,1,
5001800US5107,VA-07,1.0,10000.0,44470.0,1,
5001800US5107,VA-07,10000.0,25000.0,62350.0,1,
5001800US5107,VA-07,25000.0,50000.0,92000.0,1,
5001800US5107,VA-07,50000.0,75000.0,66290.0,1,
5001800US5107,VA-07,75000.0,100000.0,46130.0,1,
5001800US5107,VA-07,100000.0,200000.0,92600.0,1,
5001800US5107,VA-07,200000.0,500000.0,36430.0,1,
5001800US5107,VA-07,500000.0,inf,6560.0,1,
5001800US5108,VA-08,-inf,1.0,4210.0,1,
5001800US5108,VA-08,1.0,10000.0,38140.0,1,
5001800US5108,VA-08,10000.0,25000.0,46710.0,1,
5001800US5108,VA-08,25000.0,50000.0,64830.0,1,
5001800US5108,VA-08,50000.0,75000.0,54530.0,1,
5001800US5108,VA-08,75000.0,100000.0,43980.0,1,
5001800US5108,VA-08,100000.0,200000.0,91010.0,1,
5001800US5108,VA-08,200000.0,500000.0,55680.0,1,
5001800US5108,VA-08,500000.0,inf,12940.0,1,
5001800US5109,VA-09,-inf,1.0,4140.0,1,
5001800US5109,VA-09,1.0,10000.0,31860.0,1,
5001800US5109,VA-09,10000.0,25000.0,52570.0,1,
5001800US5109,VA-09,25000.0,50000.0,74070.0,1,
5001800US5109,VA-09,50000.0,75000.0,42440.0,1,
5001800US5109,VA-09,75000.0,100000.0,27390.0,1,
5001800US5109,VA-09,100000.0,200000.0,37300.0,1,
5001800US5109,VA-09,200000.0,500000.0,7590.0,1,
5001800US5109,VA-09,500000.0,inf,1280.0,1,
5001800US5110,VA-10,-inf,1.0,5070.0,1,
5001800US5110,VA-10,1.0,10000.0,44970.0,1,
5001800US5110,VA-10,10000.0,25000.0,47720.0,1,
5001800US5110,VA-10,25000.0,50000.0,63410.0,1,
5001800US5110,VA-10,50000.0,75000.0,47610.0,1,
5001800US5110,VA-10,75000.0,100000.0,37040.0,1,
5001800US5110,VA-10,100000.0,200000.0,97050.0,1,
5001800US5110,VA-10,200000.0,500000.0,78730.0,1,
5001800US5110,VA-10,500000.0,inf,15390.0,1,
5001800US5111,VA-11,-inf,1.0,4580.0,1,
5001800US5111,VA-11,1.0,10000.0,41220.0,1,
5001800US5111,VA-11,10000.0,25000.0,48810.0,1,
5001800US5111,VA-11,25000.0,50000.0,65980.0,1,
5001800US5111,VA-11,50000.0,75000.0,51870.0,1,
5001800US5111,VA-11,75000.0,100000.0,40360.0,1,
5001800US5111,VA-11,100000.0,200000.0,89240.0,1,
5001800US5111,VA-11,200000.0,500000.0,53200.0,1,
5001800US5111,VA-11,500000.0,inf,7570.0,1,
5001800US5301,WA-01,-inf,1.0,5320.0,1,
5001800US5301,WA-01,1.0,10000.0,28910.0,1,
5001800US5301,WA-01,10000.0,25000.0,37210.0,1,
5001800US5301,WA-01,25000.0,50000.0,58480.0,1,
5001800US5301,WA-01,50000.0,75000.0,48360.0,1,
5001800US5301,WA-01,75000.0,100000.0,37430.0,1,
5001800US5301,WA-01,100000.0,200000.0,86440.0,1,
5001800US5301,WA-01,200000.0,500000.0,60500.0,1,
5001800US5301,WA-01,500000.0,inf,16990.0,1,
5001800US5302,WA-02,-inf,1.0,5250.0,1,
5001800US5302,WA-02,1.0,10000.0,30070.0,1,
5001800US5302,WA-02,10000.0,25000.0,46730.0,1,
5001800US5302,WA-02,25000.0,50000.0,78190.0,1,
5001800US5302,WA-02,50000.0,75000.0,59790.0,1,
5001800US5302,WA-02,75000.0,100000.0,41350.0,1,
5001800US5302,WA-02,100000.0,200000.0,77570.0,1,
5001800US5302,WA-02,200000.0,500000.0,28290.0,1,
5001800US5302,WA-02,500000.0,inf,4210.0,1,
5001800US5303,WA-03,-inf,1.0,5130.0,1,
5001800US5303,WA-03,1.0,10000.0,30570.0,1,
5001800US5303,WA-03,10000.0,25000.0,50730.0,1,
5001800US5303,WA-03,25000.0,50000.0,82380.0,1,
5001800US5303,WA-03,50000.0,75000.0,59260.0,1,
5001800US5303,WA-03,75000.0,100000.0,42460.0,1,
5001800US5303,WA-03,100000.0,200000.0,73390.0,1,
5001800US5303,WA-03,200000.0,500000.0,22490.0,1,
5001800US5303,WA-03,500000.0,inf,4300.0,1,
5001800US5304,WA-04,-inf,1.0,5210.0,1,
5001800US5304,WA-04,1.0,10000.0,30320.0,1,
5001800US5304,WA-04,10000.0,25000.0,60530.0,1,
5001800US5304,WA-04,25000.0,50000.0,92990.0,1,
5001800US5304,WA-04,50000.0,75000.0,52310.0,1,
5001800US5304,WA-04,75000.0,100000.0,32380.0,1,
5001800US5304,WA-04,100000.0,200000.0,51460.0,1,
5001800US5304,WA-04,200000.0,500000.0,13800.0,1,
5001800US5304,WA-04,500000.0,inf,2360.0,1,
5001800US5305,WA-05,-inf,1.0,5260.0,1,
5001800US5305,WA-05,1.0,10000.0,32110.0,1,
5001800US5305,WA-05,10000.0,25000.0,52140.0,1,
5001800US5305,WA-05,25000.0,50000.0,83560.0,1,
5001800US5305,WA-05,50000.0,75000.0,53370.0,1,
5001800US5305,WA-05,75000.0,100000.0,35380.0,1,
5001800US5305,WA-05,100000.0,200000.0,57930.0,1,
5001800US5305,WA-05,200000.0,500000.0,16870.0,1,
5001800US5305,WA-05,500000.0,inf,3420.0,1,
5001800US5306,WA-06,-inf,1.0,5250.0,1,
5001800US5306,WA-06,1.0,10000.0,28770.0,1,
5001800US5306,WA-06,10000.0,25000.0,44320.0,1,
5001800US5306,WA-06,25000.0,50000.0,73490.0,1,
5001800US5306,WA-06,50000.0,75000.0,58090.0,1,
5001800US5306,WA-06,75000.0,100000.0,41320.0,1,
5001800US5306,WA-06,100000.0,200000.0,72330.0,1,
5001800US5306,WA-06,200000.0,500000.0,24370.0,1,
5001800US5306,WA-06,500000.0,inf,4680.0,1,
5001800US5307,WA-07,-inf,1.0,5180.0,1,
5001800US5307,WA-07,1.0,10000.0,27780.0,1,
5001800US5307,WA-07,10000.0,25000.0,37320.0,1,
5001800US5307,WA-07,25000.0,50000.0,65490.0,1,
5001800US5307,WA-07,50000.0,75000.0,61130.0,1,
5001800US5307,WA-07,75000.0,100000.0,44680.0,1,
5001800US5307,WA-07,100000.0,200000.0,95220.0,1,
5001800US5307,WA-07,200000.0,500000.0,67570.0,1,
5001800US5307,WA-07,500000.0,inf,17450.0,1,
5001800US5308,WA-08,-inf,1.0,4730.0,1,
5001800US5308,WA-08,1.0,10000.0,29600.0,1,
5001800US5308,WA-08,10000.0,25000.0,43660.0,1,
5001800US5308,WA-08,25000.0,50000.0,67570.0,1,
5001800US5308,WA-08,50000.0,75000.0,52930.0,1,
5001800US5308,WA-08,75000.0,100000.0,38920.0,1,
5001800US5308,WA-08,100000.0,200000.0,83230.0,1,
5001800US5308,WA-08,200000.0,500000.0,44540.0,1,
5001800US5308,WA-08,500000.0,inf,10130.0,1,
5001800US5309,WA-09,-inf,1.0,5080.0,1,
5001800US5309,WA-09,1.0,10000.0,29300.0,1,
5001800US5309,WA-09,10000.0,25000.0,44530.0,1,
5001800US5309,WA-09,25000.0,50000.0,72490.0,1,
5001800US5309,WA-09,50000.0,75000.0,58610.0,1,
5001800US5309,WA-09,75000.0,100000.0,38360.0,1,
5001800US5309,WA-09,100000.0,200000.0,72600.0,1,
5001800US5309,WA-09,200000.0,500000.0,42440.0,1,
5001800US5309,WA-09,500000.0,inf,12680.0,1,
5001800US5310,WA-10,-inf,1.0,4130.0,1,
5001800US5310,WA-10,1.0,10000.0,28050.0,1,
5001800US5310,WA-10,10000.0,25000.0,46530.0,1,
5001800US5310,WA-10,25000.0,50000.0,84440.0,1,
5001800US5310,WA-10,50000.0,75000.0,64480.0,1,
5001800US5310,WA-10,75000.0,100000.0,43620.0,1,
5001800US5310,WA-10,100000.0,200000.0,72670.0,1,
5001800US5310,WA-10,200000.0,500000.0,18590.0,1,
5001800US5310,WA-10,500000.0,inf,2550.0,1,
5001800US5401,WV-01,-inf,1.0,3310.0,1,
5001800US5401,WV-01,1.0,10000.0,31130.0,1,
5001800US5401,WV-01,10000.0,25000.0,48220.0,1,
5001800US5401,WV-01,25000.0,50000.0,64110.0,1,
5001800US5401,WV-01,50000.0,75000.0,38780.0,1,
5001800US5401,WV-01,75000.0,100000.0,26420.0,1,
5001800US5401,WV-01,100000.0,200000.0,39630.0,1,
5001800US5401,WV-01,200000.0,500000.0,9550.0,1,
5001800US5401,WV-01,500000.0,inf,2010.0,1,
5001800US5402,WV-02,-inf,1.0,3920.0,1,
5001800US5402,WV-02,1.0,10000.0,32430.0,1,
5001800US5402,WV-02,10000.0,25000.0,49390.0,1,
5001800US5402,WV-02,25000.0,50000.0,68290.0,1,
5001800US5402,WV-02,50000.0,75000.0,42760.0,1,
5001800US5402,WV-02,75000.0,100000.0,28670.0,1,
5001800US5402,WV-02,100000.0,200000.0,43700.0,1,
5001800US5402,WV-02,200000.0,500000.0,9640.0,1,
5001800US5402,WV-02,500000.0,inf,1400.0,1,
5001800US5403,,-inf,1.0,3260.0,1,
5001800US5403,,1.0,10000.0,27830.0,1,
5001800US5403,,10000.0,25000.0,45880.0,1,
5001800US5403,,25000.0,50000.0,55120.0,1,
5001800US5403,,50000.0,75000.0,30740.0,1,
5001800US5403,,75000.0,100000.0,20220.0,1,
5001800US5403,,100000.0,200000.0,26950.0,1,
5001800US5403,,200000.0,500000.0,4620.0,1,
5001800US5403,,500000.0,inf,930.0,1,
5001800US5501,WI-01,-inf,1.0,4000.0,1,
5001800US5501,WI-01,1.0,10000.0,37380.0,1,
5001800US5501,WI-01,10000.0,25000.0,52970.0,1,
5001800US5501,WI-01,25000.0,50000.0,80170.0,1,
5001800US5501,WI-01,50000.0,75000.0,57190.0,1,
5001800US5501,WI-01,75000.0,100000.0,39810.0,1,
5001800US5501,WI-01,100000.0,200000.0,71250.0,1,
5001800US5501,WI-01,200000.0,500000.0,19560.0,1,
5001800US5501,WI-01,500000.0,inf,3190.0,1,
5001800US5502,WI-02,-inf,1.0,4510.0,1,
5001800US5502,WI-02,1.0,10000.0,36340.0,1,
5001800US5502,WI-02,10000.0,25000.0,50330.0,1,
5001800US5502,WI-02,25000.0,50000.0,84160.0,1,
5001800US5502,WI-02,50000.0,75000.0,64060.0,1,
5001800US5502,WI-02,75000.0,100000.0,42350.0,1,
5001800US5502,WI-02,100000.0,200000.0,80240.0,1,
5001800US5502,WI-02,200000.0,500000.0,27740.0,1,
5001800US5502,WI-02,500000.0,inf,5380.0,1,
5001800US5503,WI-03,-inf,1.0,5290.0,1,
5001800US5503,WI-03,1.0,10000.0,36620.0,1,
5001800US5503,WI-03,10000.0,25000.0,52350.0,1,
5001800US5503,WI-03,25000.0,50000.0,82890.0,1,
5001800US5503,WI-03,50000.0,75000.0,56880.0,1,
5001800US5503,WI-03,75000.0,100000.0,36890.0,1,
5001800US5503,WI-03,100000.0,200000.0,57330.0,1,
5001800US5503,WI-03,200000.0,500000.0,11670.0,1,
5001800US5503,WI-03,500000.0,inf,2330.0,1,
5001800US5504,WI-04,-inf,1.0,3930.0,1,
5001800US5504,WI-04,1.0,10000.0,34040.0,1,
5001800US5504,WI-04,10000.0,25000.0,63830.0,1,
5001800US5504,WI-04,25000.0,50000.0,88150.0,1,
5001800US5504,WI-04,50000.0,75000.0,49590.0,1,
5001800US5504,WI-04,75000.0,100000.0,26290.0,1,
5001800US5504,WI-04,100000.0,200000.0,32540.0,1,
5001800US5504,WI-04,200000.0,500000.0,8710.0,1,
5001800US5504,WI-04,500000.0,inf,2150.0,1,
5001800US5505,WI-05,-inf,1.0,3840.0,1,
5001800US5505,WI-05,1.0,10000.0,36650.0,1,
5001800US5505,WI-05,10000.0,25000.0,46440.0,1,
5001800US5505,WI-05,25000.0,50000.0,74990.0,1,
5001800US5505,WI-05,50000.0,75000.0,60130.0,1,
5001800US5505,WI-05,75000.0,100000.0,41850.0,1,
5001800US5505,WI-05,100000.0,200000.0,81020.0,1,
5001800US5505,WI-05,200000.0,500000.0,27290.0,1,
5001800US5505,WI-05,500000.0,inf,5770.0,1,
5001800US5506,WI-06,-inf,1.0,4870.0,1,
5001800US5506,WI-06,1.0,10000.0,37670.0,1,
5001800US5506,WI-06,10000.0,25000.0,51040.0,1,
5001800US5506,WI-06,25000.0,50000.0,83000.0,1,
5001800US5506,WI-06,50000.0,75000.0,60610.0,1,
5001800US5506,WI-06,75000.0,100000.0,39760.0,1,
5001800US5506,WI-06,100000.0,200000.0,64570.0,1,
5001800US5506,WI-06,200000.0,500000.0,15620.0,1,
5001800US5506,WI-06,500000.0,inf,3990.0,1,
5001800US5507,WI-07,-inf,1.0,5430.0,1,
5001800US5507,WI-07,1.0,10000.0,37910.0,1,
5001800US5507,WI-07,10000.0,25000.0,52740.0,1,
5001800US5507,WI-07,25000.0,50000.0,83950.0,1,
5001800US5507,WI-07,50000.0,75000.0,58280.0,1,
5001800US5507,WI-07,75000.0,100000.0,39600.0,1,
5001800US5507,WI-07,100000.0,200000.0,61510.0,1,
5001800US5507,WI-07,200000.0,500000.0,14100.0,1,
5001800US5507,WI-07,500000.0,inf,2660.0,1,
5001800US5508,WI-08,-inf,1.0,4390.0,1,
5001800US5508,WI-08,1.0,10000.0,38320.0,1,
5001800US5508,WI-08,10000.0,25000.0,53780.0,1,
5001800US5508,WI-08,25000.0,50000.0,86680.0,1,
5001800US5508,WI-08,50000.0,75000.0,62790.0,1,
5001800US5508,WI-08,75000.0,100000.0,41140.0,1,
5001800US5508,WI-08,100000.0,200000.0,69050.0,1,
5001800US5508,WI-08,200000.0,500000.0,15780.0,1,
5001800US5508,WI-08,500000.0,inf,3690.0,1,
5001800US5600,WY-01,-inf,1.0,5400.0,1,
5001800US5600,WY-01,1.0,10000.0,27980.0,1,
5001800US5600,WY-01,10000.0,25000.0,42070.0,1,
5001800US5600,WY-01,25000.0,50000.0,61540.0,1,
5001800US5600,WY-01,50000.0,75000.0,42930.0,1,
5001800US5600,WY-01,75000.0,100000.0,30530.0,1,
5001800US5600,WY-01,100000.0,200000.0,52450.0,1,
5001800US5600,WY-01,200000.0,500000.0,13780.0,1,
5001800US5600,WY-01,500000.0,inf,4060.0,1,
