GEO_ID,GEO_NAME,AGI_LOWER_BOUND,AGI_UPPER_BOUND,VALUE,IS_COUNT,VARIABLE
0100000US,US,-inf,1.0,-160983232000.0,0,adjusted_gross_income/amount
0100000US,US,1.0,10000.0,83828886000.0,0,adjusted_gross_income/amount
0100000US,US,10000.0,25000.0,457838150000.0,0,adjusted_gross_income/amount
0100000US,US,25000.0,50000.0,1347272765000.0,0,adjusted_gross_income/amount
0100000US,US,50000.0,75000.0,1450741751000.0,0,adjusted_gross_income/amount
0100000US,US,75000.0,100000.0,1324629902000.0,0,adjusted_gross_income/amount
0100000US,US,100000.0,200000.0,3568034294000.0,0,adjusted_gross_income/amount
0100000US,US,200000.0,500000.0,2874717803000.0,0,adjusted_gross_income/amount
0100000US,US,500000.0,inf,3836411832000.0,0,adjusted_gross_income/amount
0100000US,US,-inf,1.0,2654070.0,1,adjusted_gross_income/count
0100000US,US,1.0,10000.0,16570990.0,1,adjusted_gross_income/count
0100000US,US,10000.0,25000.0,26667770.0,1,adjusted_gross_income/count
0100000US,US,25000.0,50000.0,36574680.0,1,adjusted_gross_income/count
0100000US,US,50000.0,75000.0,23580310.0,1,adjusted_gross_income/count
0100000US,US,75000.0,100000.0,15282030.0,1,adjusted_gross_income/count
0100000US,US,100000.0,200000.0,25899270.0,1,adjusted_gross_income/count
0100000US,US,200000.0,500000.0,9957520.0,1,adjusted_gross_income/count
0100000US,US,500000.0,inf,2464700.0,1,adjusted_gross_income/count
0400000US01,AL,-inf,1.0,-1144169862.6946814,0,adjusted_gross_income/amount
0400000US01,AL,1.0,10000.0,1178480829.381407,0,adjusted_gross_income/amount
0400000US01,AL,10000.0,25000.0,7602359532.995287,0,adjusted_gross_income/amount
0400000US01,AL,25000.0,50000.0,19498805323.449154,0,adjusted_gross_income/amount
0400000US01,AL,50000.0,75000.0,18791366610.16321,0,adjusted_gross_income/amount
0400000US01,AL,75000.0,100000.0,16809614507.361866,0,adjusted_gross_income/amount
0400000US01,AL,100000.0,200000.0,43063468742.79488,0,adjusted_gross_income/amount
0400000US01,AL,200000.0,500000.0,25899464590.307163,0,adjusted_gross_income/amount
0400000US01,AL,500000.0,inf,28522885681.775143,0,adjusted_gross_income/amount
0400000US01,AL,-inf,1.0,34480.670549403236,1,adjusted_gross_income/count
0400000US01,AL,1.0,10000.0,221897.68715412464,1,adjusted_gross_income/count
0400000US01,AL,10000.0,25000.0,442320.83207479434,1,adjusted_gross_income/count
0400000US01,AL,25000.0,50000.0,536009.1851178163,1,adjusted_gross_income/count
0400000US01,AL,50000.0,75000.0,305923.6889251647,1,adjusted_gross_income/count
0400000US01,AL,75000.0,100000.0,193962.620773645,1,adjusted_gross_income/count
0400000US01,AL,100000.0,200000.0,315602.6061986623,1,adjusted_gross_income/count
0400000US01,AL,200000.0,500000.0,92047.1413829523,1,adjusted_gross_income/count
0400000US01,AL,500000.0,inf,19898.85126246378,1,adjusted_gross_income/count
0400000US02,AK,-inf,1.0,-206333233.3561987,0,adjusted_gross_income/amount
0400000US02,AK,1.0,10000.0,189016120.30949983,0,adjusted_gross_income/amount
0400000US02,AK,10000.0,25000.0,797786444.0326977,0,adjusted_gross_income/amount
0400000US02,AK,25000.0,50000.0,2797272875.961209,0,adjusted_gross_income/amount
0400000US02,AK,50000.0,75000.0,3338113882.8356466,0,adjusted_gross_income/amount
0400000US02,AK,75000.0,100000.0,3297638707.236851,0,adjusted_gross_income/amount
0400000US02,AK,100000.0,200000.0,9598107228.994068,0,adjusted_gross_income/amount
0400000US02,AK,200000.0,500000.0,6259308708.839901,0,adjusted_gross_income/amount
0400000US02,AK,500000.0,inf,4399601223.870081,0,adjusted_gross_income/amount
0400000US02,AK,-inf,1.0,3830.0100456839436,1,adjusted_gross_income/count
0400000US02,AK,1.0,10000.0,37417.80341218946,1,adjusted_gross_income/count
0400000US02,AK,10000.0,25000.0,45961.02129828486,1,adjusted_gross_income/count
0400000US02,AK,25000.0,50000.0,75366.09127253825,1,adjusted_gross_income/count
0400000US02,AK,50000.0,75000.0,54064.4896741824,1,adjusted_gross_income/count
0400000US02,AK,75000.0,100000.0,38025.587800981644,1,adjusted_gross_income/count
0400000US02,AK,100000.0,200000.0,69236.01816063405,1,adjusted_gross_income/count
0400000US02,AK,200000.0,500000.0,22461.312271929593,1,adjusted_gross_income/count
0400000US02,AK,500000.0,inf,3828.2561565856718,1,adjusted_gross_income/count
0400000US04,AZ,-inf,1.0,-3609467979.1202607,0,adjusted_gross_income/amount
0400000US04,AZ,1.0,10000.0,1563645582.7873063,0,adjusted_gross_income/amount
0400000US04,AZ,10000.0,25000.0,9864528521.998781,0,adjusted_gross_income/amount
0400000US04,AZ,25000.0,50000.0,31618320236.79993,0,adjusted_gross_income/amount
0400000US04,AZ,50000.0,75000.0,31850712024.756855,0,adjusted_gross_income/amount
0400000US04,AZ,75000.0,100000.0,28129027921.77537,0,adjusted_gross_income/amount
0400000US04,AZ,100000.0,200000.0,72450292459.35533,0,adjusted_gross_income/amount
0400000US04,AZ,200000.0,500000.0,53462189964.91956,0,adjusted_gross_income/amount
0400000US04,AZ,500000.0,inf,63752393047.012215,0,adjusted_gross_income/amount
0400000US04,AZ,-inf,1.0,63322.12741275802,1,adjusted_gross_income/count
0400000US04,AZ,1.0,10000.0,302952.7396807999,1,adjusted_gross_income/count
0400000US04,AZ,10000.0,25000.0,568610.6678651198,1,adjusted_gross_income/count
0400000US04,AZ,25000.0,50000.0,858062.6343109414,1,adjusted_gross_income/count
0400000US04,AZ,50000.0,75000.0,518798.22459121654,1,adjusted_gross_income/count
0400000US04,AZ,75000.0,100000.0,324673.069231032,1,adjusted_gross_income/count
0400000US04,AZ,100000.0,200000.0,528339.9843138076,1,adjusted_gross_income/count
0400000US04,AZ,200000.0,500000.0,186346.44657472832,1,adjusted_gross_income/count
0400000US04,AZ,500000.0,inf,42686.57128688931,1,adjusted_gross_income/count
0400000US05,AR,-inf,1.0,-1150179019.1487744,0,adjusted_gross_income/amount
0400000US05,AR,1.0,10000.0,742675537.2856323,0,adjusted_gross_income/amount
0400000US05,AR,10000.0,25000.0,4529347750.592351,0,adjusted_gross_income/amount
0400000US05,AR,25000.0,50000.0,12465112544.413284,0,adjusted_gross_income/amount
0400000US05,AR,50000.0,75000.0,11415894495.387392,0,adjusted_gross_income/amount
0400000US05,AR,75000.0,100000.0,10138298354.491322,0,adjusted_gross_income/amount
0400000US05,AR,100000.0,200000.0,23295893215.133785,0,adjusted_gross_income/amount
0400000US05,AR,200000.0,500000.0,14415250951.271696,0,adjusted_gross_income/amount
0400000US05,AR,500000.0,inf,20596414522.19824,0,adjusted_gross_income/amount
0400000US05,AR,-inf,1.0,24313.15769331962,1,adjusted_gross_income/count
0400000US05,AR,1.0,10000.0,137040.1767671836,1,adjusted_gross_income/count
0400000US05,AR,10000.0,25000.0,262103.39796114797,1,adjusted_gross_income/count
0400000US05,AR,25000.0,50000.0,343365.6621036164,1,adjusted_gross_income/count
0400000US05,AR,50000.0,75000.0,185907.54973014587,1,adjusted_gross_income/count
0400000US05,AR,75000.0,100000.0,117048.13985201846,1,adjusted_gross_income/count
0400000US05,AR,100000.0,200000.0,172211.67051553968,1,adjusted_gross_income/count
0400000US05,AR,200000.0,500000.0,50291.62219525149,1,adjusted_gross_income/count
0400000US05,AR,500000.0,inf,11383.759072485625,1,adjusted_gross_income/count
0400000US06,CA,-inf,1.0,-28571173471.705544,0,adjusted_gross_income/amount
0400000US06,CA,1.0,10000.0,8678269185.773333,0,adjusted_gross_income/amount
0400000US06,CA,10000.0,25000.0,49818048543.33291,0,adjusted_gross_income/amount
0400000US06,CA,25000.0,50000.0,152357066302.11588,0,adjusted_gross_income/amount
0400000US06,CA,50000.0,75000.0,166249994437.5585,0,adjusted_gross_income/amount
0400000US06,CA,75000.0,100000.0,152541938689.89038,0,adjusted_gross_income/amount
0400000US06,CA,100000.0,200000.0,433282904113.55115,0,adjusted_gross_income/amount
0400000US06,CA,200000.0,500000.0,445490649690.83923,0,adjusted_gross_income/amount
0400000US06,CA,500000.0,inf,622850017460.191,0,adjusted_gross_income/amount
0400000US06,CA,-inf,1.0,358275.22148341266,1,adjusted_gross_income/count
0400000US06,CA,1.0,10000.0,1705189.9790125205,1,adjusted_gross_income/count
0400000US06,CA,10000.0,25000.0,2888652.700128422,1,adjusted_gross_income/count
0400000US06,CA,25000.0,50000.0,4129296.490413805,1,adjusted_gross_income/count
0400000US06,CA,50000.0,75000.0,2698877.236907092,1,adjusted_gross_income/count
0400000US06,CA,75000.0,100000.0,1759888.0478693496,1,adjusted_gross_income/count
0400000US06,CA,100000.0,200000.0,3112428.55192839,1,adjusted_gross_income/count
0400000US06,CA,200000.0,500000.0,1515666.0261275033,1,adjusted_gross_income/count
0400000US06,CA,500000.0,inf,431118.2084940186,1,adjusted_gross_income/count
0400000US08,CO,-inf,1.0,-2946394395.3767657,0,adjusted_gross_income/amount
0400000US08,CO,1.0,10000.0,1417083169.4639559,0,adjusted_gross_income/amount
0400000US08,CO,10000.0,25000.0,7042799980.878186,0,adjusted_gross_income/amount
0400000US08,CO,25000.0,50000.0,24003804783.33757,0,adjusted_gross_income/amount
0400000US08,CO,50000.0,75000.0,28565230818.837807,0,adjusted_gross_income/amount
0400000US08,CO,75000.0,100000.0,26436540601.22711,0,adjusted_gross_income/amount
0400000US08,CO,100000.0,200000.0,75782532989.04193,0,adjusted_gross_income/amount
0400000US08,CO,200000.0,500000.0,66946293079.51828,0,adjusted_gross_income/amount
0400000US08,CO,500000.0,inf,72548203040.1648,0,adjusted_gross_income/amount
0400000US08,CO,-inf,1.0,50805.82386567486,1,adjusted_gross_income/count
0400000US08,CO,1.0,10000.0,289765.4922079634,1,adjusted_gross_income/count
0400000US08,CO,10000.0,25000.0,408304.6532516266,1,adjusted_gross_income/count
0400000US08,CO,25000.0,50000.0,642982.0313523319,1,adjusted_gross_income/count
0400000US08,CO,50000.0,75000.0,463820.1103004417,1,adjusted_gross_income/count
0400000US08,CO,75000.0,100000.0,304937.50808617193,1,adjusted_gross_income/count
0400000US08,CO,100000.0,200000.0,545576.2092205508,1,adjusted_gross_income/count
0400000US08,CO,200000.0,500000.0,231721.51474089586,1,adjusted_gross_income/count
0400000US08,CO,500000.0,inf,52019.839594765726,1,adjusted_gross_income/count
0400000US09,CT,-inf,1.0,-1952909157.7658336,0,adjusted_gross_income/amount
0400000US09,CT,1.0,10000.0,950726796.5490726,0,adjusted_gross_income/amount
0400000US09,CT,10000.0,25000.0,4459427920.737456,0,adjusted_gross_income/amount
0400000US09,CT,25000.0,50000.0,13778292352.825932,0,adjusted_gross_income/amount
0400000US09,CT,50000.0,75000.0,16563892166.92599,0,adjusted_gross_income/amount
0400000US09,CT,75000.0,100000.0,15980281505.943853,0,adjusted_gross_income/amount
0400000US09,CT,100000.0,200000.0,46714799330.3555,0,adjusted_gross_income/amount
0400000US09,CT,200000.0,500000.0,44202031840.804245,0,adjusted_gross_income/amount
0400000US09,CT,500000.0,inf,78462022306.37968,0,adjusted_gross_income/amount
0400000US09,CT,-inf,1.0,27180.375158458704,1,adjusted_gross_income/count
0400000US09,CT,1.0,10000.0,189435.21446408998,1,adjusted_gross_income/count
0400000US09,CT,10000.0,25000.0,260636.66372955244,1,adjusted_gross_income/count
0400000US09,CT,25000.0,50000.0,372150.20602513757,1,adjusted_gross_income/count
0400000US09,CT,50000.0,75000.0,268113.6855615675,1,adjusted_gross_income/count
0400000US09,CT,75000.0,100000.0,184315.68574810558,1,adjusted_gross_income/count
0400000US09,CT,100000.0,200000.0,334204.0766425734,1,adjusted_gross_income/count
0400000US09,CT,200000.0,500000.0,151990.89418744837,1,adjusted_gross_income/count
0400000US09,CT,500000.0,inf,45969.376698209475,1,adjusted_gross_income/count
0400000US10,DE,-inf,1.0,-280580216.2198764,0,adjusted_gross_income/amount
0400000US10,DE,1.0,10000.0,259068412.351495,0,adjusted_gross_income/amount
0400000US10,DE,10000.0,25000.0,1375698419.5229647,0,adjusted_gross_income/amount
0400000US10,DE,25000.0,50000.0,4305059177.320048,0,adjusted_gross_income/amount
0400000US10,DE,50000.0,75000.0,4664539868.335968,0,adjusted_gross_income/amount
0400000US10,DE,75000.0,100000.0,4444681489.888803,0,adjusted_gross_income/amount
0400000US10,DE,100000.0,200000.0,12450224402.100931,0,adjusted_gross_income/amount
0400000US10,DE,200000.0,500000.0,8550086975.307792,0,adjusted_gross_income/amount
0400000US10,DE,500000.0,inf,6880304185.5912,0,adjusted_gross_income/amount
0400000US10,DE,-inf,1.0,6221.121289674472,1,adjusted_gross_income/count
0400000US10,DE,1.0,10000.0,49897.1464961467,1,adjusted_gross_income/count
0400000US10,DE,10000.0,25000.0,79987.24624632657,1,adjusted_gross_income/count
0400000US10,DE,25000.0,50000.0,116745.12859168238,1,adjusted_gross_income/count
0400000US10,DE,50000.0,75000.0,75740.48469861319,1,adjusted_gross_income/count
0400000US10,DE,75000.0,100000.0,51256.24374651855,1,adjusted_gross_income/count
0400000US10,DE,100000.0,200000.0,90266.82257509373,1,adjusted_gross_income/count
0400000US10,DE,200000.0,500000.0,30444.428629992304,1,adjusted_gross_income/count
0400000US10,DE,500000.0,inf,5404.002754019352,1,adjusted_gross_income/count
0400000US11,DC,-inf,1.0,-398377668.7609383,0,adjusted_gross_income/amount
0400000US11,DC,1.0,10000.0,137147053.36888042,0,adjusted_gross_income/amount
0400000US11,DC,10000.0,25000.0,761364885.0082574,0,adjusted_gross_income/amount
0400000US11,DC,25000.0,50000.0,2445194554.9284716,0,adjusted_gross_income/amount
0400000US11,DC,50000.0,75000.0,3432825393.0142674,0,adjusted_gross_income/amount
0400000US11,DC,75000.0,100000.0,3393643788.067991,0,adjusted_gross_income/amount
0400000US11,DC,100000.0,200000.0,9200049025.05101,0,adjusted_gross_income/amount
0400000US11,DC,200000.0,500000.0,10890049487.460506,0,adjusted_gross_income/amount
0400000US11,DC,500000.0,inf,17365863306.2566,0,adjusted_gross_income/amount
0400000US11,DC,-inf,1.0,4972.664976440479,1,adjusted_gross_income/count
0400000US11,DC,1.0,10000.0,27638.609925814537,1,adjusted_gross_income/count
0400000US11,DC,10000.0,25000.0,44343.59519358019,1,adjusted_gross_income/count
0400000US11,DC,25000.0,50000.0,65623.93928235139,1,adjusted_gross_income/count
0400000US11,DC,50000.0,75000.0,55369.66769788596,1,adjusted_gross_income/count
0400000US11,DC,75000.0,100000.0,39159.93083728336,1,adjusted_gross_income/count
0400000US11,DC,100000.0,200000.0,66435.25709541484,1,adjusted_gross_income/count
0400000US11,DC,200000.0,500000.0,36507.17316892406,1,adjusted_gross_income/count
0400000US11,DC,500000.0,inf,10636.289532677341,1,adjusted_gross_income/count
0400000US12,FL,-inf,1.0,-19397043724.331657,0,adjusted_gross_income/amount
0400000US12,FL,1.0,10000.0,5816632149.566496,0,adjusted_gross_income/amount
0400000US12,FL,10000.0,25000.0,37484745881.22956,0,adjusted_gross_income/amount
0400000US12,FL,25000.0,50000.0,99314827331.72285,0,adjusted_gross_income/amount
0400000US12,FL,50000.0,75000.0,96660305721.68956,0,adjusted_gross_income/amount
0400000US12,FL,75000.0,100000.0,83502177275.54686,0,adjusted_gross_income/amount
0400000US12,FL,100000.0,200000.0,215273696501.15515,0,adjusted_gross_income/amount
0400000US12,FL,200000.0,500000.0,178211801164.7305,0,adjusted_gross_income/amount
0400000US12,FL,500000.0,inf,434607513632.96,0,adjusted_gross_income/amount
0400000US12,FL,-inf,1.0,229462.03831710876,1,adjusted_gross_income/count
0400000US12,FL,1.0,10000.0,1136429.2542273996,1,adjusted_gross_income/count
0400000US12,FL,10000.0,25000.0,2191049.7888818863,1,adjusted_gross_income/count
0400000US12,FL,25000.0,50000.0,2725120.9545911006,1,adjusted_gross_income/count
0400000US12,FL,50000.0,75000.0,1574888.042386434,1,adjusted_gross_income/count
0400000US12,FL,75000.0,100000.0,964552.9644786488,1,adjusted_gross_income/count
0400000US12,FL,100000.0,200000.0,1565936.6311314523,1,adjusted_gross_income/count
0400000US12,FL,200000.0,500000.0,612176.32958862,1,adjusted_gross_income/count
0400000US12,FL,500000.0,inf,199079.42108218206,1,adjusted_gross_income/count
0400000US13,GA,-inf,1.0,-4183664249.3629823,0,adjusted_gross_income/amount
0400000US13,GA,1.0,10000.0,2750039342.4919457,0,adjusted_gross_income/amount
0400000US13,GA,10000.0,25000.0,17160166812.930542,0,adjusted_gross_income/amount
0400000US13,GA,25000.0,50000.0,42670089003.34898,0,adjusted_gross_income/amount
0400000US13,GA,50000.0,75000.0,42078608370.37915,0,adjusted_gross_income/amount
0400000US13,GA,75000.0,100000.0,37100723705.6644,0,adjusted_gross_income/amount
0400000US13,GA,100000.0,200000.0,97668451973.9356,0,adjusted_gross_income/amount
0400000US13,GA,200000.0,500000.0,79718432415.26166,0,adjusted_gross_income/amount
0400000US13,GA,500000.0,inf,93527081267.43843,0,adjusted_gross_income/amount
0400000US13,GA,-inf,1.0,88735.6194838432,1,adjusted_gross_income/count
0400000US13,GA,1.0,10000.0,532101.3903610164,1,adjusted_gross_income/count
0400000US13,GA,10000.0,25000.0,1006280.144123279,1,adjusted_gross_income/count
0400000US13,GA,25000.0,50000.0,1169901.8890978605,1,adjusted_gross_income/count
0400000US13,GA,50000.0,75000.0,684756.630220601,1,adjusted_gross_income/count
0400000US13,GA,75000.0,100000.0,428621.052778858,1,adjusted_gross_income/count
0400000US13,GA,100000.0,200000.0,709184.8251379082,1,adjusted_gross_income/count
0400000US13,GA,200000.0,500000.0,276191.6956624467,1,adjusted_gross_income/count
0400000US13,GA,500000.0,inf,66009.6411168532,1,adjusted_gross_income/count
0400000US15,HI,-inf,1.0,-687287038.613081,0,adjusted_gross_income/amount
0400000US15,HI,1.0,10000.0,347589914.75979316,0,adjusted_gross_income/amount
0400000US15,HI,10000.0,25000.0,1629454903.2567105,0,adjusted_gross_income/amount
0400000US15,HI,25000.0,50000.0,5907882542.459001,0,adjusted_gross_income/amount
0400000US15,HI,50000.0,75000.0,6796542788.110082,0,adjusted_gross_income/amount
0400000US15,HI,75000.0,100000.0,6259178320.667923,0,adjusted_gross_income/amount
0400000US15,HI,100000.0,200000.0,16831732764.684866,0,adjusted_gross_income/amount
0400000US15,HI,200000.0,500000.0,10611319989.812088,0,adjusted_gross_income/amount
0400000US15,HI,500000.0,inf,10343444728.889978,0,adjusted_gross_income/amount
0400000US15,HI,-inf,1.0,16102.970413068957,1,adjusted_gross_income/count
0400000US15,HI,1.0,10000.0,75118.76857993062,1,adjusted_gross_income/count
0400000US15,HI,10000.0,25000.0,94403.4354404334,1,adjusted_gross_income/count
0400000US15,HI,25000.0,50000.0,158726.7732504257,1,adjusted_gross_income/count
0400000US15,HI,50000.0,75000.0,110518.45911483747,1,adjusted_gross_income/count
0400000US15,HI,75000.0,100000.0,72166.30166347862,1,adjusted_gross_income/count
0400000US15,HI,100000.0,200000.0,122591.01838156633,1,adjusted_gross_income/count
0400000US15,HI,200000.0,500000.0,37673.47228420778,1,adjusted_gross_income/count
0400000US15,HI,500000.0,inf,6959.547471998754,1,adjusted_gross_income/count
0400000US16,ID,-inf,1.0,-1118271984.7867615,0,adjusted_gross_income/amount
0400000US16,ID,1.0,10000.0,434992650.86761904,0,adjusted_gross_income/amount
0400000US16,ID,10000.0,25000.0,2384298143.263129,0,adjusted_gross_income/amount
0400000US16,ID,25000.0,50000.0,7789163670.912131,0,adjusted_gross_income/amount
0400000US16,ID,50000.0,75000.0,8346104457.216966,0,adjusted_gross_income/amount
0400000US16,ID,75000.0,100000.0,8001340576.126248,0,adjusted_gross_income/amount
0400000US16,ID,100000.0,200000.0,19562400097.420425,0,adjusted_gross_income/amount
0400000US16,ID,200000.0,500000.0,12353940501.85046,0,adjusted_gross_income/amount
0400000US16,ID,500000.0,inf,15592566351.032507,0,adjusted_gross_income/amount
0400000US16,ID,-inf,1.0,16050.069721830228,1,adjusted_gross_income/count
0400000US16,ID,1.0,10000.0,84351.8643948844,1,adjusted_gross_income/count
0400000US16,ID,10000.0,25000.0,137682.14139737573,1,adjusted_gross_income/count
0400000US16,ID,25000.0,50000.0,211284.17671913473,1,adjusted_gross_income/count
0400000US16,ID,50000.0,75000.0,135437.31953662404,1,adjusted_gross_income/count
0400000US16,ID,75000.0,100000.0,92233.13112867458,1,adjusted_gross_income/count
0400000US16,ID,100000.0,200000.0,144133.78987246394,1,adjusted_gross_income/count
0400000US16,ID,200000.0,500000.0,42972.08981657434,1,adjusted_gross_income/count
0400000US16,ID,500000.0,inf,10504.977316224535,1,adjusted_gross_income/count
0400000US17,IL,-inf,1.0,-4864528856.763314,0,adjusted_gross_income/amount
0400000US17,IL,1.0,10000.0,3206122399.6575775,0,adjusted_gross_income/amount
0400000US17,IL,10000.0,25000.0,16600567078.157852,0,adjusted_gross_income/amount
0400000US17,IL,25000.0,50000.0,50355230218.69987,0,adjusted_gross_income/amount
0400000US17,IL,50000.0,75000.0,56185017159.54248,0,adjusted_gross_income/amount
0400000US17,IL,75000.0,100000.0,53762663570.718094,0,adjusted_gross_income/amount
0400000US17,IL,100000.0,200000.0,147390621366.43872,0,adjusted_gross_income/amount
0400000US17,IL,200000.0,500000.0,117090310367.78116,0,adjusted_gross_income/amount
0400000US17,IL,500000.0,inf,145286836541.64886,0,adjusted_gross_income/amount
0400000US17,IL,-inf,1.0,86482.05003707336,1,adjusted_gross_income/count
0400000US17,IL,1.0,10000.0,629256.2112747743,1,adjusted_gross_income/count
0400000US17,IL,10000.0,25000.0,969571.6038338947,1,adjusted_gross_income/count
0400000US17,IL,25000.0,50000.0,1361470.762356442,1,adjusted_gross_income/count
0400000US17,IL,50000.0,75000.0,911797.3673593124,1,adjusted_gross_income/count
0400000US17,IL,75000.0,100000.0,620154.3725367064,1,adjusted_gross_income/count
0400000US17,IL,100000.0,200000.0,1066698.4616135964,1,adjusted_gross_income/count
0400000US17,IL,200000.0,500000.0,407742.1924242761,1,adjusted_gross_income/count
0400000US17,IL,500000.0,inf,95059.9437721049,1,adjusted_gross_income/count
0400000US18,IN,-inf,1.0,-1769451541.185187,0,adjusted_gross_income/amount
0400000US18,IN,1.0,10000.0,2009060583.9788573,0,adjusted_gross_income/amount
0400000US18,IN,10000.0,25000.0,9187733058.506205,0,adjusted_gross_income/amount
0400000US18,IN,25000.0,50000.0,28720691571.801777,0,adjusted_gross_income/amount
0400000US18,IN,50000.0,75000.0,30742612655.97712,0,adjusted_gross_income/amount
0400000US18,IN,75000.0,100000.0,28147950272.4484,0,adjusted_gross_income/amount
0400000US18,IN,100000.0,200000.0,69537315342.59981,0,adjusted_gross_income/amount
0400000US18,IN,200000.0,500000.0,39038320607.95721,0,adjusted_gross_income/amount
0400000US18,IN,500000.0,inf,42233859598.3674,0,adjusted_gross_income/amount
0400000US18,IN,-inf,1.0,46171.723313162234,1,adjusted_gross_income/count
0400000US18,IN,1.0,10000.0,401432.3530937461,1,adjusted_gross_income/count
0400000US18,IN,10000.0,25000.0,538833.9537387555,1,adjusted_gross_income/count
0400000US18,IN,25000.0,50000.0,774219.8664613747,1,adjusted_gross_income/count
0400000US18,IN,50000.0,75000.0,500194.41783796495,1,adjusted_gross_income/count
0400000US18,IN,75000.0,100000.0,324632.9154952337,1,adjusted_gross_income/count
0400000US18,IN,100000.0,200000.0,512388.6963832222,1,adjusted_gross_income/count
0400000US18,IN,200000.0,500000.0,138467.85703178798,1,adjusted_gross_income/count
0400000US18,IN,500000.0,inf,29514.945882700085,1,adjusted_gross_income/count
0400000US19,IA,-inf,1.0,-1197601539.8656883,0,adjusted_gross_income/amount
0400000US19,IA,1.0,10000.0,738915435.246061,0,adjusted_gross_income/amount
0400000US19,IA,10000.0,25000.0,3812773467.201005,0,adjusted_gross_income/amount
0400000US19,IA,25000.0,50000.0,12986181911.564268,0,adjusted_gross_income/amount
0400000US19,IA,50000.0,75000.0,15018829334.711813,0,adjusted_gross_income/amount
0400000US19,IA,75000.0,100000.0,13987861375.411982,0,adjusted_gross_income/amount
0400000US19,IA,100000.0,200000.0,36896920082.630196,0,adjusted_gross_income/amount
0400000US19,IA,200000.0,500000.0,20775830452.39411,0,adjusted_gross_income/amount
0400000US19,IA,500000.0,inf,20071229033.777542,0,adjusted_gross_income/amount
0400000US19,IA,-inf,1.0,22461.633499964122,1,adjusted_gross_income/count
0400000US19,IA,1.0,10000.0,136362.61113782774,1,adjusted_gross_income/count
0400000US19,IA,10000.0,25000.0,221667.74534353125,1,adjusted_gross_income/count
0400000US19,IA,25000.0,50000.0,348377.34647794964,1,adjusted_gross_income/count
0400000US19,IA,50000.0,75000.0,244409.64468492038,1,adjusted_gross_income/count
0400000US19,IA,75000.0,100000.0,161116.8648906429,1,adjusted_gross_income/count
0400000US19,IA,100000.0,200000.0,271814.36330803076,1,adjusted_gross_income/count
0400000US19,IA,200000.0,500000.0,73567.33298733609,1,adjusted_gross_income/count
0400000US19,IA,500000.0,inf,14575.656026261542,1,adjusted_gross_income/count
0400000US20,KS,-inf,1.0,-1169580702.8674624,0,adjusted_gross_income/amount
0400000US20,KS,1.0,10000.0,757830742.3460357,0,adjusted_gross_income/amount
0400000US20,KS,10000.0,25000.0,3692252623.731257,0,adjusted_gross_income/amount
0400000US20,KS,25000.0,50000.0,11917518847.058706,0,adjusted_gross_income/amount
0400000US20,KS,50000.0,75000.0,12958701383.28157,0,adjusted_gross_income/amount
0400000US20,KS,75000.0,100000.0,11757950184.441021,0,adjusted_gross_income/amount
0400000US20,KS,100000.0,200000.0,31095046204.560917,0,adjusted_gross_income/amount
0400000US20,KS,200000.0,500000.0,20448944481.594807,0,adjusted_gross_income/amount
0400000US20,KS,500000.0,inf,21854065490.0455,0,adjusted_gross_income/amount
0400000US20,KS,-inf,1.0,21350.718983950825,1,adjusted_gross_income/count
0400000US20,KS,1.0,10000.0,149630.7619693933,1,adjusted_gross_income/count
0400000US20,KS,10000.0,25000.0,214464.6738089148,1,adjusted_gross_income/count
0400000US20,KS,25000.0,50000.0,322746.44763366424,1,adjusted_gross_income/count
0400000US20,KS,50000.0,75000.0,210635.65336385267,1,adjusted_gross_income/count
0400000US20,KS,75000.0,100000.0,135528.89675318194,1,adjusted_gross_income/count
0400000US20,KS,100000.0,200000.0,227453.9219202039,1,adjusted_gross_income/count
0400000US20,KS,200000.0,500000.0,71868.15582800034,1,adjusted_gross_income/count
0400000US20,KS,500000.0,inf,15676.65845651969,1,adjusted_gross_income/count
0400000US21,KY,-inf,1.0,-1482969276.394879,0,adjusted_gross_income/amount
0400000US21,KY,1.0,10000.0,1193580649.9714901,0,adjusted_gross_income/amount
0400000US21,KY,10000.0,25000.0,6231284127.997656,0,adjusted_gross_income/amount
0400000US21,KY,25000.0,50000.0,18451958472.832226,0,adjusted_gross_income/amount
0400000US21,KY,50000.0,75000.0,18302490323.87423,0,adjusted_gross_income/amount
0400000US21,KY,75000.0,100000.0,16435722911.798096,0,adjusted_gross_income/amount
0400000US21,KY,100000.0,200000.0,38456549500.57522,0,adjusted_gross_income/amount
0400000US21,KY,200000.0,500000.0,21423823939.022064,0,adjusted_gross_income/amount
0400000US21,KY,500000.0,inf,21107322245.907085,0,adjusted_gross_income/amount
0400000US21,KY,-inf,1.0,31856.796263962304,1,adjusted_gross_income/count
0400000US21,KY,1.0,10000.0,226145.11348740017,1,adjusted_gross_income/count
0400000US21,KY,10000.0,25000.0,363699.8588113239,1,adjusted_gross_income/count
0400000US21,KY,25000.0,50000.0,502474.0866691216,1,adjusted_gross_income/count
0400000US21,KY,50000.0,75000.0,297851.6648401057,1,adjusted_gross_income/count
0400000US21,KY,75000.0,100000.0,189716.36321297573,1,adjusted_gross_income/count
0400000US21,KY,100000.0,200000.0,284513.15451771644,1,adjusted_gross_income/count
0400000US21,KY,200000.0,500000.0,75457.54189831317,1,adjusted_gross_income/count
0400000US21,KY,500000.0,inf,15848.374431881053,1,adjusted_gross_income/count
0400000US22,LA,-inf,1.0,-2528703962.6496134,0,adjusted_gross_income/amount
0400000US22,LA,1.0,10000.0,1143051887.2126248,0,adjusted_gross_income/amount
0400000US22,LA,10000.0,25000.0,7821263590.405282,0,adjusted_gross_income/amount
0400000US22,LA,25000.0,50000.0,17092073106.112492,0,adjusted_gross_income/amount
0400000US22,LA,50000.0,75000.0,16313528530.51197,0,adjusted_gross_income/amount
0400000US22,LA,75000.0,100000.0,14173161882.331633,0,adjusted_gross_income/amount
0400000US22,LA,100000.0,200000.0,37211338027.51693,0,adjusted_gross_income/amount
0400000US22,LA,200000.0,500000.0,23472967050.000904,0,adjusted_gross_income/amount
0400000US22,LA,500000.0,inf,26857872017.307613,0,adjusted_gross_income/amount
0400000US22,LA,-inf,1.0,34702.8534526059,1,adjusted_gross_income/count
0400000US22,LA,1.0,10000.0,215101.80502088374,1,adjusted_gross_income/count
0400000US22,LA,10000.0,25000.0,457098.6817643631,1,adjusted_gross_income/count
0400000US22,LA,25000.0,50000.0,472172.9809429425,1,adjusted_gross_income/count
0400000US22,LA,50000.0,75000.0,265955.1219069808,1,adjusted_gross_income/count
0400000US22,LA,75000.0,100000.0,163636.51181198566,1,adjusted_gross_income/count
0400000US22,LA,100000.0,200000.0,271402.7819328552,1,adjusted_gross_income/count
0400000US22,LA,200000.0,500000.0,82887.6716068879,1,adjusted_gross_income/count
0400000US22,LA,500000.0,inf,19353.40051719828,1,adjusted_gross_income/count
0400000US23,ME,-inf,1.0,-309137603.0881416,0,adjusted_gross_income/amount
0400000US23,ME,1.0,10000.0,394129988.66521955,0,adjusted_gross_income/amount
0400000US23,ME,10000.0,25000.0,1811059410.6176794,0,adjusted_gross_income/amount
0400000US23,ME,25000.0,50000.0,6465331347.620474,0,adjusted_gross_income/amount
0400000US23,ME,50000.0,75000.0,7128582251.101984,0,adjusted_gross_income/amount
0400000US23,ME,75000.0,100000.0,6216910708.071717,0,adjusted_gross_income/amount
0400000US23,ME,100000.0,200000.0,15289643346.334547,0,adjusted_gross_income/amount
0400000US23,ME,200000.0,500000.0,9390250795.872091,0,adjusted_gross_income/amount
0400000US23,ME,500000.0,inf,8351656431.241545,0,adjusted_gross_income/amount
0400000US23,ME,-inf,1.0,13595.477648353226,1,adjusted_gross_income/count
0400000US23,ME,1.0,10000.0,82946.16853696702,1,adjusted_gross_income/count
0400000US23,ME,10000.0,25000.0,105313.52705353448,1,adjusted_gross_income/count
0400000US23,ME,25000.0,50000.0,173098.9582998663,1,adjusted_gross_income/count
0400000US23,ME,50000.0,75000.0,116110.64495485969,1,adjusted_gross_income/count
0400000US23,ME,75000.0,100000.0,71764.76430549572,1,adjusted_gross_income/count
0400000US23,ME,100000.0,200000.0,112572.52539558508,1,adjusted_gross_income/count
0400000US23,ME,200000.0,500000.0,32867.515585021414,1,adjusted_gross_income/count
0400000US23,ME,500000.0,inf,6898.94183363592,1,adjusted_gross_income/count
0400000US24,MD,-inf,1.0,-2116844846.8716063,0,adjusted_gross_income/amount
0400000US24,MD,1.0,10000.0,1647473503.0835419,0,adjusted_gross_income/amount
0400000US24,MD,10000.0,25000.0,7598018801.625456,0,adjusted_gross_income/amount
0400000US24,MD,25000.0,50000.0,23006291720.634438,0,adjusted_gross_income/amount
0400000US24,MD,50000.0,75000.0,27388877839.596813,0,adjusted_gross_income/amount
0400000US24,MD,75000.0,100000.0,27155586915.28745,0,adjusted_gross_income/amount
0400000US24,MD,100000.0,200000.0,83329861698.5737,0,adjusted_gross_income/amount
0400000US24,MD,200000.0,500000.0,72345056494.26616,0,adjusted_gross_income/amount
0400000US24,MD,500000.0,inf,56942307592.85901,0,adjusted_gross_income/amount
0400000US24,MD,-inf,1.0,42881.300318113324,1,adjusted_gross_income/count
0400000US24,MD,1.0,10000.0,349239.57379366236,1,adjusted_gross_income/count
0400000US24,MD,10000.0,25000.0,445776.6990314304,1,adjusted_gross_income/count
0400000US24,MD,25000.0,50000.0,621669.8184418407,1,adjusted_gross_income/count
0400000US24,MD,50000.0,75000.0,443630.01025684265,1,adjusted_gross_income/count
0400000US24,MD,75000.0,100000.0,312737.37126499,1,adjusted_gross_income/count
0400000US24,MD,100000.0,200000.0,597154.3825291398,1,adjusted_gross_income/count
0400000US24,MD,200000.0,500000.0,255821.67835585345,1,adjusted_gross_income/count
0400000US24,MD,500000.0,inf,44292.620703504406,1,adjusted_gross_income/count
0400000US25,MA,-inf,1.0,-2072038385.6905334,0,adjusted_gross_income/amount
0400000US25,MA,1.0,10000.0,1897267534.1322918,0,adjusted_gross_income/amount
0400000US25,MA,10000.0,25000.0,7920467535.085901,0,adjusted_gross_income/amount
0400000US25,MA,25000.0,50000.0,25757089020.932785,0,adjusted_gross_income/amount
0400000US25,MA,50000.0,75000.0,33200174344.223515,0,adjusted_gross_income/amount
0400000US25,MA,75000.0,100000.0,31848944231.196182,0,adjusted_gross_income/amount
0400000US25,MA,100000.0,200000.0,93820117636.34842,0,adjusted_gross_income/amount
0400000US25,MA,200000.0,500000.0,98475257024.09091,0,adjusted_gross_income/amount
0400000US25,MA,500000.0,inf,134752480922.99054,0,adjusted_gross_income/amount
0400000US25,MA,-inf,1.0,46446.806907603626,1,adjusted_gross_income/count
0400000US25,MA,1.0,10000.0,390378.9317073885,1,adjusted_gross_income/count
0400000US25,MA,10000.0,25000.0,463678.89355679514,1,adjusted_gross_income/count
0400000US25,MA,25000.0,50000.0,688368.4074798106,1,adjusted_gross_income/count
0400000US25,MA,50000.0,75000.0,537602.8279634995,1,adjusted_gross_income/count
0400000US25,MA,75000.0,100000.0,367647.604969153,1,adjusted_gross_income/count
0400000US25,MA,100000.0,200000.0,669984.2087949655,1,adjusted_gross_income/count
0400000US25,MA,200000.0,500000.0,336215.8828886865,1,adjusted_gross_income/count
0400000US25,MA,500000.0,inf,88302.41509464892,1,adjusted_gross_income/count
0400000US26,MI,-inf,1.0,-2504649148.702054,0,adjusted_gross_income/amount
0400000US26,MI,1.0,10000.0,3000208980.948505,0,adjusted_gross_income/amount
0400000US26,MI,10000.0,25000.0,14573674569.583448,0,adjusted_gross_income/amount
0400000US26,MI,25000.0,50000.0,40610860561.436134,0,adjusted_gross_income/amount
0400000US26,MI,50000.0,75000.0,42941928242.62374,0,adjusted_gross_income/amount
0400000US26,MI,75000.0,100000.0,40516419812.012764,0,adjusted_gross_income/amount
0400000US26,MI,100000.0,200000.0,105535634703.09113,0,adjusted_gross_income/amount
0400000US26,MI,200000.0,500000.0,66982341547.47482,0,adjusted_gross_income/amount
0400000US26,MI,500000.0,inf,70519538558.00842,0,adjusted_gross_income/amount
0400000US26,MI,-inf,1.0,71437.09344877896,1,adjusted_gross_income/count
0400000US26,MI,1.0,10000.0,649906.7935903664,1,adjusted_gross_income/count
0400000US26,MI,10000.0,25000.0,852986.3246717973,1,adjusted_gross_income/count
0400000US26,MI,25000.0,50000.0,1104850.4267881282,1,adjusted_gross_income/count
0400000US26,MI,50000.0,75000.0,697376.6977267193,1,adjusted_gross_income/count
0400000US26,MI,75000.0,100000.0,467299.1387865619,1,adjusted_gross_income/count
0400000US26,MI,100000.0,200000.0,771273.3813686639,1,adjusted_gross_income/count
0400000US26,MI,200000.0,500000.0,236778.82900803132,1,adjusted_gross_income/count
0400000US26,MI,500000.0,inf,48625.923846447025,1,adjusted_gross_income/count
0400000US27,MN,-inf,1.0,-1655688822.4126124,0,adjusted_gross_income/amount
0400000US27,MN,1.0,10000.0,1499649330.8272557,0,adjusted_gross_income/amount
0400000US27,MN,10000.0,25000.0,6791182218.988081,0,adjusted_gross_income/amount
0400000US27,MN,25000.0,50000.0,23014807104.216896,0,adjusted_gross_income/amount
0400000US27,MN,50000.0,75000.0,28419066308.901466,0,adjusted_gross_income/amount
0400000US27,MN,75000.0,100000.0,26377021024.77591,0,adjusted_gross_income/amount
0400000US27,MN,100000.0,200000.0,75530064210.5351,0,adjusted_gross_income/amount
0400000US27,MN,200000.0,500000.0,54286079379.4988,0,adjusted_gross_income/amount
0400000US27,MN,500000.0,inf,51655199620.68033,0,adjusted_gross_income/amount
0400000US27,MN,-inf,1.0,35644.48575665527,1,adjusted_gross_income/count
0400000US27,MN,1.0,10000.0,298573.8453895896,1,adjusted_gross_income/count
0400000US27,MN,10000.0,25000.0,397133.362391803,1,adjusted_gross_income/count
0400000US27,MN,25000.0,50000.0,613534.6193572517,1,adjusted_gross_income/count
0400000US27,MN,50000.0,75000.0,461751.9051244191,1,adjusted_gross_income/count
0400000US27,MN,75000.0,100000.0,304134.4333702061,1,adjusted_gross_income/count
0400000US27,MN,100000.0,200000.0,547734.5017976911,1,adjusted_gross_income/count
0400000US27,MN,200000.0,500000.0,190277.6789374519,1,adjusted_gross_income/count
0400000US27,MN,500000.0,inf,39343.16023720631,1,adjusted_gross_income/count
0400000US28,MS,-inf,1.0,-930542178.2804542,0,adjusted_gross_income/amount
0400000US28,MS,1.0,10000.0,717417197.8484162,0,adjusted_gross_income/amount
0400000US28,MS,10000.0,25000.0,5185471246.917978,0,adjusted_gross_income/amount
0400000US28,MS,25000.0,50000.0,11880448456.824518,0,adjusted_gross_income/amount
0400000US28,MS,50000.0,75000.0,10276844413.880949,0,adjusted_gross_income/amount
0400000US28,MS,75000.0,100000.0,8883186363.136166,0,adjusted_gross_income/amount
0400000US28,MS,100000.0,200000.0,20491600449.11781,0,adjusted_gross_income/amount
0400000US28,MS,200000.0,500000.0,10832130180.885471,0,adjusted_gross_income/amount
0400000US28,MS,500000.0,inf,12109955759.233953,0,adjusted_gross_income/amount
0400000US28,MS,-inf,1.0,22376.992393982156,1,adjusted_gross_income/count
0400000US28,MS,1.0,10000.0,130213.95587441932,1,adjusted_gross_income/count
0400000US28,MS,10000.0,25000.0,302569.18895338656,1,adjusted_gross_income/count
0400000US28,MS,25000.0,50000.0,329043.6943324758,1,adjusted_gross_income/count
0400000US28,MS,50000.0,75000.0,167614.9777363928,1,adjusted_gross_income/count
0400000US28,MS,75000.0,100000.0,102582.75653068411,1,adjusted_gross_income/count
0400000US28,MS,100000.0,200000.0,151572.37033600314,1,adjusted_gross_income/count
0400000US28,MS,200000.0,500000.0,38447.65359349094,1,adjusted_gross_income/count
0400000US28,MS,500000.0,inf,8252.467757072543,1,adjusted_gross_income/count
0400000US29,MO,-inf,1.0,-2287010981.3609233,0,adjusted_gross_income/amount
0400000US29,MO,1.0,10000.0,1574158562.24449,0,adjusted_gross_income/amount
0400000US29,MO,10000.0,25000.0,8408252827.7927475,0,adjusted_gross_income/amount
0400000US29,MO,25000.0,50000.0,25926855379.720646,0,adjusted_gross_income/amount
0400000US29,MO,50000.0,75000.0,26736886839.5644,0,adjusted_gross_income/amount
0400000US29,MO,75000.0,100000.0,24750104417.541294,0,adjusted_gross_income/amount
0400000US29,MO,100000.0,200000.0,60897723113.20634,0,adjusted_gross_income/amount
0400000US29,MO,200000.0,500000.0,38274122452.20819,0,adjusted_gross_income/amount
0400000US29,MO,500000.0,inf,42840636666.7342,0,adjusted_gross_income/amount
0400000US29,MO,-inf,1.0,51070.3273218685,1,adjusted_gross_income/count
0400000US29,MO,1.0,10000.0,322571.80417259654,1,adjusted_gross_income/count
0400000US29,MO,10000.0,25000.0,488070.8847507264,1,adjusted_gross_income/count
0400000US29,MO,25000.0,50000.0,704799.5009395485,1,adjusted_gross_income/count
0400000US29,MO,50000.0,75000.0,434473.6844290145,1,adjusted_gross_income/count
0400000US29,MO,75000.0,100000.0,285573.3689974461,1,adjusted_gross_income/count
0400000US29,MO,100000.0,200000.0,447318.6848249751,1,adjusted_gross_income/count
0400000US29,MO,200000.0,500000.0,134627.1133935261,1,adjusted_gross_income/count
0400000US29,MO,500000.0,inf,28787.67822234608,1,adjusted_gross_income/count
0400000US30,MT,-inf,1.0,-636545183.9543989,0,adjusted_gross_income/amount
0400000US30,MT,1.0,10000.0,312829614.1963336,0,adjusted_gross_income/amount
0400000US30,MT,10000.0,25000.0,1545006029.7077925,0,adjusted_gross_income/amount
0400000US30,MT,25000.0,50000.0,4826410750.248442,0,adjusted_gross_income/amount
0400000US30,MT,50000.0,75000.0,5044226240.779798,0,adjusted_gross_income/amount
0400000US30,MT,75000.0,100000.0,4756699508.347353,0,adjusted_gross_income/amount
0400000US30,MT,100000.0,200000.0,12000589243.076773,0,adjusted_gross_income/amount
0400000US30,MT,200000.0,500000.0,7702176646.104614,0,adjusted_gross_income/amount
0400000US30,MT,500000.0,inf,12096243742.18836,0,adjusted_gross_income/amount
0400000US30,MT,-inf,1.0,11193.786266114952,1,adjusted_gross_income/count
0400000US30,MT,1.0,10000.0,62720.32885470244,1,adjusted_gross_income/count
0400000US30,MT,10000.0,25000.0,89942.95599640314,1,adjusted_gross_income/count
0400000US30,MT,25000.0,50000.0,131157.48746376293,1,adjusted_gross_income/count
0400000US30,MT,50000.0,75000.0,81914.98073382622,1,adjusted_gross_income/count
0400000US30,MT,75000.0,100000.0,54809.84936466731,1,adjusted_gross_income/count
0400000US30,MT,100000.0,200000.0,88389.60996148801,1,adjusted_gross_income/count
0400000US30,MT,200000.0,500000.0,26613.739294448358,1,adjusted_gross_income/count
0400000US30,MT,500000.0,inf,7030.254050088727,1,adjusted_gross_income/count
0400000US31,NE,-inf,1.0,-910462481.4491553,0,adjusted_gross_income/amount
0400000US31,NE,1.0,10000.0,500632311.11063164,0,adjusted_gross_income/amount
0400000US31,NE,10000.0,25000.0,2438736600.48658,0,adjusted_gross_income/amount
0400000US31,NE,25000.0,50000.0,8307689168.90232,0,adjusted_gross_income/amount
0400000US31,NE,50000.0,75000.0,9226295218.804348,0,adjusted_gross_income/amount
0400000US31,NE,75000.0,100000.0,8360201701.84242,0,adjusted_gross_income/amount
0400000US31,NE,100000.0,200000.0,22659701809.275707,0,adjusted_gross_income/amount
0400000US31,NE,200000.0,500000.0,13773103298.048626,0,adjusted_gross_income/amount
0400000US31,NE,500000.0,inf,16030510908.484308,0,adjusted_gross_income/amount
0400000US31,NE,-inf,1.0,14558.270228898084,1,adjusted_gross_income/count
0400000US31,NE,1.0,10000.0,95192.9144645782,1,adjusted_gross_income/count
0400000US31,NE,10000.0,25000.0,141590.0839733392,1,adjusted_gross_income/count
0400000US31,NE,25000.0,50000.0,222914.49837339902,1,adjusted_gross_income/count
0400000US31,NE,50000.0,75000.0,150366.54816160255,1,adjusted_gross_income/count
0400000US31,NE,75000.0,100000.0,96288.65844430198,1,adjusted_gross_income/count
0400000US31,NE,100000.0,200000.0,166158.41272942073,1,adjusted_gross_income/count
0400000US31,NE,200000.0,500000.0,48501.95631145406,1,adjusted_gross_income/count
0400000US31,NE,500000.0,inf,10565.582954587368,1,adjusted_gross_income/count
0400000US32,NV,-inf,1.0,-2526746717.6434627,0,adjusted_gross_income/amount
0400000US32,NV,1.0,10000.0,716769703.0408522,0,adjusted_gross_income/amount
0400000US32,NV,10000.0,25000.0,4717368423.484242,0,adjusted_gross_income/amount
0400000US32,NV,25000.0,50000.0,14921788154.31459,0,adjusted_gross_income/amount
0400000US32,NV,50000.0,75000.0,14609213297.771557,0,adjusted_gross_income/amount
0400000US32,NV,75000.0,100000.0,13154324299.478392,0,adjusted_gross_income/amount
0400000US32,NV,100000.0,200000.0,31574714798.101715,0,adjusted_gross_income/amount
0400000US32,NV,200000.0,500000.0,21383799137.798214,0,adjusted_gross_income/amount
0400000US32,NV,500000.0,inf,48609684456.98171,0,adjusted_gross_income/amount
0400000US32,NV,-inf,1.0,31253.7283838408,1,adjusted_gross_income/count
0400000US32,NV,1.0,10000.0,136817.6925306787,1,adjusted_gross_income/count
0400000US32,NV,10000.0,25000.0,271697.44721576263,1,adjusted_gross_income/count
0400000US32,NV,25000.0,50000.0,405554.73955025245,1,adjusted_gross_income/count
0400000US32,NV,50000.0,75000.0,237823.51558069314,1,adjusted_gross_income/count
0400000US32,NV,75000.0,100000.0,151941.7362607334,1,adjusted_gross_income/count
0400000US32,NV,100000.0,200000.0,231288.65570842518,1,adjusted_gross_income/count
0400000US32,NV,200000.0,500000.0,74653.19768087611,1,adjusted_gross_income/count
0400000US32,NV,500000.0,inf,21515.001618806018,1,adjusted_gross_income/count
0400000US33,NH,-inf,1.0,-496123717.11921567,0,adjusted_gross_income/amount
0400000US33,NH,1.0,10000.0,347015930.2491998,0,adjusted_gross_income/amount
0400000US33,NH,10000.0,25000.0,1533784018.5686147,0,adjusted_gross_income/amount
0400000US33,NH,25000.0,50000.0,5720866481.0632515,0,adjusted_gross_income/amount
0400000US33,NH,50000.0,75000.0,7198809687.345671,0,adjusted_gross_income/amount
0400000US33,NH,75000.0,100000.0,6910461538.715953,0,adjusted_gross_income/amount
0400000US33,NH,100000.0,200000.0,21033670964.293602,0,adjusted_gross_income/amount
0400000US33,NH,200000.0,500000.0,16563615343.354807,0,adjusted_gross_income/amount
0400000US33,NH,500000.0,inf,18527540311.83438,0,adjusted_gross_income/amount
0400000US33,NH,-inf,1.0,9310.521658016216,1,adjusted_gross_income/count
0400000US33,NH,1.0,10000.0,67392.49782130556,1,adjusted_gross_income/count
0400000US33,NH,10000.0,25000.0,89561.20325119334,1,adjusted_gross_income/count
0400000US33,NH,25000.0,50000.0,151957.48413559483,1,adjusted_gross_income/count
0400000US33,NH,50000.0,75000.0,116793.35345956616,1,adjusted_gross_income/count
0400000US33,NH,75000.0,100000.0,79644.93495591033,1,adjusted_gross_income/count
0400000US33,NH,100000.0,200000.0,151602.48604638182,1,adjusted_gross_income/count
0400000US33,NH,200000.0,500000.0,57983.163774493274,1,adjusted_gross_income/count
0400000US33,NH,500000.0,inf,11797.897601298324,1,adjusted_gross_income/count
0400000US34,NJ,-inf,1.0,-4979930528.246254,0,adjusted_gross_income/amount
0400000US34,NJ,1.0,10000.0,2451922864.5838223,0,adjusted_gross_income/amount
0400000US34,NJ,10000.0,25000.0,11529517952.15784,0,adjusted_gross_income/amount
0400000US34,NJ,25000.0,50000.0,34433399192.59567,0,adjusted_gross_income/amount
0400000US34,NJ,50000.0,75000.0,40580620178.69727,0,adjusted_gross_income/amount
0400000US34,NJ,75000.0,100000.0,39512554476.38966,0,adjusted_gross_income/amount
0400000US34,NJ,100000.0,200000.0,118839610955.88559,0,adjusted_gross_income/amount
0400000US34,NJ,200000.0,500000.0,125349099253.33762,0,adjusted_gross_income/amount
0400000US34,NJ,500000.0,inf,140106475098.61267,0,adjusted_gross_income/amount
0400000US34,NJ,-inf,1.0,66760.67234327536,1,adjusted_gross_income/count
0400000US34,NJ,1.0,10000.0,495826.34689087485,1,adjusted_gross_income/count
0400000US34,NJ,10000.0,25000.0,673200.8739277305,1,adjusted_gross_income/count
0400000US34,NJ,25000.0,50000.0,933037.0308127403,1,adjusted_gross_income/count
0400000US34,NJ,50000.0,75000.0,657347.891722826,1,adjusted_gross_income/count
0400000US34,NJ,75000.0,100000.0,455564.2094995113,1,adjusted_gross_income/count
0400000US34,NJ,100000.0,200000.0,848660.7184717997,1,adjusted_gross_income/count
0400000US34,NJ,200000.0,500000.0,428071.99251999747,1,adjusted_gross_income/count
0400000US34,NJ,500000.0,inf,107372.98929948731,1,adjusted_gross_income/count
0400000US35,NM,-inf,1.0,-690739752.1835594,0,adjusted_gross_income/amount
0400000US35,NM,1.0,10000.0,582011230.8283356,0,adjusted_gross_income/amount
0400000US35,NM,10000.0,25000.0,3264819670.583941,0,adjusted_gross_income/amount
0400000US35,NM,25000.0,50000.0,9207915555.93423,0,adjusted_gross_income/amount
0400000US35,NM,50000.0,75000.0,8503096897.500961,0,adjusted_gross_income/amount
0400000US35,NM,75000.0,100000.0,7402080270.612912,0,adjusted_gross_income/amount
0400000US35,NM,100000.0,200000.0,17723688726.217216,0,adjusted_gross_income/amount
0400000US35,NM,200000.0,500000.0,10527873307.50172,0,adjusted_gross_income/amount
0400000US35,NM,500000.0,inf,8711972689.525898,0,adjusted_gross_income/amount
0400000US35,NM,-inf,1.0,25498.13317706714,1,adjusted_gross_income/count
0400000US35,NM,1.0,10000.0,128332.9527839687,1,adjusted_gross_income/count
0400000US35,NM,10000.0,25000.0,188173.96501380845,1,adjusted_gross_income/count
0400000US35,NM,25000.0,50000.0,253737.8637938974,1,adjusted_gross_income/count
0400000US35,NM,50000.0,75000.0,138539.6273006579,1,adjusted_gross_income/count
0400000US35,NM,75000.0,100000.0,85517.4188164104,1,adjusted_gross_income/count
0400000US35,NM,100000.0,200000.0,130180.17739699905,1,adjusted_gross_income/count
0400000US35,NM,200000.0,500000.0,37552.82065159223,1,adjusted_gross_income/count
0400000US35,NM,500000.0,inf,6707.02397882028,1,adjusted_gross_income/count
0400000US36,NY,-inf,1.0,-16984324463.814724,0,adjusted_gross_income/amount
0400000US36,NY,1.0,10000.0,5505683593.380318,0,adjusted_gross_income/amount
0400000US36,NY,10000.0,25000.0,27543115884.25602,0,adjusted_gross_income/amount
0400000US36,NY,25000.0,50000.0,76973663495.42522,0,adjusted_gross_income/amount
0400000US36,NY,50000.0,75000.0,89134379088.04132,0,adjusted_gross_income/amount
0400000US36,NY,75000.0,100000.0,82137753323.7573,0,adjusted_gross_income/amount
0400000US36,NY,100000.0,200000.0,219822792572.77872,0,adjusted_gross_income/amount
0400000US36,NY,200000.0,500000.0,188388965699.51855,0,adjusted_gross_income/amount
0400000US36,NY,500000.0,inf,354757226794.29156,0,adjusted_gross_income/amount
0400000US36,NY,-inf,1.0,177365.4375852089,1,adjusted_gross_income/count
0400000US36,NY,1.0,10000.0,1118630.5153070067,1,adjusted_gross_income/count
0400000US36,NY,10000.0,25000.0,1614834.2044871924,1,adjusted_gross_income/count
0400000US36,NY,25000.0,50000.0,2086819.1735763226,1,adjusted_gross_income/count
0400000US36,NY,50000.0,75000.0,1445394.302773137,1,adjusted_gross_income/count
0400000US36,NY,75000.0,100000.0,947989.5484618539,1,adjusted_gross_income/count
0400000US36,NY,100000.0,200000.0,1592609.1119568555,1,adjusted_gross_income/count
0400000US36,NY,200000.0,500000.0,651548.9790321636,1,adjusted_gross_income/count
0400000US36,NY,500000.0,inf,191554.22098546353,1,adjusted_gross_income/count
0400000US37,NC,-inf,1.0,-2682469455.066224,0,adjusted_gross_income/amount
0400000US37,NC,1.0,10000.0,2622984346.605814,0,adjusted_gross_income/amount
0400000US37,NC,10000.0,25000.0,15020727708.887712,0,adjusted_gross_income/amount
0400000US37,NC,25000.0,50000.0,44536295723.549644,0,adjusted_gross_income/amount
0400000US37,NC,50000.0,75000.0,44990676074.39792,0,adjusted_gross_income/amount
0400000US37,NC,75000.0,100000.0,39644941666.26285,0,adjusted_gross_income/amount
0400000US37,NC,100000.0,200000.0,104625731161.84529,0,adjusted_gross_income/amount
0400000US37,NC,200000.0,500000.0,82134377688.25027,0,adjusted_gross_income/amount
0400000US37,NC,500000.0,inf,84341259865.60558,0,adjusted_gross_income/amount
0400000US37,NC,-inf,1.0,78324.76344806142,1,adjusted_gross_income/count
0400000US37,NC,1.0,10000.0,504300.9737177437,1,adjusted_gross_income/count
0400000US37,NC,10000.0,25000.0,875248.5373924529,1,adjusted_gross_income/count
0400000US37,NC,25000.0,50000.0,1213711.4426867212,1,adjusted_gross_income/count
0400000US37,NC,50000.0,75000.0,732556.2653810062,1,adjusted_gross_income/count
0400000US37,NC,75000.0,100000.0,457481.5503838797,1,adjusted_gross_income/count
0400000US37,NC,100000.0,200000.0,762248.7068251797,1,adjusted_gross_income/count
0400000US37,NC,200000.0,500000.0,284808.2330917411,1,adjusted_gross_income/count
0400000US37,NC,500000.0,inf,63676.3240398841,1,adjusted_gross_income/count
0400000US38,ND,-inf,1.0,-393149591.49618685,0,adjusted_gross_income/amount
0400000US38,ND,1.0,10000.0,171105789.59824824,0,adjusted_gross_income/amount
0400000US38,ND,10000.0,25000.0,879554129.8875449,0,adjusted_gross_income/amount
0400000US38,ND,25000.0,50000.0,3151040414.494323,0,adjusted_gross_income/amount
0400000US38,ND,50000.0,75000.0,3616380146.993944,0,adjusted_gross_income/amount
0400000US38,ND,75000.0,100000.0,3356801921.115695,0,adjusted_gross_income/amount
0400000US38,ND,100000.0,200000.0,9955760791.013618,0,adjusted_gross_income/amount
0400000US38,ND,200000.0,500000.0,6256337018.196271,0,adjusted_gross_income/amount
0400000US38,ND,500000.0,inf,6949776373.878937,0,adjusted_gross_income/amount
0400000US38,ND,-inf,1.0,5533.412303571002,1,adjusted_gross_income/count
0400000US38,ND,1.0,10000.0,31835.47165988444,1,adjusted_gross_income/count
0400000US38,ND,10000.0,25000.0,50943.89923576012,1,adjusted_gross_income/count
0400000US38,ND,25000.0,50000.0,84565.89665708582,1,adjusted_gross_income/count
0400000US38,ND,50000.0,75000.0,58873.56869998246,1,adjusted_gross_income/count
0400000US38,ND,75000.0,100000.0,38627.893837956006,1,adjusted_gross_income/count
0400000US38,ND,100000.0,200000.0,72709.36342431093,1,adjusted_gross_income/count
0400000US38,ND,200000.0,500000.0,21918.379925159585,1,adjusted_gross_income/count
0400000US38,ND,500000.0,inf,5171.681140295155,1,adjusted_gross_income/count
0400000US39,OH,-inf,1.0,-2474619533.659312,0,adjusted_gross_income/amount
0400000US39,OH,1.0,10000.0,3104154554.845853,0,adjusted_gross_income/amount
0400000US39,OH,10000.0,25000.0,16524179849.886162,0,adjusted_gross_income/amount
0400000US39,OH,25000.0,50000.0,52735749436.05,0,adjusted_gross_income/amount
0400000US39,OH,50000.0,75000.0,57360790841.99992,0,adjusted_gross_income/amount
0400000US39,OH,75000.0,100000.0,49565580788.42629,0,adjusted_gross_income/amount
0400000US39,OH,100000.0,200000.0,116456323355.27876,0,adjusted_gross_income/amount
0400000US39,OH,200000.0,500000.0,72022970482.6689,0,adjusted_gross_income/amount
0400000US39,OH,500000.0,inf,75974464351.84073,0,adjusted_gross_income/amount
0400000US39,OH,-inf,1.0,69352.80621397306,1,adjusted_gross_income/count
0400000US39,OH,1.0,10000.0,595307.1393680931,1,adjusted_gross_income/count
0400000US39,OH,10000.0,25000.0,961062.5360656659,1,adjusted_gross_income/count
0400000US39,OH,25000.0,50000.0,1423448.9272342182,1,adjusted_gross_income/count
0400000US39,OH,50000.0,75000.0,934366.9073384325,1,adjusted_gross_income/count
0400000US39,OH,75000.0,100000.0,572311.1963330426,1,adjusted_gross_income/count
0400000US39,OH,100000.0,200000.0,860757.1954739114,1,adjusted_gross_income/count
0400000US39,OH,200000.0,500000.0,252262.4551936945,1,adjusted_gross_income/count
0400000US39,OH,500000.0,inf,55353.14970472159,1,adjusted_gross_income/count
0400000US40,OK,-inf,1.0,-1769696070.5044894,0,adjusted_gross_income/amount
0400000US40,OK,1.0,10000.0,1008079933.0417823,0,adjusted_gross_income/amount
0400000US40,OK,10000.0,25000.0,5476198787.4913225,0,adjusted_gross_income/amount
0400000US40,OK,25000.0,50000.0,15904115332.46172,0,adjusted_gross_income/amount
0400000US40,OK,50000.0,75000.0,15386916719.737333,0,adjusted_gross_income/amount
0400000US40,OK,75000.0,100000.0,13719260364.325266,0,adjusted_gross_income/amount
0400000US40,OK,100000.0,200000.0,33166702664.24591,0,adjusted_gross_income/amount
0400000US40,OK,200000.0,500000.0,20022145343.680126,0,adjusted_gross_income/amount
0400000US40,OK,500000.0,inf,23301981359.302513,0,adjusted_gross_income/amount
0400000US40,OK,-inf,1.0,36512.05709297041,1,adjusted_gross_income/count
0400000US40,OK,1.0,10000.0,195543.4180481339,1,adjusted_gross_income/count
0400000US40,OK,10000.0,25000.0,316995.4242723673,1,adjusted_gross_income/count
0400000US40,OK,25000.0,50000.0,434992.1080896727,1,adjusted_gross_income/count
0400000US40,OK,50000.0,75000.0,250503.82207252088,1,adjusted_gross_income/count
0400000US40,OK,75000.0,100000.0,158265.94964896425,1,adjusted_gross_income/count
0400000US40,OK,100000.0,200000.0,244258.48831151918,1,adjusted_gross_income/count
0400000US40,OK,200000.0,500000.0,70480.66205292143,1,adjusted_gross_income/count
0400000US40,OK,500000.0,inf,16444.329875782252,1,adjusted_gross_income/count
0400000US41,OR,-inf,1.0,-1472418139.4025068,0,adjusted_gross_income/amount
0400000US41,OR,1.0,10000.0,1035405623.7075038,0,adjusted_gross_income/amount
0400000US41,OR,10000.0,25000.0,5230061939.823342,0,adjusted_gross_income/amount
0400000US41,OR,25000.0,50000.0,17493246193.795597,0,adjusted_gross_income/amount
0400000US41,OR,50000.0,75000.0,19212366782.681774,0,adjusted_gross_income/amount
0400000US41,OR,75000.0,100000.0,18387409294.552242,0,adjusted_gross_income/amount
0400000US41,OR,100000.0,200000.0,49360541422.37944,0,adjusted_gross_income/amount
0400000US41,OR,200000.0,500000.0,36023260376.95078,0,adjusted_gross_income/amount
0400000US41,OR,500000.0,inf,30144903539.31253,0,adjusted_gross_income/amount
0400000US41,OR,-inf,1.0,34681.693176110406,1,adjusted_gross_income/count
0400000US41,OR,1.0,10000.0,201985.34798693514,1,adjusted_gross_income/count
0400000US41,OR,10000.0,25000.0,302167.3439584289,1,adjusted_gross_income/count
0400000US41,OR,25000.0,50000.0,471550.28669202334,1,adjusted_gross_income/count
0400000US41,OR,50000.0,75000.0,312128.3044532324,1,adjusted_gross_income/count
0400000US41,OR,75000.0,100000.0,211820.99476993494,1,adjusted_gross_income/count
0400000US41,OR,100000.0,200000.0,358738.34203108866,1,adjusted_gross_income/count
0400000US41,OR,200000.0,500000.0,126000.52166151373,1,adjusted_gross_income/count
0400000US41,OR,500000.0,inf,23848.31869577512,1,adjusted_gross_income/count
0400000US42,PA,-inf,1.0,-3636147946.6692553,0,adjusted_gross_income/amount
0400000US42,PA,1.0,10000.0,3725119194.1360884,0,adjusted_gross_income/amount
0400000US42,PA,10000.0,25000.0,16537955468.78792,0,adjusted_gross_income/amount
0400000US42,PA,25000.0,50000.0,52654542463.94509,0,adjusted_gross_income/amount
0400000US42,PA,50000.0,75000.0,59303980157.61717,0,adjusted_gross_income/amount
0400000US42,PA,75000.0,100000.0,55321584191.47058,0,adjusted_gross_income/amount
0400000US42,PA,100000.0,200000.0,146444371918.29465,0,adjusted_gross_income/amount
0400000US42,PA,200000.0,500000.0,107047957006.4419,0,adjusted_gross_income/amount
0400000US42,PA,500000.0,inf,116014087370.0787,0,adjusted_gross_income/amount
0400000US42,PA,-inf,1.0,94078.58929895477,1,adjusted_gross_income/count
0400000US42,PA,1.0,10000.0,758044.2454515939,1,adjusted_gross_income/count
0400000US42,PA,10000.0,25000.0,968124.9618520471,1,adjusted_gross_income/count
0400000US42,PA,25000.0,50000.0,1418808.8507193045,1,adjusted_gross_income/count
0400000US42,PA,50000.0,75000.0,963271.5806479907,1,adjusted_gross_income/count
0400000US42,PA,75000.0,100000.0,638002.7080990468,1,adjusted_gross_income/count
0400000US42,PA,100000.0,200000.0,1066668.3459032178,1,adjusted_gross_income/count
0400000US42,PA,200000.0,500000.0,372893.9792038159,1,adjusted_gross_income/count
0400000US42,PA,500000.0,inf,82999.42173790096,1,adjusted_gross_income/count
0400000US44,RI,-inf,1.0,-302056357.34570295,0,adjusted_gross_income/amount
0400000US44,RI,1.0,10000.0,316474919.3337861,0,adjusted_gross_income/amount
0400000US44,RI,10000.0,25000.0,1500111957.752744,0,adjusted_gross_income/amount
0400000US44,RI,25000.0,50000.0,4806182320.46688,0,adjusted_gross_income/amount
0400000US44,RI,50000.0,75000.0,5534595446.16261,0,adjusted_gross_income/amount
0400000US44,RI,75000.0,100000.0,5066794172.75341,0,adjusted_gross_income/amount
0400000US44,RI,100000.0,200000.0,13170641336.003643,0,adjusted_gross_income/amount
0400000US44,RI,200000.0,500000.0,9003400029.912592,0,adjusted_gross_income/amount
0400000US44,RI,500000.0,inf,9145128198.061407,0,adjusted_gross_income/amount
0400000US44,RI,-inf,1.0,8971.957234088353,1,adjusted_gross_income/count
0400000US44,RI,1.0,10000.0,63802.41127770359,1,adjusted_gross_income/count
0400000US44,RI,10000.0,25000.0,87441.47090279157,1,adjusted_gross_income/count
0400000US44,RI,25000.0,50000.0,129289.40471100544,1,adjusted_gross_income/count
0400000US44,RI,50000.0,75000.0,89806.28786175701,1,adjusted_gross_income/count
0400000US44,RI,75000.0,100000.0,58584.30052970667,1,adjusted_gross_income/count
0400000US44,RI,100000.0,200000.0,95587.2647419976,1,adjusted_gross_income/count
0400000US44,RI,200000.0,500000.0,31771.596588763437,1,adjusted_gross_income/count
0400000US44,RI,500000.0,inf,6444.399545914666,1,adjusted_gross_income/count
0400000US45,SC,-inf,1.0,-1706660049.6146069,0,adjusted_gross_income/amount
0400000US45,SC,1.0,10000.0,1422292330.645183,0,adjusted_gross_income/amount
0400000US45,SC,10000.0,25000.0,7970714941.331584,0,adjusted_gross_income/amount
0400000US45,SC,25000.0,50000.0,22983988425.59974,0,adjusted_gross_income/amount
0400000US45,SC,50000.0,75000.0,22172808278.07845,0,adjusted_gross_income/amount
0400000US45,SC,75000.0,100000.0,19275673623.21751,0,adjusted_gross_income/amount
0400000US45,SC,100000.0,200000.0,49761647442.18614,0,adjusted_gross_income/amount
0400000US45,SC,200000.0,500000.0,33700472325.98653,0,adjusted_gross_income/amount
0400000US45,SC,500000.0,inf,37031712299.50817,0,adjusted_gross_income/amount
0400000US45,SC,-inf,1.0,37146.865387835154,1,adjusted_gross_income/count
0400000US45,SC,1.0,10000.0,274333.1765303955,1,adjusted_gross_income/count
0400000US45,SC,10000.0,25000.0,463518.1555588121,1,adjusted_gross_income/count
0400000US45,SC,25000.0,50000.0,628228.1949878118,1,adjusted_gross_income/count
0400000US45,SC,50000.0,75000.0,361333.51594685693,1,adjusted_gross_income/count
0400000US45,SC,75000.0,100000.0,222441.65788858294,1,adjusted_gross_income/count
0400000US45,SC,100000.0,200000.0,364209.36274988606,1,adjusted_gross_income/count
0400000US45,SC,200000.0,500000.0,117967.1337898612,1,adjusted_gross_income/count
0400000US45,SC,500000.0,inf,26494.764904285534,1,adjusted_gross_income/count
0400000US46,SD,-inf,1.0,-549999993.0525903,0,adjusted_gross_income/amount
0400000US46,SD,1.0,10000.0,234978181.742855,0,adjusted_gross_income/amount
0400000US46,SD,10000.0,25000.0,1115729697.2354033,0,adjusted_gross_income/amount
0400000US46,SD,25000.0,50000.0,3937783924.530058,0,adjusted_gross_income/amount
0400000US46,SD,50000.0,75000.0,4274853849.5070987,0,adjusted_gross_income/amount
0400000US46,SD,75000.0,100000.0,4019113305.980376,0,adjusted_gross_income/amount
0400000US46,SD,100000.0,200000.0,10449036135.61363,0,adjusted_gross_income/amount
0400000US46,SD,200000.0,500000.0,6316644739.417202,0,adjusted_gross_income/amount
0400000US46,SD,500000.0,inf,9336188396.459797,0,adjusted_gross_income/amount
0400000US46,SD,-inf,1.0,7966.844100552513,1,adjusted_gross_income/count
0400000US46,SD,1.0,10000.0,44719.33153748697,1,adjusted_gross_income/count
0400000US46,SD,10000.0,25000.0,64847.73606129591,1,adjusted_gross_income/count
0400000US46,SD,25000.0,50000.0,105546.6755307975,1,adjusted_gross_income/count
0400000US46,SD,50000.0,75000.0,69726.62595862521,1,adjusted_gross_income/count
0400000US46,SD,75000.0,100000.0,46267.142073580886,1,adjusted_gross_income/count
0400000US46,SD,100000.0,200000.0,77337.14425250467,1,adjusted_gross_income/count
0400000US46,SD,200000.0,500000.0,21908.32562244162,1,adjusted_gross_income/count
0400000US46,SD,500000.0,inf,5828.242222559189,1,adjusted_gross_income/count
0400000US47,TN,-inf,1.0,-2067456997.5346804,0,adjusted_gross_income/amount
0400000US47,TN,1.0,10000.0,1736048375.9814217,0,adjusted_gross_income/amount
0400000US47,TN,10000.0,25000.0,10258981560.57272,0,adjusted_gross_income/amount
0400000US47,TN,25000.0,50000.0,29858556313.525505,0,adjusted_gross_income/amount
0400000US47,TN,50000.0,75000.0,30242055055.863846,0,adjusted_gross_income/amount
0400000US47,TN,75000.0,100000.0,26591554304.84937,0,adjusted_gross_income/amount
0400000US47,TN,100000.0,200000.0,65088022189.91552,0,adjusted_gross_income/amount
0400000US47,TN,200000.0,500000.0,45175067944.94901,0,adjusted_gross_income/amount
0400000US47,TN,500000.0,inf,62510247831.1811,0,adjusted_gross_income/amount
0400000US47,TN,-inf,1.0,53006.49262120596,1,adjusted_gross_income/count
0400000US47,TN,1.0,10000.0,329590.17054234236,1,adjusted_gross_income/count
0400000US47,TN,10000.0,25000.0,597372.7233792159,1,adjusted_gross_income/count
0400000US47,TN,25000.0,50000.0,812384.9979693232,1,adjusted_gross_income/count
0400000US47,TN,50000.0,75000.0,492303.11071003415,1,adjusted_gross_income/count
0400000US47,TN,75000.0,100000.0,306945.1948760865,1,adjusted_gross_income/count
0400000US47,TN,100000.0,200000.0,478016.63227099786,1,adjusted_gross_income/count
0400000US47,TN,200000.0,500000.0,157088.42566545567,1,adjusted_gross_income/count
0400000US47,TN,500000.0,inf,40272.4466921031,1,adjusted_gross_income/count
0400000US48,TX,-inf,1.0,-15559127765.234333,0,adjusted_gross_income/amount
0400000US48,TX,1.0,10000.0,7013504651.0557575,0,adjusted_gross_income/amount
0400000US48,TX,10000.0,25000.0,45715182421.516846,0,adjusted_gross_income/amount
0400000US48,TX,25000.0,50000.0,117814985747.90411,0,adjusted_gross_income/amount
0400000US48,TX,50000.0,75000.0,120480769589.56267,0,adjusted_gross_income/amount
0400000US48,TX,75000.0,100000.0,103382246840.67256,0,adjusted_gross_income/amount
0400000US48,TX,100000.0,200000.0,281345200482.67676,0,adjusted_gross_income/amount
0400000US48,TX,200000.0,500000.0,240209881368.30264,0,adjusted_gross_income/amount
0400000US48,TX,500000.0,inf,361208025914.9963,0,adjusted_gross_income/amount
0400000US48,TX,-inf,1.0,248262.94398335286,1,adjusted_gross_income/count
0400000US48,TX,1.0,10000.0,1350206.266749095,1,adjusted_gross_income/count
0400000US48,TX,10000.0,25000.0,2657491.3667790154,1,adjusted_gross_income/count
0400000US48,TX,25000.0,50000.0,3228468.821902641,1,adjusted_gross_income/count
0400000US48,TX,50000.0,75000.0,1963459.6197048894,1,adjusted_gross_income/count
0400000US48,TX,75000.0,100000.0,1193499.527566555,1,adjusted_gross_income/count
0400000US48,TX,100000.0,200000.0,2037438.2313905247,1,adjusted_gross_income/count
0400000US48,TX,200000.0,500000.0,829972.635065137,1,adjusted_gross_income/count
0400000US48,TX,500000.0,inf,213887.3987221678,1,adjusted_gross_income/count
0400000US49,UT,-inf,1.0,-1674513538.1919549,0,adjusted_gross_income/amount
0400000US49,UT,1.0,10000.0,763001637.8932232,0,adjusted_gross_income/amount
0400000US49,UT,10000.0,25000.0,3956080890.0879903,0,adjusted_gross_income/amount
0400000US49,UT,25000.0,50000.0,12603584190.639172,0,adjusted_gross_income/amount
0400000US49,UT,50000.0,75000.0,14344322062.64353,0,adjusted_gross_income/amount
0400000US49,UT,75000.0,100000.0,14072211894.369707,0,adjusted_gross_income/amount
0400000US49,UT,100000.0,200000.0,38081606911.94051,0,adjusted_gross_income/amount
0400000US49,UT,200000.0,500000.0,24879252520.076675,0,adjusted_gross_income/amount
0400000US49,UT,500000.0,inf,35222368990.73363,0,adjusted_gross_income/amount
0400000US49,UT,-inf,1.0,22154.8094907795,1,adjusted_gross_income/count
0400000US49,UT,1.0,10000.0,149681.32656859898,1,adjusted_gross_income/count
0400000US49,UT,10000.0,25000.0,229654.41461831518,1,adjusted_gross_income/count
0400000US49,UT,25000.0,50000.0,340694.10289806,1,adjusted_gross_income/count
0400000US49,UT,50000.0,75000.0,232482.3255144601,1,adjusted_gross_income/count
0400000US49,UT,75000.0,100000.0,162201.01575719676,1,adjusted_gross_income/count
0400000US49,UT,100000.0,200000.0,278289.2410394515,1,adjusted_gross_income/count
0400000US49,UT,200000.0,500000.0,87080.31584027852,1,adjusted_gross_income/count
0400000US49,UT,500000.0,inf,20939.248054359097,1,adjusted_gross_income/count
0400000US50,VT,-inf,1.0,-217798829.1666228,0,adjusted_gross_income/amount
0400000US50,VT,1.0,10000.0,194012806.52277038,0,adjusted_gross_income/amount
0400000US50,VT,10000.0,25000.0,812349642.9839694,0,adjusted_gross_income/amount
0400000US50,VT,25000.0,50000.0,2924015407.3316255,0,adjusted_gross_income/amount
0400000US50,VT,50000.0,75000.0,3365282600.7900186,0,adjusted_gross_income/amount
0400000US50,VT,75000.0,100000.0,2902699635.4629292,0,adjusted_gross_income/amount
0400000US50,VT,100000.0,200000.0,7698548964.737147,0,adjusted_gross_income/amount
0400000US50,VT,200000.0,500000.0,4952684993.811519,0,adjusted_gross_income/amount
0400000US50,VT,500000.0,inf,4687735393.016502,0,adjusted_gross_income/amount
0400000US50,VT,-inf,1.0,6464.464469372623,1,adjusted_gross_income/count
0400000US50,VT,1.0,10000.0,41169.696673249535,1,adjusted_gross_income/count
0400000US50,VT,10000.0,25000.0,47578.44740298953,1,adjusted_gross_income/count
0400000US50,VT,25000.0,50000.0,77927.17246583478,1,adjusted_gross_income/count
0400000US50,VT,50000.0,75000.0,54887.7558122108,1,adjusted_gross_income/count
0400000US50,VT,75000.0,100000.0,33488.21565577475,1,adjusted_gross_income/count
0400000US50,VT,100000.0,200000.0,56416.76410943358,1,adjusted_gross_income/count
0400000US50,VT,200000.0,500000.0,17343.67218848637,1,adjusted_gross_income/count
0400000US50,VT,500000.0,inf,3666.641120951448,1,adjusted_gross_income/count
0400000US51,VA,-inf,1.0,-2898944592.4630704,0,adjusted_gross_income/amount
0400000US51,VA,1.0,10000.0,2099048264.365092,0,adjusted_gross_income/amount
0400000US51,VA,10000.0,25000.0,10729987580.872648,0,adjusted_gross_income/amount
0400000US51,VA,25000.0,50000.0,32637298011.53371,0,adjusted_gross_income/amount
0400000US51,VA,50000.0,75000.0,36723707372.94015,0,adjusted_gross_income/amount
0400000US51,VA,75000.0,100000.0,35395021858.63021,0,adjusted_gross_income/amount
0400000US51,VA,100000.0,200000.0,108788421203.02028,0,adjusted_gross_income/amount
0400000US51,VA,200000.0,500000.0,100630802750.48405,0,adjusted_gross_income/amount
0400000US51,VA,500000.0,inf,89356684026.27269,0,adjusted_gross_income/amount
0400000US51,VA,-inf,1.0,53514.33925709775,1,adjusted_gross_income/count
0400000US51,VA,1.0,10000.0,420677.23955142085,1,adjusted_gross_income/count
0400000US51,VA,10000.0,25000.0,623753.8472981877,1,adjusted_gross_income/count
0400000US51,VA,25000.0,50000.0,886144.1363362636,1,adjusted_gross_income/count
0400000US51,VA,50000.0,75000.0,596205.3212277896,1,adjusted_gross_income/count
0400000US51,VA,75000.0,100000.0,407710.99486189795,1,adjusted_gross_income/count
0400000US51,VA,100000.0,200000.0,780498.8273146726,1,adjusted_gross_income/count
0400000US51,VA,200000.0,500000.0,351598.96604717005,1,adjusted_gross_income/count
0400000US51,VA,500000.0,inf,64029.85693033397,1,adjusted_gross_income/count
0400000US53,WA,-inf,1.0,-2965049355.2650228,0,adjusted_gross_income/amount
0400000US53,WA,1.0,10000.0,1546305208.6251702,0,adjusted_gross_income/amount
0400000US53,WA,10000.0,25000.0,8257529695.817102,0,adjusted_gross_income/amount
0400000US53,WA,25000.0,50000.0,28972774644.27476,0,adjusted_gross_income/amount
0400000US53,WA,50000.0,75000.0,35779892355.25711,0,adjusted_gross_income/amount
0400000US53,WA,75000.0,100000.0,35017753351.25403,0,adjusted_gross_income/amount
0400000US53,WA,100000.0,200000.0,105300538274.22865,0,adjusted_gross_income/amount
0400000US53,WA,200000.0,500000.0,101273066053.2584,0,adjusted_gross_income/amount
0400000US53,WA,500000.0,inf,106267225078.80836,0,adjusted_gross_income/amount
0400000US53,WA,-inf,1.0,54847.436676313715,1,adjusted_gross_income/count
0400000US53,WA,1.0,10000.0,304955.09780934406,1,adjusted_gross_income/count
0400000US53,WA,10000.0,25000.0,475744.28953039955,1,adjusted_gross_income/count
0400000US53,WA,25000.0,50000.0,777222.8597037107,1,adjusted_gross_income/count
0400000US53,WA,50000.0,75000.0,579980.9544100591,1,adjusted_gross_income/count
0400000US53,WA,75000.0,100000.0,403314.16079198505,1,adjusted_gross_income/count
0400000US53,WA,100000.0,200000.0,756004.7162066624,1,adjusted_gross_income/count
0400000US53,WA,200000.0,500000.0,346179.6968821879,1,adjusted_gross_income/count
0400000US53,WA,500000.0,inf,80534.79244447906,1,adjusted_gross_income/count
0400000US54,WV,-inf,1.0,-485375542.03897583,0,adjusted_gross_income/amount
0400000US54,WV,1.0,10000.0,488679335.42511743,0,adjusted_gross_income/amount
0400000US54,WV,10000.0,25000.0,2549479999.285518,0,adjusted_gross_income/amount
0400000US54,WV,25000.0,50000.0,7010863235.505211,0,adjusted_gross_income/amount
0400000US54,WV,50000.0,75000.0,7076658384.461275,0,adjusted_gross_income/amount
0400000US54,WV,75000.0,100000.0,6680308535.752718,0,adjusted_gross_income/amount
0400000US54,WV,100000.0,200000.0,15144461501.017117,0,adjusted_gross_income/amount
0400000US54,WV,200000.0,500000.0,6812068309.761889,0,adjusted_gross_income/amount
0400000US54,WV,500000.0,inf,5486300920.24256,0,adjusted_gross_income/amount
0400000US54,WV,-inf,1.0,11553.510966538304,1,adjusted_gross_income/count
0400000US54,WV,1.0,10000.0,95112.01110584915,1,adjusted_gross_income/count
0400000US54,WV,10000.0,25000.0,147858.86589467904,1,adjusted_gross_income/count
0400000US54,WV,25000.0,50000.0,192533.04500194005,1,adjusted_gross_income/count
0400000US54,WV,50000.0,75000.0,114966.10422638117,1,adjusted_gross_income/count
0400000US54,WV,75000.0,100000.0,76994.78839322312,1,adjusted_gross_income/count
0400000US54,WV,100000.0,200000.0,112733.14251760482,1,adjusted_gross_income/count
0400000US54,WV,200000.0,500000.0,24351.521182906657,1,adjusted_gross_income/count
0400000US54,WV,500000.0,inf,4484.817238849705,1,adjusted_gross_income/count
0400000US55,WI,-inf,1.0,-1881034715.5704272,0,adjusted_gross_income/amount
0400000US55,WI,1.0,10000.0,1542219848.6962628,0,adjusted_gross_income/amount
0400000US55,WI,10000.0,25000.0,7455150374.250763,0,adjusted_gross_income/amount
0400000US55,WI,25000.0,50000.0,25446973995.9974,0,adjusted_gross_income/amount
0400000US55,WI,50000.0,75000.0,29549583559.62212,0,adjusted_gross_income/amount
0400000US55,WI,75000.0,100000.0,27285681338.638767,0,adjusted_gross_income/amount
0400000US55,WI,100000.0,200000.0,71729983945.77979,0,adjusted_gross_income/amount
0400000US55,WI,200000.0,500000.0,40764809516.06513,0,adjusted_gross_income/amount
0400000US55,WI,500000.0,inf,44851058071.99014,0,adjusted_gross_income/amount
0400000US55,WI,-inf,1.0,39813.06022626707,1,adjusted_gross_income/count
0400000US55,WI,1.0,10000.0,305521.4213204475,1,adjusted_gross_income/count
0400000US55,WI,10000.0,25000.0,435499.5132853877,1,adjusted_gross_income/count
0400000US55,WI,25000.0,50000.0,680715.294266901,1,adjusted_gross_income/count
0400000US55,WI,50000.0,75000.0,480556.508496702,1,adjusted_gross_income/count
0400000US55,WI,75000.0,100000.0,314303.36696112336,1,adjusted_gross_income/count
0400000US55,WI,100000.0,200000.0,527787.8629568648,1,adjusted_gross_income/count
0400000US55,WI,200000.0,500000.0,143595.55141794917,1,adjusted_gross_income/count
0400000US55,WI,500000.0,inf,29949.286290967062,1,adjusted_gross_income/count
0400000US56,WY,-inf,1.0,-487240835.937455,0,adjusted_gross_income/amount
0400000US56,WY,1.0,10000.0,144372209.26977044,0,adjusted_gross_income/amount
0400000US56,WY,10000.0,25000.0,731796477.8942521,0,adjusted_gross_income/amount
0400000US56,WY,25000.0,50000.0,2272808000.862085,0,adjusted_gross_income/amount
0400000US56,WY,50000.0,75000.0,2661800449.7385798,0,adjusted_gross_income/amount
0400000US56,WY,75000.0,100000.0,2662620680.061769,0,adjusted_gross_income/amount
0400000US56,WY,100000.0,200000.0,7154996705.090098,0,adjusted_gross_income/amount
0400000US56,WY,200000.0,500000.0,3957717712.1519403,0,adjusted_gross_income/amount
0400000US56,WY,500000.0,inf,11711758784.229942,0,adjusted_gross_income/amount
0400000US56,WY,-inf,1.0,5713.274653782679,1,adjusted_gross_income/count
0400000US56,WY,1.0,10000.0,28295.949715488136,1,adjusted_gross_income/count
0400000US56,WY,10000.0,25000.0,42264.04734467419,1,adjusted_gross_income/count
0400000US56,WY,25000.0,50000.0,61807.42613155655,1,adjusted_gross_income/count
0400000US56,WY,50000.0,75000.0,43100.99427507243,1,adjusted_gross_income/count
0400000US56,WY,75000.0,100000.0,30647.338848045656,1,adjusted_gross_income/count
0400000US56,WY,100000.0,200000.0,52652.300312095926,1,adjusted_gross_income/count
0400000US56,WY,200000.0,500000.0,13854.82914535317,1,adjusted_gross_income/count
0400000US56,WY,500000.0,inf,4100.981529218424,1,adjusted_gross_income/count
5001800US0101,AL-01,-inf,1.0,-179958985.2756382,0,adjusted_gross_income/amount
5001800US0101,AL-01,1.0,10000.0,164973904.31105256,0,adjusted_gross_income/amount
5001800US0101,AL-01,10000.0,25000.0,1120676530.2205172,0,adjusted_gross_income/amount
5001800US0101,AL-01,25000.0,50000.0,2640346981.4545565,0,adjusted_gross_income/amount
5001800US0101,AL-01,50000.0,75000.0,2493122511.400634,0,adjusted_gross_income/amount
5001800US0101,AL-01,75000.0,100000.0,2231865047.1976814,0,adjusted_gross_income/amount
5001800US0101,AL-01,100000.0,200000.0,5453408404.830723,0,adjusted_gross_income/amount
5001800US0101,AL-01,200000.0,500000.0,2925698948.863564,0,adjusted_gross_income/amount
5001800US0101,AL-01,500000.0,inf,3318970040.437896,0,adjusted_gross_income/amount
5001800US0101,AL-01,-inf,1.0,5171.442444279955,1,adjusted_gross_income/count
5001800US0101,AL-01,1.0,10000.0,30803.154916264055,1,adjusted_gross_income/count
5001800US0101,AL-01,10000.0,25000.0,65137.52312245125,1,adjusted_gross_income/count
5001800US0101,AL-01,25000.0,50000.0,73071.30638965625,1,adjusted_gross_income/count
5001800US0101,AL-01,50000.0,75000.0,40622.78192997632,1,adjusted_gross_income/count
5001800US0101,AL-01,75000.0,100000.0,25768.599553987315,1,adjusted_gross_income/count
5001800US0101,AL-01,100000.0,200000.0,40208.308887309,1,adjusted_gross_income/count
5001800US0101,AL-01,200000.0,500000.0,10366.333438527961,1,adjusted_gross_income/count
5001800US0101,AL-01,500000.0,inf,2348.2905740831957,1,adjusted_gross_income/count
5001800US0102,AL-02,-inf,1.0,-204354539.46013704,0,adjusted_gross_income/amount
5001800US0102,AL-02,1.0,10000.0,200017112.08932275,0,adjusted_gross_income/amount
5001800US0102,AL-02,10000.0,25000.0,1366583711.0816374,0,adjusted_gross_income/amount
5001800US0102,AL-02,25000.0,50000.0,3252576103.4149575,0,adjusted_gross_income/amount
5001800US0102,AL-02,50000.0,75000.0,3035290370.7395554,0,adjusted_gross_income/amount
5001800US0102,AL-02,75000.0,100000.0,2668512422.5483174,0,adjusted_gross_income/amount
5001800US0102,AL-02,100000.0,200000.0,6456684497.40864,0,adjusted_gross_income/amount
5001800US0102,AL-02,200000.0,500000.0,3443713754.281169,0,adjusted_gross_income/amount
5001800US0102,AL-02,500000.0,inf,3820500050.6918454,0,adjusted_gross_income/amount
5001800US0102,AL-02,-inf,1.0,6085.790677531142,1,adjusted_gross_income/count
5001800US0102,AL-02,1.0,10000.0,37242.450263658306,1,adjusted_gross_income/count
5001800US0102,AL-02,10000.0,25000.0,79451.09394844918,1,adjusted_gross_income/count
5001800US0102,AL-02,25000.0,50000.0,89913.41037064645,1,adjusted_gross_income/count
5001800US0102,AL-02,50000.0,75000.0,49480.95036733983,1,adjusted_gross_income/count
5001800US0102,AL-02,75000.0,100000.0,30812.985280851164,1,adjusted_gross_income/count
5001800US0102,AL-02,100000.0,200000.0,47650.87520757986,1,adjusted_gross_income/count
5001800US0102,AL-02,200000.0,500000.0,12211.84570325495,1,adjusted_gross_income/count
5001800US0102,AL-02,500000.0,inf,2726.149745910829,1,adjusted_gross_income/count
5001800US0103,AL-03,-inf,1.0,-136730648.44134086,0,adjusted_gross_income/amount
5001800US0103,AL-03,1.0,10000.0,169098284.92336288,0,adjusted_gross_income/amount
5001800US0103,AL-03,10000.0,25000.0,1057025868.3668184,0,adjusted_gross_income/amount
5001800US0103,AL-03,25000.0,50000.0,2908812755.6663103,0,adjusted_gross_income/amount
5001800US0103,AL-03,50000.0,75000.0,2723339468.673424,0,adjusted_gross_income/amount
5001800US0103,AL-03,75000.0,100000.0,2361251065.0846534,0,adjusted_gross_income/amount
5001800US0103,AL-03,100000.0,200000.0,5531823770.298435,0,adjusted_gross_income/amount
5001800US0103,AL-03,200000.0,500000.0,2765677402.893915,0,adjusted_gross_income/amount
5001800US0103,AL-03,500000.0,inf,2627138283.997387,0,adjusted_gross_income/amount
5001800US0103,AL-03,-inf,1.0,4577.714035893032,1,adjusted_gross_income/count
5001800US0103,AL-03,1.0,10000.0,31566.619915034487,1,adjusted_gross_income/count
5001800US0103,AL-03,10000.0,25000.0,61367.66000616932,1,adjusted_gross_income/count
5001800US0103,AL-03,25000.0,50000.0,79711.05584829487,1,adjusted_gross_income/count
5001800US0103,AL-03,50000.0,75000.0,44395.542924319525,1,adjusted_gross_income/count
5001800US0103,AL-03,75000.0,100000.0,27254.877553612347,1,adjusted_gross_income/count
5001800US0103,AL-03,100000.0,200000.0,41075.34843216762,1,adjusted_gross_income/count
5001800US0103,AL-03,200000.0,500000.0,9865.860937102532,1,adjusted_gross_income/count
5001800US0103,AL-03,500000.0,inf,2048.0880413256027,1,adjusted_gross_income/count
5001800US0104,AL-04,-inf,1.0,-149746097.49765655,0,adjusted_gross_income/amount
5001800US0104,AL-04,1.0,10000.0,159745001.4563095,0,adjusted_gross_income/amount
5001800US0104,AL-04,10000.0,25000.0,947807738.0039439,0,adjusted_gross_income/amount
5001800US0104,AL-04,25000.0,50000.0,2627802618.0947046,0,adjusted_gross_income/amount
5001800US0104,AL-04,50000.0,75000.0,2535534979.1473794,0,adjusted_gross_income/amount
5001800US0104,AL-04,75000.0,100000.0,2312666130.8701043,0,adjusted_gross_income/amount
5001800US0104,AL-04,100000.0,200000.0,5438767061.525836,0,adjusted_gross_income/amount
5001800US0104,AL-04,200000.0,500000.0,2807130996.830176,0,adjusted_gross_income/amount
5001800US0104,AL-04,500000.0,inf,3210128725.8035913,0,adjusted_gross_income/amount
5001800US0104,AL-04,-inf,1.0,4489.520344636889,1,adjusted_gross_income/count
5001800US0104,AL-04,1.0,10000.0,30259.08637931753,1,adjusted_gross_income/count
5001800US0104,AL-04,10000.0,25000.0,55139.74816702118,1,adjusted_gross_income/count
5001800US0104,AL-04,25000.0,50000.0,72053.07568500577,1,adjusted_gross_income/count
5001800US0104,AL-04,50000.0,75000.0,41212.35516849618,1,adjusted_gross_income/count
5001800US0104,AL-04,75000.0,100000.0,26708.933946602036,1,adjusted_gross_income/count
5001800US0104,AL-04,100000.0,200000.0,40259.61754012005,1,adjusted_gross_income/count
5001800US0104,AL-04,200000.0,500000.0,10057.223966152133,1,adjusted_gross_income/count
5001800US0104,AL-04,500000.0,inf,2124.076094093832,1,adjusted_gross_income/count
5001800US0105,AL-05,-inf,1.0,-128257953.83014545,0,adjusted_gross_income/amount
5001800US0105,AL-05,1.0,10000.0,164141887.16586974,0,adjusted_gross_income/amount
5001800US0105,AL-05,10000.0,25000.0,935227664.8470709,0,adjusted_gross_income/amount
5001800US0105,AL-05,25000.0,50000.0,2722464946.259461,0,adjusted_gross_income/amount
5001800US0105,AL-05,50000.0,75000.0,2813873922.6132317,0,adjusted_gross_income/amount
5001800US0105,AL-05,75000.0,100000.0,2798717204.714225,0,adjusted_gross_income/amount
5001800US0105,AL-05,100000.0,200000.0,8400874866.131849,0,adjusted_gross_income/amount
5001800US0105,AL-05,200000.0,500000.0,5343894262.828553,0,adjusted_gross_income/amount
5001800US0105,AL-05,500000.0,inf,3754581198.620436,0,adjusted_gross_income/amount
5001800US0105,AL-05,-inf,1.0,4231.478239980752,1,adjusted_gross_income/count
5001800US0105,AL-05,1.0,10000.0,31505.007726067997,1,adjusted_gross_income/count
5001800US0105,AL-05,10000.0,25000.0,54339.7473354537,1,adjusted_gross_income/count
5001800US0105,AL-05,25000.0,50000.0,74352.08360803495,1,adjusted_gross_income/count
5001800US0105,AL-05,50000.0,75000.0,45638.58634143378,1,adjusted_gross_income/count
5001800US0105,AL-05,75000.0,100000.0,32223.1398127568,1,adjusted_gross_income/count
5001800US0105,AL-05,100000.0,200000.0,60654.5696832003,1,adjusted_gross_income/count
5001800US0105,AL-05,200000.0,500000.0,19531.92594336009,1,adjusted_gross_income/count
5001800US0105,AL-05,500000.0,inf,2817.0885982527434,1,adjusted_gross_income/count
5001800US0106,AL-06,-inf,1.0,-199727102.09137923,0,adjusted_gross_income/amount
5001800US0106,AL-06,1.0,10000.0,146088890.04150224,0,adjusted_gross_income/amount
5001800US0106,AL-06,10000.0,25000.0,821419560.8027135,0,adjusted_gross_income/amount
5001800US0106,AL-06,25000.0,50000.0,2365177681.199353,0,adjusted_gross_income/amount
5001800US0106,AL-06,50000.0,75000.0,2621733690.0853524,0,adjusted_gross_income/amount
5001800US0106,AL-06,75000.0,100000.0,2445371888.116221,0,adjusted_gross_income/amount
5001800US0106,AL-06,100000.0,200000.0,7161026983.17571,0,adjusted_gross_income/amount
5001800US0106,AL-06,200000.0,500000.0,5763504247.978167,0,adjusted_gross_income/amount
5001800US0106,AL-06,500000.0,inf,7938918922.1178465,0,adjusted_gross_income/amount
5001800US0106,AL-06,-inf,1.0,4851.067883497336,1,adjusted_gross_income/count
5001800US0106,AL-06,1.0,10000.0,28588.912787467154,1,adjusted_gross_income/count
5001800US0106,AL-06,10000.0,25000.0,47836.2890114477,1,adjusted_gross_income/count
5001800US0106,AL-06,25000.0,50000.0,64373.36662607103,1,adjusted_gross_income/count
5001800US0106,AL-06,50000.0,75000.0,42568.64965406034,1,adjusted_gross_income/count
5001800US0106,AL-06,75000.0,100000.0,28165.386009609425,1,adjusted_gross_income/count
5001800US0106,AL-06,100000.0,200000.0,51789.72203160891,1,adjusted_gross_income/count
5001800US0106,AL-06,200000.0,500000.0,19991.399335109025,1,adjusted_gross_income/count
5001800US0106,AL-06,500000.0,inf,5382.520948410707,1,adjusted_gross_income/count
5001800US0107,AL-07,-inf,1.0,-145394536.0983842,0,adjusted_gross_income/amount
5001800US0107,AL-07,1.0,10000.0,174415749.39398733,0,adjusted_gross_income/amount
5001800US0107,AL-07,10000.0,25000.0,1353618459.6725845,0,adjusted_gross_income/amount
5001800US0107,AL-07,25000.0,50000.0,2981624237.35981,0,adjusted_gross_income/amount
5001800US0107,AL-07,50000.0,75000.0,2568471667.503632,0,adjusted_gross_income/amount
5001800US0107,AL-07,75000.0,100000.0,1991230748.8306644,0,adjusted_gross_income/amount
5001800US0107,AL-07,100000.0,200000.0,4620883159.423685,0,adjusted_gross_income/amount
5001800US0107,AL-07,200000.0,500000.0,2849844976.6316204,0,adjusted_gross_income/amount
5001800US0107,AL-07,500000.0,inf,3852648460.1061416,0,adjusted_gross_income/amount
5001800US0107,AL-07,-inf,1.0,5073.65692358413,1,adjusted_gross_income/count
5001800US0107,AL-07,1.0,10000.0,31932.455166315132,1,adjusted_gross_income/count
5001800US0107,AL-07,10000.0,25000.0,79048.77048380201,1,adjusted_gross_income/count
5001800US0107,AL-07,25000.0,50000.0,82534.88659010695,1,adjusted_gross_income/count
5001800US0107,AL-07,50000.0,75000.0,42004.82253953869,1,adjusted_gross_income/count
5001800US0107,AL-07,75000.0,100000.0,23028.69861622592,1,adjusted_gross_income/count
5001800US0107,AL-07,100000.0,200000.0,33964.164416676555,1,adjusted_gross_income/count
5001800US0107,AL-07,200000.0,500000.0,10022.552059445608,1,adjusted_gross_income/count
5001800US0107,AL-07,500000.0,inf,2452.6372603868713,1,adjusted_gross_income/count
5001800US0200,AK-01,-inf,1.0,-206333233.3561987,0,adjusted_gross_income/amount
5001800US0200,AK-01,1.0,10000.0,189016120.30949983,0,adjusted_gross_income/amount
5001800US0200,AK-01,10000.0,25000.0,797786444.0326976,0,adjusted_gross_income/amount
5001800US0200,AK-01,25000.0,50000.0,2797272875.961209,0,adjusted_gross_income/amount
5001800US0200,AK-01,50000.0,75000.0,3338113882.8356466,0,adjusted_gross_income/amount
5001800US0200,AK-01,75000.0,100000.0,3297638707.236851,0,adjusted_gross_income/amount
5001800US0200,AK-01,100000.0,200000.0,9598107228.994068,0,adjusted_gross_income/amount
5001800US0200,AK-01,200000.0,500000.0,6259308708.839901,0,adjusted_gross_income/amount
5001800US0200,AK-01,500000.0,inf,4399601223.870081,0,adjusted_gross_income/amount
5001800US0200,AK-01,-inf,1.0,3830.010045683944,1,adjusted_gross_income/count
5001800US0200,AK-01,1.0,10000.0,37417.80341218946,1,adjusted_gross_income/count
5001800US0200,AK-01,10000.0,25000.0,45961.02129828486,1,adjusted_gross_income/count
5001800US0200,AK-01,25000.0,50000.0,75366.09127253825,1,adjusted_gross_income/count
5001800US0200,AK-01,50000.0,75000.0,54064.4896741824,1,adjusted_gross_income/count
5001800US0200,AK-01,75000.0,100000.0,38025.587800981644,1,adjusted_gross_income/count
5001800US0200,AK-01,100000.0,200000.0,69236.01816063405,1,adjusted_gross_income/count
5001800US0200,AK-01,200000.0,500000.0,22461.312271929593,1,adjusted_gross_income/count
5001800US0200,AK-01,500000.0,inf,3828.2561565856713,1,adjusted_gross_income/count
5001800US0401,AZ-01,-inf,1.0,-1031009275.1291205,0,adjusted_gross_income/amount
5001800US0401,AZ-01,1.0,10000.0,169036389.0570625,0,adjusted_gross_income/amount
5001800US0401,AZ-01,10000.0,25000.0,979415768.0031294,0,adjusted_gross_income/amount
5001800US0401,AZ-01,25000.0,50000.0,3330326373.2400475,0,adjusted_gross_income/amount
5001800US0401,AZ-01,50000.0,75000.0,3733396274.6376877,0,adjusted_gross_income/amount
5001800US0401,AZ-01,75000.0,100000.0,3314145704.347583,0,adjusted_gross_income/amount
5001800US0401,AZ-01,100000.0,200000.0,9493120076.822838,0,adjusted_gross_income/amount
5001800US0401,AZ-01,200000.0,500000.0,11241045276.126362,0,adjusted_gross_income/amount
5001800US0401,AZ-01,500000.0,inf,22619396896.8741,0,adjusted_gross_income/amount
5001800US0401,AZ-01,-inf,1.0,8369.184556712153,1,adjusted_gross_income/count
5001800US0401,AZ-01,1.0,10000.0,33241.79466139362,1,adjusted_gross_income/count
5001800US0401,AZ-01,10000.0,25000.0,56746.05896436564,1,adjusted_gross_income/count
5001800US0401,AZ-01,25000.0,50000.0,89440.52385321815,1,adjusted_gross_income/count
5001800US0401,AZ-01,50000.0,75000.0,60735.398533017324,1,adjusted_gross_income/count
5001800US0401,AZ-01,75000.0,100000.0,38276.63223594625,1,adjusted_gross_income/count
5001800US0401,AZ-01,100000.0,200000.0,68128.62189301671,1,adjusted_gross_income/count
5001800US0401,AZ-01,200000.0,500000.0,37635.60676609084,1,adjusted_gross_income/count
5001800US0401,AZ-01,500000.0,inf,13538.62468146574,1,adjusted_gross_income/count
5001800US0402,AZ-02,-inf,1.0,-408957605.2501567,0,adjusted_gross_income/amount
5001800US0402,AZ-02,1.0,10000.0,179373072.22892886,0,adjusted_gross_income/amount
5001800US0402,AZ-02,10000.0,25000.0,1073489239.8250117,0,adjusted_gross_income/amount
5001800US0402,AZ-02,25000.0,50000.0,3310080945.133124,0,adjusted_gross_income/amount
5001800US0402,AZ-02,50000.0,75000.0,3388711049.2761946,0,adjusted_gross_income/amount
5001800US0402,AZ-02,75000.0,100000.0,3142041552.112086,0,adjusted_gross_income/amount
5001800US0402,AZ-02,100000.0,200000.0,7695783603.174947,0,adjusted_gross_income/amount
5001800US0402,AZ-02,200000.0,500000.0,4249129342.0600452,0,adjusted_gross_income/amount
5001800US0402,AZ-02,500000.0,inf,3243403162.660675,0,adjusted_gross_income/amount
5001800US0402,AZ-02,-inf,1.0,7649.245580091019,1,adjusted_gross_income/count
5001800US0402,AZ-02,1.0,10000.0,35067.458340915866,1,adjusted_gross_income/count
5001800US0402,AZ-02,10000.0,25000.0,61827.27715015051,1,adjusted_gross_income/count
5001800US0402,AZ-02,25000.0,50000.0,90246.05984962986,1,adjusted_gross_income/count
5001800US0402,AZ-02,50000.0,75000.0,55088.81668126646,1,adjusted_gross_income/count
5001800US0402,AZ-02,75000.0,100000.0,36246.75697181362,1,adjusted_gross_income/count
5001800US0402,AZ-02,100000.0,200000.0,56771.70206816289,1,adjusted_gross_income/count
5001800US0402,AZ-02,200000.0,500000.0,15104.116507831568,1,adjusted_gross_income/count
5001800US0402,AZ-02,500000.0,inf,2633.727213088959,1,adjusted_gross_income/count
5001800US0403,AZ-03,-inf,1.0,-119746669.84183179,0,adjusted_gross_income/amount
5001800US0403,AZ-03,1.0,10000.0,169682197.86100972,0,adjusted_gross_income/amount
5001800US0403,AZ-03,10000.0,25000.0,1325224989.5027173,0,adjusted_gross_income/amount
5001800US0403,AZ-03,25000.0,50000.0,4165305428.881797,0,adjusted_gross_income/amount
5001800US0403,AZ-03,50000.0,75000.0,3355006135.6867404,0,adjusted_gross_income/amount
5001800US0403,AZ-03,75000.0,100000.0,2254245623.025659,0,adjusted_gross_income/amount
5001800US0403,AZ-03,100000.0,200000.0,3812877968.6881022,0,adjusted_gross_income/amount
5001800US0403,AZ-03,200000.0,500000.0,1816038079.8611393,0,adjusted_gross_income/amount
5001800US0403,AZ-03,500000.0,inf,1989933429.2093709,0,adjusted_gross_income/amount
5001800US0403,AZ-03,-inf,1.0,6751.400381573014,1,adjusted_gross_income/count
5001800US0403,AZ-03,1.0,10000.0,31421.619902475533,1,adjusted_gross_income/count
5001800US0403,AZ-03,10000.0,25000.0,76171.38024609302,1,adjusted_gross_income/count
5001800US0403,AZ-03,25000.0,50000.0,113412.08550610366,1,adjusted_gross_income/count
5001800US0403,AZ-03,50000.0,75000.0,55195.70910359207,1,adjusted_gross_income/count
5001800US0403,AZ-03,75000.0,100000.0,26189.56442151074,1,adjusted_gross_income/count
5001800US0403,AZ-03,100000.0,200000.0,28693.333950204236,1,adjusted_gross_income/count
5001800US0403,AZ-03,200000.0,500000.0,6491.674423214498,1,adjusted_gross_income/count
5001800US0403,AZ-03,500000.0,inf,1240.7704857478025,1,adjusted_gross_income/count
5001800US0404,AZ-04,-inf,1.0,-506606497.3595516,0,adjusted_gross_income/amount
5001800US0404,AZ-04,1.0,10000.0,180473116.01484472,0,adjusted_gross_income/amount
5001800US0404,AZ-04,10000.0,25000.0,1066544497.1915069,0,adjusted_gross_income/amount
5001800US0404,AZ-04,25000.0,50000.0,3757808145.32625,0,adjusted_gross_income/amount
5001800US0404,AZ-04,50000.0,75000.0,4120411926.93503,0,adjusted_gross_income/amount
5001800US0404,AZ-04,75000.0,100000.0,3607353103.260833,0,adjusted_gross_income/amount
5001800US0404,AZ-04,100000.0,200000.0,10183777462.179447,0,adjusted_gross_income/amount
5001800US0404,AZ-04,200000.0,500000.0,8955423437.976225,0,adjusted_gross_income/amount
5001800US0404,AZ-04,500000.0,inf,10895386496.860107,0,adjusted_gross_income/amount
5001800US0404,AZ-04,-inf,1.0,6623.930114972143,1,adjusted_gross_income/count
5001800US0404,AZ-04,1.0,10000.0,34953.3135956659,1,adjusted_gross_income/count
5001800US0404,AZ-04,10000.0,25000.0,61502.099737739605,1,adjusted_gross_income/count
5001800US0404,AZ-04,25000.0,50000.0,100768.06536998594,1,adjusted_gross_income/count
5001800US0404,AZ-04,50000.0,75000.0,67101.03347081093,1,adjusted_gross_income/count
5001800US0404,AZ-04,75000.0,100000.0,41642.40845022436,1,adjusted_gross_income/count
5001800US0404,AZ-04,100000.0,200000.0,73339.3387021251,1,adjusted_gross_income/count
5001800US0404,AZ-04,200000.0,500000.0,31101.41879624065,1,adjusted_gross_income/count
5001800US0404,AZ-04,500000.0,inf,6980.667672387041,1,adjusted_gross_income/count
5001800US0405,AZ-05,-inf,1.0,-324070211.27435267,0,adjusted_gross_income/amount
5001800US0405,AZ-05,1.0,10000.0,147208270.51835963,0,adjusted_gross_income/amount
5001800US0405,AZ-05,10000.0,25000.0,817008621.356668,0,adjusted_gross_income/amount
5001800US0405,AZ-05,25000.0,50000.0,2620868491.4846644,0,adjusted_gross_income/amount
5001800US0405,AZ-05,50000.0,75000.0,2994767970.1910753,0,adjusted_gross_income/amount
5001800US0405,AZ-05,75000.0,100000.0,2966256755.1733,0,adjusted_gross_income/amount
5001800US0405,AZ-05,100000.0,200000.0,9225484096.159437,0,adjusted_gross_income/amount
5001800US0405,AZ-05,200000.0,500000.0,7352831061.050724,0,adjusted_gross_income/amount
5001800US0405,AZ-05,500000.0,inf,6243826305.790809,0,adjusted_gross_income/amount
5001800US0405,AZ-05,-inf,1.0,5779.591808531245,1,adjusted_gross_income/count
5001800US0405,AZ-05,1.0,10000.0,28918.772423169023,1,adjusted_gross_income/count
5001800US0405,AZ-05,10000.0,25000.0,47242.1392568946,1,adjusted_gross_income/count
5001800US0405,AZ-05,25000.0,50000.0,70749.40819103141,1,adjusted_gross_income/count
5001800US0405,AZ-05,50000.0,75000.0,48559.12852862562,1,adjusted_gross_income/count
5001800US0405,AZ-05,75000.0,100000.0,34144.98261930136,1,adjusted_gross_income/count
5001800US0405,AZ-05,100000.0,200000.0,66289.73949901867,1,adjusted_gross_income/count
5001800US0405,AZ-05,200000.0,500000.0,25913.880903595422,1,adjusted_gross_income/count
5001800US0405,AZ-05,500000.0,inf,4524.653269842746,1,adjusted_gross_income/count
5001800US0406,AZ-06,-inf,1.0,-312828872.4601544,0,adjusted_gross_income/amount
5001800US0406,AZ-06,1.0,10000.0,180431737.48737592,0,adjusted_gross_income/amount
5001800US0406,AZ-06,10000.0,25000.0,1116403902.0363452,0,adjusted_gross_income/amount
5001800US0406,AZ-06,25000.0,50000.0,3478422211.1634197,0,adjusted_gross_income/amount
5001800US0406,AZ-06,50000.0,75000.0,3393023227.6186404,0,adjusted_gross_income/amount
5001800US0406,AZ-06,75000.0,100000.0,3115112823.3145947,0,adjusted_gross_income/amount
5001800US0406,AZ-06,100000.0,200000.0,7951471493.882341,0,adjusted_gross_income/amount
5001800US0406,AZ-06,200000.0,500000.0,4959931504.720033,0,adjusted_gross_income/amount
5001800US0406,AZ-06,500000.0,inf,3983290279.84854,0,adjusted_gross_income/amount
5001800US0406,AZ-06,-inf,1.0,7006.778871984031,1,adjusted_gross_income/count
5001800US0406,AZ-06,1.0,10000.0,35618.74214060563,1,adjusted_gross_income/count
5001800US0406,AZ-06,10000.0,25000.0,64195.195206842196,1,adjusted_gross_income/count
5001800US0406,AZ-06,25000.0,50000.0,95211.22359055356,1,adjusted_gross_income/count
5001800US0406,AZ-06,50000.0,75000.0,55204.102899021396,1,adjusted_gross_income/count
5001800US0406,AZ-06,75000.0,100000.0,35909.57313790839,1,adjusted_gross_income/count
5001800US0406,AZ-06,100000.0,200000.0,58319.89311481264,1,adjusted_gross_income/count
5001800US0406,AZ-06,200000.0,500000.0,17493.424696258946,1,adjusted_gross_income/count
5001800US0406,AZ-06,500000.0,inf,3323.223829147478,1,adjusted_gross_income/count
5001800US0407,AZ-07,-inf,1.0,-182388531.6275903,0,adjusted_gross_income/amount
5001800US0407,AZ-07,1.0,10000.0,188742459.8757773,0,adjusted_gross_income/amount
5001800US0407,AZ-07,10000.0,25000.0,1369453076.9568574,0,adjusted_gross_income/amount
5001800US0407,AZ-07,25000.0,50000.0,4151775966.1324177,0,adjusted_gross_income/amount
5001800US0407,AZ-07,50000.0,75000.0,3527365110.66567,0,adjusted_gross_income/amount
5001800US0407,AZ-07,75000.0,100000.0,2828690382.438531,0,adjusted_gross_income/amount
5001800US0407,AZ-07,100000.0,200000.0,5718854946.43441,0,adjusted_gross_income/amount
5001800US0407,AZ-07,200000.0,500000.0,2609516159.08877,0,adjusted_gross_income/amount
5001800US0407,AZ-07,500000.0,inf,2007893028.3150089,0,adjusted_gross_income/amount
5001800US0407,AZ-07,-inf,1.0,6662.564182657117,1,adjusted_gross_income/count
5001800US0407,AZ-07,1.0,10000.0,35361.89066134467,1,adjusted_gross_income/count
5001800US0407,AZ-07,10000.0,25000.0,78817.40148664269,1,adjusted_gross_income/count
5001800US0407,AZ-07,25000.0,50000.0,114054.76707717947,1,adjusted_gross_income/count
5001800US0407,AZ-07,50000.0,75000.0,57684.93678328218,1,adjusted_gross_income/count
5001800US0407,AZ-07,75000.0,100000.0,32695.08084147778,1,adjusted_gross_income/count
5001800US0407,AZ-07,100000.0,200000.0,42757.64586089197,1,adjusted_gross_income/count
5001800US0407,AZ-07,200000.0,500000.0,9352.405624753987,1,adjusted_gross_income/count
5001800US0407,AZ-07,500000.0,inf,1593.9129856717743,1,adjusted_gross_income/count
5001800US0408,AZ-08,-inf,1.0,-461243455.13987195,0,adjusted_gross_income/amount
5001800US0408,AZ-08,1.0,10000.0,181890609.0881423,0,adjusted_gross_income/amount
5001800US0408,AZ-08,10000.0,25000.0,1077130817.0002284,0,adjusted_gross_income/amount
5001800US0408,AZ-08,25000.0,50000.0,3558313361.9826713,0,adjusted_gross_income/amount
5001800US0408,AZ-08,50000.0,75000.0,4025440836.481648,0,adjusted_gross_income/amount
5001800US0408,AZ-08,75000.0,100000.0,3833803131.941255,0,adjusted_gross_income/amount
5001800US0408,AZ-08,100000.0,200000.0,10816269722.50632,0,adjusted_gross_income/amount
5001800US0408,AZ-08,200000.0,500000.0,8140907056.802988,0,adjusted_gross_income/amount
5001800US0408,AZ-08,500000.0,inf,9835936240.064438,0,adjusted_gross_income/amount
5001800US0408,AZ-08,-inf,1.0,7283.965982242414,1,adjusted_gross_income/count
5001800US0408,AZ-08,1.0,10000.0,35486.26493171793,1,adjusted_gross_income/count
5001800US0408,AZ-08,10000.0,25000.0,62230.98789230339,1,adjusted_gross_income/count
5001800US0408,AZ-08,25000.0,50000.0,95878.44629706608,1,adjusted_gross_income/count
5001800US0408,AZ-08,50000.0,75000.0,65371.15174302698,1,adjusted_gross_income/count
5001800US0408,AZ-08,75000.0,100000.0,44192.07486094136,1,adjusted_gross_income/count
5001800US0408,AZ-08,100000.0,200000.0,78434.52616956923,1,adjusted_gross_income/count
5001800US0408,AZ-08,200000.0,500000.0,28439.48499484877,1,adjusted_gross_income/count
5001800US0408,AZ-08,500000.0,inf,6503.356178173424,1,adjusted_gross_income/count
5001800US0409,AZ-09,-inf,1.0,-262616861.03763062,0,adjusted_gross_income/amount
5001800US0409,AZ-09,1.0,10000.0,166807730.65580517,0,adjusted_gross_income/amount
5001800US0409,AZ-09,10000.0,25000.0,1039857610.1263165,0,adjusted_gross_income/amount
5001800US0409,AZ-09,25000.0,50000.0,3245419313.4555435,0,adjusted_gross_income/amount
5001800US0409,AZ-09,50000.0,75000.0,3312589493.264171,0,adjusted_gross_income/amount
5001800US0409,AZ-09,75000.0,100000.0,3067378846.161528,0,adjusted_gross_income/amount
5001800US0409,AZ-09,100000.0,200000.0,7552653089.507489,0,adjusted_gross_income/amount
5001800US0409,AZ-09,200000.0,500000.0,4137368047.2332826,0,adjusted_gross_income/amount
5001800US0409,AZ-09,500000.0,inf,2933327207.389169,0,adjusted_gross_income/amount
5001800US0409,AZ-09,-inf,1.0,7195.465933994878,1,adjusted_gross_income/count
5001800US0409,AZ-09,1.0,10000.0,32882.88302351169,1,adjusted_gross_income/count
5001800US0409,AZ-09,10000.0,25000.0,59878.12792408811,1,adjusted_gross_income/count
5001800US0409,AZ-09,25000.0,50000.0,88302.05457617325,1,adjusted_gross_income/count
5001800US0409,AZ-09,50000.0,75000.0,53857.94684857354,1,adjusted_gross_income/count
5001800US0409,AZ-09,75000.0,100000.0,35375.99569190815,1,adjusted_gross_income/count
5001800US0409,AZ-09,100000.0,200000.0,55605.18305600606,1,adjusted_gross_income/count
5001800US0409,AZ-09,200000.0,500000.0,14814.43386189363,1,adjusted_gross_income/count
5001800US0409,AZ-09,500000.0,inf,2347.634971364341,1,adjusted_gross_income/count
5001800US0501,AR-01,-inf,1.0,-358814806.90883976,0,adjusted_gross_income/amount
5001800US0501,AR-01,1.0,10000.0,194183299.36219043,0,adjusted_gross_income/amount
5001800US0501,AR-01,10000.0,25000.0,1223793384.1318483,0,adjusted_gross_income/amount
5001800US0501,AR-01,25000.0,50000.0,3163452663.81373,0,adjusted_gross_income/amount
5001800US0501,AR-01,50000.0,75000.0,2836857558.300918,0,adjusted_gross_income/amount
5001800US0501,AR-01,75000.0,100000.0,2463292902.9810038,0,adjusted_gross_income/amount
5001800US0501,AR-01,100000.0,200000.0,5304694552.660526,0,adjusted_gross_income/amount
5001800US0501,AR-01,200000.0,500000.0,2822592932.7538204,0,adjusted_gross_income/amount
5001800US0501,AR-01,500000.0,inf,3202763469.767884,0,adjusted_gross_income/amount
5001800US0501,AR-01,-inf,1.0,6787.676693528501,1,adjusted_gross_income/count
5001800US0501,AR-01,1.0,10000.0,35411.33942012229,1,adjusted_gross_income/count
5001800US0501,AR-01,10000.0,25000.0,71051.93906204465,1,adjusted_gross_income/count
5001800US0501,AR-01,25000.0,50000.0,87264.22197025015,1,adjusted_gross_income/count
5001800US0501,AR-01,50000.0,75000.0,46247.37143337087,1,adjusted_gross_income/count
5001800US0501,AR-01,75000.0,100000.0,28469.6570009152,1,adjusted_gross_income/count
5001800US0501,AR-01,100000.0,200000.0,39502.612733360074,1,adjusted_gross_income/count
5001800US0501,AR-01,200000.0,500000.0,9940.126720537564,1,adjusted_gross_income/count
5001800US0501,AR-01,500000.0,inf,2159.7950149617473,1,adjusted_gross_income/count
5001800US0502,AR-02,-inf,1.0,-201977519.70503297,0,adjusted_gross_income/amount
5001800US0502,AR-02,1.0,10000.0,176968144.6939966,0,adjusted_gross_income/amount
5001800US0502,AR-02,10000.0,25000.0,1099867562.1400871,0,adjusted_gross_income/amount
5001800US0502,AR-02,25000.0,50000.0,3065037403.473913,0,adjusted_gross_income/amount
5001800US0502,AR-02,50000.0,75000.0,2879993957.422453,0,adjusted_gross_income/amount
5001800US0502,AR-02,75000.0,100000.0,2594909858.9597626,0,adjusted_gross_income/amount
5001800US0502,AR-02,100000.0,200000.0,6456076527.563566,0,adjusted_gross_income/amount
5001800US0502,AR-02,200000.0,500000.0,4052627131.077105,0,adjusted_gross_income/amount
5001800US0502,AR-02,500000.0,inf,4946885480.487381,0,adjusted_gross_income/amount
5001800US0502,AR-02,-inf,1.0,5397.671933194376,1,adjusted_gross_income/count
5001800US0502,AR-02,1.0,10000.0,32568.566300644343,1,adjusted_gross_income/count
5001800US0502,AR-02,10000.0,25000.0,63630.71882772881,1,adjusted_gross_income/count
5001800US0502,AR-02,25000.0,50000.0,84244.07332821465,1,adjusted_gross_income/count
5001800US0502,AR-02,50000.0,75000.0,46859.090108488606,1,adjusted_gross_income/count
5001800US0502,AR-02,75000.0,100000.0,29926.95419319795,1,adjusted_gross_income/count
5001800US0502,AR-02,100000.0,200000.0,47384.35519533974,1,adjusted_gross_income/count
5001800US0502,AR-02,200000.0,500000.0,14099.062318677932,1,adjusted_gross_income/count
5001800US0502,AR-02,500000.0,inf,3469.860861208349,1,adjusted_gross_income/count
5001800US0503,AR-03,-inf,1.0,-337468898.816933,0,adjusted_gross_income/amount
5001800US0503,AR-03,1.0,10000.0,180642462.0386267,0,adjusted_gross_income/amount
5001800US0503,AR-03,10000.0,25000.0,1045846732.2541769,0,adjusted_gross_income/amount
5001800US0503,AR-03,25000.0,50000.0,3128412179.6823773,0,adjusted_gross_income/amount
5001800US0503,AR-03,50000.0,75000.0,2889715984.6797457,0,adjusted_gross_income/amount
5001800US0503,AR-03,75000.0,100000.0,2615489096.4078374,0,adjusted_gross_income/amount
5001800US0503,AR-03,100000.0,200000.0,6428130979.143214,0,adjusted_gross_income/amount
5001800US0503,AR-03,200000.0,500000.0,5184688868.3623705,0,adjusted_gross_income/amount
5001800US0503,AR-03,500000.0,inf,9634104715.293722,0,adjusted_gross_income/amount
5001800US0503,AR-03,-inf,1.0,5398.4816209625105,1,adjusted_gross_income/count
5001800US0503,AR-03,1.0,10000.0,34110.25292027135,1,adjusted_gross_income/count
5001800US0503,AR-03,10000.0,25000.0,60302.33750974201,1,adjusted_gross_income/count
5001800US0503,AR-03,25000.0,50000.0,86019.13119593142,1,adjusted_gross_income/count
5001800US0503,AR-03,50000.0,75000.0,47069.17504567571,1,adjusted_gross_income/count
5001800US0503,AR-03,75000.0,100000.0,30175.15729991321,1,adjusted_gross_income/count
5001800US0503,AR-03,100000.0,200000.0,47078.29186791313,1,adjusted_gross_income/count
5001800US0503,AR-03,200000.0,500000.0,17905.53279577937,1,adjusted_gross_income/count
5001800US0503,AR-03,500000.0,inf,3964.0353058788596,1,adjusted_gross_income/count
5001800US0504,AR-04,-inf,1.0,-251917793.71796855,0,adjusted_gross_income/amount
5001800US0504,AR-04,1.0,10000.0,190881631.19081858,0,adjusted_gross_income/amount
5001800US0504,AR-04,10000.0,25000.0,1159840072.0662382,0,adjusted_gross_income/amount
5001800US0504,AR-04,25000.0,50000.0,3108210297.443264,0,adjusted_gross_income/amount
5001800US0504,AR-04,50000.0,75000.0,2809326994.984275,0,adjusted_gross_income/amount
5001800US0504,AR-04,75000.0,100000.0,2464606496.1427183,0,adjusted_gross_income/amount
5001800US0504,AR-04,100000.0,200000.0,5106991155.7664795,0,adjusted_gross_income/amount
5001800US0504,AR-04,200000.0,500000.0,2355342019.078401,0,adjusted_gross_income/amount
5001800US0504,AR-04,500000.0,inf,2812660856.6492476,0,adjusted_gross_income/amount
5001800US0504,AR-04,-inf,1.0,6729.3274456342315,1,adjusted_gross_income/count
5001800US0504,AR-04,1.0,10000.0,34950.01812614562,1,adjusted_gross_income/count
5001800US0504,AR-04,10000.0,25000.0,67118.40256163251,1,adjusted_gross_income/count
5001800US0504,AR-04,25000.0,50000.0,85838.23560922018,1,adjusted_gross_income/count
5001800US0504,AR-04,50000.0,75000.0,45731.91314261067,1,adjusted_gross_income/count
5001800US0504,AR-04,75000.0,100000.0,28476.37135799209,1,adjusted_gross_income/count
5001800US0504,AR-04,100000.0,200000.0,38246.41071892673,1,adjusted_gross_income/count
5001800US0504,AR-04,200000.0,500000.0,8346.900360256619,1,adjusted_gross_income/count
5001800US0504,AR-04,500000.0,inf,1790.0678904366678,1,adjusted_gross_income/count
5001800US0601,CA-01,-inf,1.0,-377026701.65904456,0,adjusted_gross_income/amount
5001800US0601,CA-01,1.0,10000.0,161641202.9828248,0,adjusted_gross_income/amount
5001800US0601,CA-01,10000.0,25000.0,917048834.4185714,0,adjusted_gross_income/amount
5001800US0601,CA-01,25000.0,50000.0,2819625655.0837493,0,adjusted_gross_income/amount
5001800US0601,CA-01,50000.0,75000.0,3072786811.906456,0,adjusted_gross_income/amount
5001800US0601,CA-01,75000.0,100000.0,2897114883.585183,0,adjusted_gross_income/amount
5001800US0601,CA-01,100000.0,200000.0,7723267271.023409,0,adjusted_gross_income/amount
5001800US0601,CA-01,200000.0,500000.0,4784426169.151794,0,adjusted_gross_income/amount
5001800US0601,CA-01,500000.0,inf,3059432489.7644787,0,adjusted_gross_income/amount
5001800US0601,CA-01,-inf,1.0,7954.8967556770485,1,adjusted_gross_income/count
5001800US0601,CA-01,1.0,10000.0,31728.473511806063,1,adjusted_gross_income/count
5001800US0601,CA-01,10000.0,25000.0,52879.383136823664,1,adjusted_gross_income/count
5001800US0601,CA-01,25000.0,50000.0,76562.85818769014,1,adjusted_gross_income/count
5001800US0601,CA-01,50000.0,75000.0,49894.224797036535,1,adjusted_gross_income/count
5001800US0601,CA-01,75000.0,100000.0,33395.23503455058,1,adjusted_gross_income/count
5001800US0601,CA-01,100000.0,200000.0,56152.13469231223,1,adjusted_gross_income/count
5001800US0601,CA-01,200000.0,500000.0,17225.959139789895,1,adjusted_gross_income/count
5001800US0601,CA-01,500000.0,inf,2670.503450982449,1,adjusted_gross_income/count
5001800US0602,CA-02,-inf,1.0,-973914648.7541875,0,adjusted_gross_income/amount
5001800US0602,CA-02,1.0,10000.0,164687964.05554363,0,adjusted_gross_income/amount
5001800US0602,CA-02,10000.0,25000.0,832355219.7875088,0,adjusted_gross_income/amount
5001800US0602,CA-02,25000.0,50000.0,2505573038.171535,0,adjusted_gross_income/amount
5001800US0602,CA-02,50000.0,75000.0,3014132736.130684,0,adjusted_gross_income/amount
5001800US0602,CA-02,75000.0,100000.0,2908884678.99893,0,adjusted_gross_income/amount
5001800US0602,CA-02,100000.0,200000.0,9152868344.311932,0,adjusted_gross_income/amount
5001800US0602,CA-02,200000.0,500000.0,11729918229.312403,0,adjusted_gross_income/amount
5001800US0602,CA-02,500000.0,inf,23362472082.147003,0,adjusted_gross_income/amount
5001800US0602,CA-02,-inf,1.0,9681.955307599494,1,adjusted_gross_income/count
5001800US0602,CA-02,1.0,10000.0,33596.5939942183,1,adjusted_gross_income/count
5001800US0602,CA-02,10000.0,25000.0,48310.47230725198,1,adjusted_gross_income/count
5001800US0602,CA-02,25000.0,50000.0,67693.12438297496,1,adjusted_gross_income/count
5001800US0602,CA-02,50000.0,75000.0,48819.479691802924,1,adjusted_gross_income/count
5001800US0602,CA-02,75000.0,100000.0,33555.77784364963,1,adjusted_gross_income/count
5001800US0602,CA-02,100000.0,200000.0,65105.27473596093,1,adjusted_gross_income/count
5001800US0602,CA-02,200000.0,500000.0,39023.70079892723,1,adjusted_gross_income/count
5001800US0602,CA-02,500000.0,inf,15050.75676536474,1,adjusted_gross_income/count
5001800US0603,CA-03,-inf,1.0,-625230263.6092404,0,adjusted_gross_income/amount
5001800US0603,CA-03,1.0,10000.0,174667839.73439476,0,adjusted_gross_income/amount
5001800US0603,CA-03,10000.0,25000.0,922396574.9892707,0,adjusted_gross_income/amount
5001800US0603,CA-03,25000.0,50000.0,2754441247.2127833,0,adjusted_gross_income/amount
5001800US0603,CA-03,50000.0,75000.0,3284886373.5293384,0,adjusted_gross_income/amount
5001800US0603,CA-03,75000.0,100000.0,3397204885.64393,0,adjusted_gross_income/amount
5001800US0603,CA-03,100000.0,200000.0,11116964388.803585,0,adjusted_gross_income/amount
5001800US0603,CA-03,200000.0,500000.0,9555195795.026537,0,adjusted_gross_income/amount
5001800US0603,CA-03,500000.0,inf,7271792403.282846,0,adjusted_gross_income/amount
5001800US0603,CA-03,-inf,1.0,8472.95266766109,1,adjusted_gross_income/count
5001800US0603,CA-03,1.0,10000.0,34723.264743481755,1,adjusted_gross_income/count
5001800US0603,CA-03,10000.0,25000.0,53569.08804647611,1,adjusted_gross_income/count
5001800US0603,CA-03,25000.0,50000.0,74599.70194328515,1,adjusted_gross_income/count
5001800US0603,CA-03,50000.0,75000.0,53109.08386869466,1,adjusted_gross_income/count
5001800US0603,CA-03,75000.0,100000.0,39075.66777326493,1,adjusted_gross_income/count
5001800US0603,CA-03,100000.0,200000.0,79323.48695987882,1,adjusted_gross_income/count
5001800US0603,CA-03,200000.0,500000.0,33661.58562295419,1,adjusted_gross_income/count
5001800US0603,CA-03,500000.0,inf,5947.5140176925015,1,adjusted_gross_income/count
5001800US0604,CA-04,-inf,1.0,-391482400.2139964,0,adjusted_gross_income/amount
5001800US0604,CA-04,1.0,10000.0,143331773.2553647,0,adjusted_gross_income/amount
5001800US0604,CA-04,10000.0,25000.0,840835952.6997647,0,adjusted_gross_income/amount
5001800US0604,CA-04,25000.0,50000.0,2795520356.292918,0,adjusted_gross_income/amount
5001800US0604,CA-04,50000.0,75000.0,3458037073.788769,0,adjusted_gross_income/amount
5001800US0604,CA-04,75000.0,100000.0,3229102832.4327793,0,adjusted_gross_income/amount
5001800US0604,CA-04,100000.0,200000.0,9206990785.99344,0,adjusted_gross_income/amount
5001800US0604,CA-04,200000.0,500000.0,6911931899.084671,0,adjusted_gross_income/amount
5001800US0604,CA-04,500000.0,inf,5431603891.321925,0,adjusted_gross_income/amount
5001800US0604,CA-04,-inf,1.0,6169.232125251077,1,adjusted_gross_income/count
5001800US0604,CA-04,1.0,10000.0,28154.319241704958,1,adjusted_gross_income/count
5001800US0604,CA-04,10000.0,25000.0,48423.428607050126,1,adjusted_gross_income/count
5001800US0604,CA-04,25000.0,50000.0,75065.57232634362,1,adjusted_gross_income/count
5001800US0604,CA-04,50000.0,75000.0,56064.47356396229,1,adjusted_gross_income/count
5001800US0604,CA-04,75000.0,100000.0,37234.930867447765,1,adjusted_gross_income/count
5001800US0604,CA-04,100000.0,200000.0,66288.35618055746,1,adjusted_gross_income/count
5001800US0604,CA-04,200000.0,500000.0,24620.544651405475,1,adjusted_gross_income/count
5001800US0604,CA-04,500000.0,inf,4023.3067794206922,1,adjusted_gross_income/count
5001800US0605,CA-05,-inf,1.0,-531294581.6624461,0,adjusted_gross_income/amount
5001800US0605,CA-05,1.0,10000.0,168364460.01983392,0,adjusted_gross_income/amount
5001800US0605,CA-05,10000.0,25000.0,977038005.3431214,0,adjusted_gross_income/amount
5001800US0605,CA-05,25000.0,50000.0,2939714165.127877,0,adjusted_gross_income/amount
5001800US0605,CA-05,50000.0,75000.0,3290903994.352979,0,adjusted_gross_income/amount
5001800US0605,CA-05,75000.0,100000.0,3182170847.135358,0,adjusted_gross_income/amount
5001800US0605,CA-05,100000.0,200000.0,9548099025.299192,0,adjusted_gross_income/amount
5001800US0605,CA-05,200000.0,500000.0,7387581962.707478,0,adjusted_gross_income/amount
5001800US0605,CA-05,500000.0,inf,5718186921.143897,0,adjusted_gross_income/amount
5001800US0605,CA-05,-inf,1.0,6886.3374636167055,1,adjusted_gross_income/count
5001800US0605,CA-05,1.0,10000.0,32492.650885875657,1,adjusted_gross_income/count
5001800US0605,CA-05,10000.0,25000.0,56481.28068370165,1,adjusted_gross_income/count
5001800US0605,CA-05,25000.0,50000.0,79692.88340491104,1,adjusted_gross_income/count
5001800US0605,CA-05,50000.0,75000.0,53378.95170104731,1,adjusted_gross_income/count
5001800US0605,CA-05,75000.0,100000.0,36656.5836850597,1,adjusted_gross_income/count
5001800US0605,CA-05,100000.0,200000.0,68669.79180421628,1,adjusted_gross_income/count
5001800US0605,CA-05,200000.0,500000.0,26156.623279554646,1,adjusted_gross_income/count
5001800US0605,CA-05,500000.0,inf,4544.399834964169,1,adjusted_gross_income/count
5001800US0606,CA-06,-inf,1.0,-297543521.7948552,0,adjusted_gross_income/amount
5001800US0606,CA-06,1.0,10000.0,162626952.99004355,0,adjusted_gross_income/amount
5001800US0606,CA-06,10000.0,25000.0,960554651.8947748,0,adjusted_gross_income/amount
5001800US0606,CA-06,25000.0,50000.0,3052473853.2485323,0,adjusted_gross_income/amount
5001800US0606,CA-06,50000.0,75000.0,3617895944.678076,0,adjusted_gross_income/amount
5001800US0606,CA-06,75000.0,100000.0,3395567347.1671014,0,adjusted_gross_income/amount
5001800US0606,CA-06,100000.0,200000.0,9315964050.848495,0,adjusted_gross_income/amount
5001800US0606,CA-06,200000.0,500000.0,6694866569.003713,0,adjusted_gross_income/amount
5001800US0606,CA-06,500000.0,inf,4452836710.991832,0,adjusted_gross_income/amount
5001800US0606,CA-06,-inf,1.0,5804.391564462583,1,adjusted_gross_income/count
5001800US0606,CA-06,1.0,10000.0,31775.289219252587,1,adjusted_gross_income/count
5001800US0606,CA-06,10000.0,25000.0,55495.681839803874,1,adjusted_gross_income/count
5001800US0606,CA-06,25000.0,50000.0,82294.15800139989,1,adjusted_gross_income/count
5001800US0606,CA-06,50000.0,75000.0,58562.96410310533,1,adjusted_gross_income/count
5001800US0606,CA-06,75000.0,100000.0,39178.08783224816,1,adjusted_gross_income/count
5001800US0606,CA-06,100000.0,200000.0,67225.58117001913,1,adjusted_gross_income/count
5001800US0606,CA-06,200000.0,500000.0,23960.29830173377,1,adjusted_gross_income/count
5001800US0606,CA-06,500000.0,inf,3295.2446452039962,1,adjusted_gross_income/count
5001800US0607,CA-07,-inf,1.0,-225561233.96006113,0,adjusted_gross_income/amount
5001800US0607,CA-07,1.0,10000.0,149276011.29693472,0,adjusted_gross_income/amount
5001800US0607,CA-07,10000.0,25000.0,898577901.2493021,0,adjusted_gross_income/amount
5001800US0607,CA-07,25000.0,50000.0,2883785333.2431154,0,adjusted_gross_income/amount
5001800US0607,CA-07,50000.0,75000.0,3362835286.6134596,0,adjusted_gross_income/amount
5001800US0607,CA-07,75000.0,100000.0,3036496597.10277,0,adjusted_gross_income/amount
5001800US0607,CA-07,100000.0,200000.0,7815217515.589598,0,adjusted_gross_income/amount
5001800US0607,CA-07,200000.0,500000.0,5322244149.182836,0,adjusted_gross_income/amount
5001800US0607,CA-07,500000.0,inf,3559397038.4665513,0,adjusted_gross_income/amount
5001800US0607,CA-07,-inf,1.0,5061.225525117953,1,adjusted_gross_income/count
5001800US0607,CA-07,1.0,10000.0,28846.814244316545,1,adjusted_gross_income/count
5001800US0607,CA-07,10000.0,25000.0,51917.94000045727,1,adjusted_gross_income/count
5001800US0607,CA-07,25000.0,50000.0,77728.49194022073,1,adjusted_gross_income/count
5001800US0607,CA-07,50000.0,75000.0,54486.083793504964,1,adjusted_gross_income/count
5001800US0607,CA-07,75000.0,100000.0,35071.8526824674,1,adjusted_gross_income/count
5001800US0607,CA-07,100000.0,200000.0,56672.575163791254,1,adjusted_gross_income/count
5001800US0607,CA-07,200000.0,500000.0,19076.992534853758,1,adjusted_gross_income/count
5001800US0607,CA-07,500000.0,inf,2596.410150107033,1,adjusted_gross_income/count
5001800US0608,CA-08,-inf,1.0,-502570059.42484045,0,adjusted_gross_income/amount
5001800US0608,CA-08,1.0,10000.0,167838454.02716383,0,adjusted_gross_income/amount
5001800US0608,CA-08,10000.0,25000.0,920184277.9797634,0,adjusted_gross_income/amount
5001800US0608,CA-08,25000.0,50000.0,2964687100.1244287,0,adjusted_gross_income/amount
5001800US0608,CA-08,50000.0,75000.0,3759703607.7109847,0,adjusted_gross_income/amount
5001800US0608,CA-08,75000.0,100000.0,3602390598.930563,0,adjusted_gross_income/amount
5001800US0608,CA-08,100000.0,200000.0,10828477076.07676,0,adjusted_gross_income/amount
5001800US0608,CA-08,200000.0,500000.0,11552229035.199942,0,adjusted_gross_income/amount
5001800US0608,CA-08,500000.0,inf,13908175396.527035,0,adjusted_gross_income/amount
5001800US0608,CA-08,-inf,1.0,7001.3708290218465,1,adjusted_gross_income/count
5001800US0608,CA-08,1.0,10000.0,33426.36607869626,1,adjusted_gross_income/count
5001800US0608,CA-08,10000.0,25000.0,53282.17999587888,1,adjusted_gross_income/count
5001800US0608,CA-08,25000.0,50000.0,79647.7732333901,1,adjusted_gross_income/count
5001800US0608,CA-08,50000.0,75000.0,60881.96643371749,1,adjusted_gross_income/count
5001800US0608,CA-08,75000.0,100000.0,41529.737658920465,1,adjusted_gross_income/count
5001800US0608,CA-08,100000.0,200000.0,77400.2280324912,1,adjusted_gross_income/count
5001800US0608,CA-08,200000.0,500000.0,39327.008819271236,1,adjusted_gross_income/count
5001800US0608,CA-08,500000.0,inf,10563.144304608026,1,adjusted_gross_income/count
5001800US0609,CA-09,-inf,1.0,-265118199.3023794,0,adjusted_gross_income/amount
5001800US0609,CA-09,1.0,10000.0,153032979.03698748,0,adjusted_gross_income/amount
5001800US0609,CA-09,10000.0,25000.0,938616144.8248692,0,adjusted_gross_income/amount
5001800US0609,CA-09,25000.0,50000.0,2901129473.291721,0,adjusted_gross_income/amount
5001800US0609,CA-09,50000.0,75000.0,3152707822.2202697,0,adjusted_gross_income/amount
5001800US0609,CA-09,75000.0,100000.0,2840410230.4715257,0,adjusted_gross_income/amount
5001800US0609,CA-09,100000.0,200000.0,7848282954.431012,0,adjusted_gross_income/amount
5001800US0609,CA-09,200000.0,500000.0,5373712391.179576,0,adjusted_gross_income/amount
5001800US0609,CA-09,500000.0,inf,2632422465.2261868,0,adjusted_gross_income/amount
5001800US0609,CA-09,-inf,1.0,5446.03221093198,1,adjusted_gross_income/count
5001800US0609,CA-09,1.0,10000.0,28893.315264423192,1,adjusted_gross_income/count
5001800US0609,CA-09,10000.0,25000.0,54216.982268939384,1,adjusted_gross_income/count
5001800US0609,CA-09,25000.0,50000.0,78517.28424806464,1,adjusted_gross_income/count
5001800US0609,CA-09,50000.0,75000.0,51200.298493941365,1,adjusted_gross_income/count
5001800US0609,CA-09,75000.0,100000.0,32769.02325018409,1,adjusted_gross_income/count
5001800US0609,CA-09,100000.0,200000.0,56691.7052997311,1,adjusted_gross_income/count
5001800US0609,CA-09,200000.0,500000.0,19437.932498219376,1,adjusted_gross_income/count
5001800US0609,CA-09,500000.0,inf,2311.89387522214,1,adjusted_gross_income/count
5001800US0610,CA-10,-inf,1.0,-363749359.5836106,0,adjusted_gross_income/amount
5001800US0610,CA-10,1.0,10000.0,124352101.57675488,0,adjusted_gross_income/amount
5001800US0610,CA-10,10000.0,25000.0,640208268.1922983,0,adjusted_gross_income/amount
5001800US0610,CA-10,25000.0,50000.0,1979478099.2771947,0,adjusted_gross_income/amount
5001800US0610,CA-10,50000.0,75000.0,2552601265.328327,0,adjusted_gross_income/amount
5001800US0610,CA-10,75000.0,100000.0,2512840177.149448,0,adjusted_gross_income/amount
5001800US0610,CA-10,100000.0,200000.0,8081344729.149921,0,adjusted_gross_income/amount
5001800US0610,CA-10,200000.0,500000.0,11451652849.43631,0,adjusted_gross_income/amount
5001800US0610,CA-10,500000.0,inf,14798431086.850933,0,adjusted_gross_income/amount
5001800US0610,CA-10,-inf,1.0,4901.320848112813,1,adjusted_gross_income/count
5001800US0610,CA-10,1.0,10000.0,24966.70590714858,1,adjusted_gross_income/count
5001800US0610,CA-10,10000.0,25000.0,37278.78024462198,1,adjusted_gross_income/count
5001800US0610,CA-10,25000.0,50000.0,53262.37311975939,1,adjusted_gross_income/count
5001800US0610,CA-10,50000.0,75000.0,41276.15429656636,1,adjusted_gross_income/count
5001800US0610,CA-10,75000.0,100000.0,28963.120120957046,1,adjusted_gross_income/count
5001800US0610,CA-10,100000.0,200000.0,57298.24159040263,1,adjusted_gross_income/count
5001800US0610,CA-10,200000.0,500000.0,37926.49395115687,1,adjusted_gross_income/count
5001800US0610,CA-10,500000.0,inf,11925.10307493986,1,adjusted_gross_income/count
5001800US0611,CA-11,-inf,1.0,-1003668254.9916725,0,adjusted_gross_income/amount
5001800US0611,CA-11,1.0,10000.0,132683234.29289229,0,adjusted_gross_income/amount
5001800US0611,CA-11,10000.0,25000.0,631794971.7011003,0,adjusted_gross_income/amount
5001800US0611,CA-11,25000.0,50000.0,1990962092.0701418,0,adjusted_gross_income/amount
5001800US0611,CA-11,50000.0,75000.0,3020798658.801777,0,adjusted_gross_income/amount
5001800US0611,CA-11,75000.0,100000.0,3235846346.9623146,0,adjusted_gross_income/amount
5001800US0611,CA-11,100000.0,200000.0,11570087077.674719,0,adjusted_gross_income/amount
5001800US0611,CA-11,200000.0,500000.0,18066236527.94608,0,adjusted_gross_income/amount
5001800US0611,CA-11,500000.0,inf,39947276233.57985,0,adjusted_gross_income/amount
5001800US0611,CA-11,-inf,1.0,7100.298977865088,1,adjusted_gross_income/count
5001800US0611,CA-11,1.0,10000.0,28780.951858095934,1,adjusted_gross_income/count
5001800US0611,CA-11,10000.0,25000.0,36857.078680041006,1,adjusted_gross_income/count
5001800US0611,CA-11,25000.0,50000.0,53169.87549693108,1,adjusted_gross_income/count
5001800US0611,CA-11,50000.0,75000.0,48584.277329530836,1,adjusted_gross_income/count
5001800US0611,CA-11,75000.0,100000.0,37296.099889145255,1,adjusted_gross_income/count
5001800US0611,CA-11,100000.0,200000.0,80992.2892770667,1,adjusted_gross_income/count
5001800US0611,CA-11,200000.0,500000.0,59336.45087997833,1,adjusted_gross_income/count
5001800US0611,CA-11,500000.0,inf,23337.732322067393,1,adjusted_gross_income/count
5001800US0612,CA-12,-inf,1.0,-268439581.712157,0,adjusted_gross_income/amount
5001800US0612,CA-12,1.0,10000.0,145009535.62803906,0,adjusted_gross_income/amount
5001800US0612,CA-12,10000.0,25000.0,767544280.3280212,0,adjusted_gross_income/amount
5001800US0612,CA-12,25000.0,50000.0,2361357986.8634048,0,adjusted_gross_income/amount
5001800US0612,CA-12,50000.0,75000.0,3183369267.505144,0,adjusted_gross_income/amount
5001800US0612,CA-12,75000.0,100000.0,3066066057.873834,0,adjusted_gross_income/amount
5001800US0612,CA-12,100000.0,200000.0,9007487452.53484,0,adjusted_gross_income/amount
5001800US0612,CA-12,200000.0,500000.0,12196166312.878208,0,adjusted_gross_income/amount
5001800US0612,CA-12,500000.0,inf,14105895474.233265,0,adjusted_gross_income/amount
5001800US0612,CA-12,-inf,1.0,6300.051211779207,1,adjusted_gross_income/count
5001800US0612,CA-12,1.0,10000.0,29105.89825401897,1,adjusted_gross_income/count
5001800US0612,CA-12,10000.0,25000.0,44660.59484875694,1,adjusted_gross_income/count
5001800US0612,CA-12,25000.0,50000.0,63292.110874321545,1,adjusted_gross_income/count
5001800US0612,CA-12,50000.0,75000.0,51441.30787218675,1,adjusted_gross_income/count
5001800US0612,CA-12,75000.0,100000.0,35376.2754092986,1,adjusted_gross_income/count
5001800US0612,CA-12,100000.0,200000.0,64088.62215546865,1,adjusted_gross_income/count
5001800US0612,CA-12,200000.0,500000.0,40481.170515949474,1,adjusted_gross_income/count
5001800US0612,CA-12,500000.0,inf,11968.799534120513,1,adjusted_gross_income/count
5001800US0613,CA-13,-inf,1.0,-345886510.3326283,0,adjusted_gross_income/amount
5001800US0613,CA-13,1.0,10000.0,167610586.75979462,0,adjusted_gross_income/amount
5001800US0613,CA-13,10000.0,25000.0,1121226870.5589983,0,adjusted_gross_income/amount
5001800US0613,CA-13,25000.0,50000.0,3231616765.014813,0,adjusted_gross_income/amount
5001800US0613,CA-13,50000.0,75000.0,2974941543.817677,0,adjusted_gross_income/amount
5001800US0613,CA-13,75000.0,100000.0,2419850236.0832295,0,adjusted_gross_income/amount
5001800US0613,CA-13,100000.0,200000.0,5260937161.439063,0,adjusted_gross_income/amount
5001800US0613,CA-13,200000.0,500000.0,2634633952.1265492,0,adjusted_gross_income/amount
5001800US0613,CA-13,500000.0,inf,1770589161.329776,0,adjusted_gross_income/amount
5001800US0613,CA-13,-inf,1.0,6522.071532871848,1,adjusted_gross_income/count
5001800US0613,CA-13,1.0,10000.0,30861.934348877887,1,adjusted_gross_income/count
5001800US0613,CA-13,10000.0,25000.0,64699.370381239656,1,adjusted_gross_income/count
5001800US0613,CA-13,25000.0,50000.0,88246.41857376747,1,adjusted_gross_income/count
5001800US0613,CA-13,50000.0,75000.0,48594.73484072383,1,adjusted_gross_income/count
5001800US0613,CA-13,75000.0,100000.0,27989.456934458212,1,adjusted_gross_income/count
5001800US0613,CA-13,100000.0,200000.0,38915.77441085763,1,adjusted_gross_income/count
5001800US0613,CA-13,200000.0,500000.0,9606.371434474646,1,adjusted_gross_income/count
5001800US0613,CA-13,500000.0,inf,1360.7206500474663,1,adjusted_gross_income/count
5001800US0614,CA-14,-inf,1.0,-299105845.3066696,0,adjusted_gross_income/amount
5001800US0614,CA-14,1.0,10000.0,142495833.40525874,0,adjusted_gross_income/amount
5001800US0614,CA-14,10000.0,25000.0,684813486.2767038,0,adjusted_gross_income/amount
5001800US0614,CA-14,25000.0,50000.0,2119274268.8650434,0,adjusted_gross_income/amount
5001800US0614,CA-14,50000.0,75000.0,3035767277.1784616,0,adjusted_gross_income/amount
5001800US0614,CA-14,75000.0,100000.0,3114944426.768267,0,adjusted_gross_income/amount
5001800US0614,CA-14,100000.0,200000.0,11328654087.420727,0,adjusted_gross_income/amount
5001800US0614,CA-14,200000.0,500000.0,20824080770.62002,0,adjusted_gross_income/amount
5001800US0614,CA-14,500000.0,inf,19750553866.16272,0,adjusted_gross_income/amount
5001800US0614,CA-14,-inf,1.0,5701.700310446896,1,adjusted_gross_income/count
5001800US0614,CA-14,1.0,10000.0,28991.63663725685,1,adjusted_gross_income/count
5001800US0614,CA-14,10000.0,25000.0,39950.12402153495,1,adjusted_gross_income/count
5001800US0614,CA-14,25000.0,50000.0,56680.56999786957,1,adjusted_gross_income/count
5001800US0614,CA-14,50000.0,75000.0,48947.390098345095,1,adjusted_gross_income/count
5001800US0614,CA-14,75000.0,100000.0,35900.61544142164,1,adjusted_gross_income/count
5001800US0614,CA-14,100000.0,200000.0,79421.69025198251,1,adjusted_gross_income/count
5001800US0614,CA-14,200000.0,500000.0,67551.16333506952,1,adjusted_gross_income/count
5001800US0614,CA-14,500000.0,inf,20061.819247864223,1,adjusted_gross_income/count
5001800US0615,CA-15,-inf,1.0,-540087051.1088711,0,adjusted_gross_income/amount
5001800US0615,CA-15,1.0,10000.0,144354838.05986607,0,adjusted_gross_income/amount
5001800US0615,CA-15,10000.0,25000.0,670644617.3447677,0,adjusted_gross_income/amount
5001800US0615,CA-15,25000.0,50000.0,2089832135.9145103,0,adjusted_gross_income/amount
5001800US0615,CA-15,50000.0,75000.0,3082142768.539852,0,adjusted_gross_income/amount
5001800US0615,CA-15,75000.0,100000.0,3178840063.5074143,0,adjusted_gross_income/amount
5001800US0615,CA-15,100000.0,200000.0,10840752926.75622,0,adjusted_gross_income/amount
5001800US0615,CA-15,200000.0,500000.0,17727930318.14995,0,adjusted_gross_income/amount
5001800US0615,CA-15,500000.0,inf,37053673484.16335,0,adjusted_gross_income/amount
5001800US0615,CA-15,-inf,1.0,6523.48410401431,1,adjusted_gross_income/count
5001800US0615,CA-15,1.0,10000.0,30210.605564687055,1,adjusted_gross_income/count
5001800US0615,CA-15,10000.0,25000.0,39084.50882749711,1,adjusted_gross_income/count
5001800US0615,CA-15,25000.0,50000.0,55877.87700619117,1,adjusted_gross_income/count
5001800US0615,CA-15,50000.0,75000.0,49661.45786325342,1,adjusted_gross_income/count
5001800US0615,CA-15,75000.0,100000.0,36626.4991564086,1,adjusted_gross_income/count
5001800US0615,CA-15,100000.0,200000.0,76284.76685559345,1,adjusted_gross_income/count
5001800US0615,CA-15,200000.0,500000.0,57684.74229008238,1,adjusted_gross_income/count
5001800US0615,CA-15,500000.0,inf,25649.05932216169,1,adjusted_gross_income/count
5001800US0616,CA-16,-inf,1.0,-722867214.2126212,0,adjusted_gross_income/amount
5001800US0616,CA-16,1.0,10000.0,137599773.75569445,0,adjusted_gross_income/amount
5001800US0616,CA-16,10000.0,25000.0,601774728.5772374,0,adjusted_gross_income/amount
5001800US0616,CA-16,25000.0,50000.0,1855411593.8838234,0,adjusted_gross_income/amount
5001800US0616,CA-16,50000.0,75000.0,2622824113.580164,0,adjusted_gross_income/amount
5001800US0616,CA-16,75000.0,100000.0,2696537244.224139,0,adjusted_gross_income/amount
5001800US0616,CA-16,100000.0,200000.0,9888783661.310871,0,adjusted_gross_income/amount
5001800US0616,CA-16,200000.0,500000.0,21010600385.965218,0,adjusted_gross_income/amount
5001800US0616,CA-16,500000.0,inf,71744898545.23125,0,adjusted_gross_income/amount
5001800US0616,CA-16,-inf,1.0,6478.2834537600975,1,adjusted_gross_income/count
5001800US0616,CA-16,1.0,10000.0,28997.909304716646,1,adjusted_gross_income/count
5001800US0616,CA-16,10000.0,25000.0,35234.262568498896,1,adjusted_gross_income/count
5001800US0616,CA-16,25000.0,50000.0,49665.906647205666,1,adjusted_gross_income/count
5001800US0616,CA-16,50000.0,75000.0,42346.46332866904,1,adjusted_gross_income/count
5001800US0616,CA-16,75000.0,100000.0,31042.62174058751,1,adjusted_gross_income/count
5001800US0616,CA-16,100000.0,200000.0,69037.81107025499,1,adjusted_gross_income/count
5001800US0616,CA-16,200000.0,500000.0,66727.013338577,1,adjusted_gross_income/count
5001800US0616,CA-16,500000.0,inf,40523.39606442168,1,adjusted_gross_income/count
5001800US0617,CA-17,-inf,1.0,-293447398.1858241,0,adjusted_gross_income/amount
5001800US0617,CA-17,1.0,10000.0,120883945.40381536,0,adjusted_gross_income/amount
5001800US0617,CA-17,10000.0,25000.0,564228763.1294504,0,adjusted_gross_income/amount
5001800US0617,CA-17,25000.0,50000.0,1773860738.5939338,0,adjusted_gross_income/amount
5001800US0617,CA-17,50000.0,75000.0,2602956077.7090483,0,adjusted_gross_income/amount
5001800US0617,CA-17,75000.0,100000.0,2739367891.579435,0,adjusted_gross_income/amount
5001800US0617,CA-17,100000.0,200000.0,11135218037.936306,0,adjusted_gross_income/amount
5001800US0617,CA-17,200000.0,500000.0,23952064023.229248,0,adjusted_gross_income/amount
5001800US0617,CA-17,500000.0,inf,31621254382.079155,0,adjusted_gross_income/amount
5001800US0617,CA-17,-inf,1.0,5878.722709030479,1,adjusted_gross_income/count
5001800US0617,CA-17,1.0,10000.0,25380.49028200161,1,adjusted_gross_income/count
5001800US0617,CA-17,10000.0,25000.0,32913.944293463064,1,adjusted_gross_income/count
5001800US0617,CA-17,25000.0,50000.0,47442.36083990006,1,adjusted_gross_income/count
5001800US0617,CA-17,50000.0,75000.0,41974.394021284286,1,adjusted_gross_income/count
5001800US0617,CA-17,75000.0,100000.0,31530.6379737665,1,adjusted_gross_income/count
5001800US0617,CA-17,100000.0,200000.0,77301.72769328587,1,adjusted_gross_income/count
5001800US0617,CA-17,200000.0,500000.0,76603.90101711561,1,adjusted_gross_income/count
5001800US0617,CA-17,500000.0,inf,30153.195821681376,1,adjusted_gross_income/count
5001800US0618,CA-18,-inf,1.0,-373430321.31739724,0,adjusted_gross_income/amount
5001800US0618,CA-18,1.0,10000.0,156113120.12215176,0,adjusted_gross_income/amount
5001800US0618,CA-18,10000.0,25000.0,949973254.8888086,0,adjusted_gross_income/amount
5001800US0618,CA-18,25000.0,50000.0,2963238696.027489,0,adjusted_gross_income/amount
5001800US0618,CA-18,50000.0,75000.0,3511864069.8056307,0,adjusted_gross_income/amount
5001800US0618,CA-18,75000.0,100000.0,3130421671.4181457,0,adjusted_gross_income/amount
5001800US0618,CA-18,100000.0,200000.0,8903467692.776669,0,adjusted_gross_income/amount
5001800US0618,CA-18,200000.0,500000.0,10222120077.501867,0,adjusted_gross_income/amount
5001800US0618,CA-18,500000.0,inf,11582229907.659428,0,adjusted_gross_income/amount
5001800US0618,CA-18,-inf,1.0,6353.341726050535,1,adjusted_gross_income/count
5001800US0618,CA-18,1.0,10000.0,30340.335068669112,1,adjusted_gross_income/count
5001800US0618,CA-18,10000.0,25000.0,54551.94451969911,1,adjusted_gross_income/count
5001800US0618,CA-18,25000.0,50000.0,80057.40513789986,1,adjusted_gross_income/count
5001800US0618,CA-18,50000.0,75000.0,57006.08892868159,1,adjusted_gross_income/count
5001800US0618,CA-18,75000.0,100000.0,36134.170521278145,1,adjusted_gross_income/count
5001800US0618,CA-18,100000.0,200000.0,63725.727628806046,1,adjusted_gross_income/count
5001800US0618,CA-18,200000.0,500000.0,34384.474145748216,1,adjusted_gross_income/count
5001800US0618,CA-18,500000.0,inf,9788.992808022504,1,adjusted_gross_income/count
5001800US0619,CA-19,-inf,1.0,-443958884.24136025,0,adjusted_gross_income/amount
5001800US0619,CA-19,1.0,10000.0,136682533.86791962,0,adjusted_gross_income/amount
5001800US0619,CA-19,10000.0,25000.0,800242486.4650078,0,adjusted_gross_income/amount
5001800US0619,CA-19,25000.0,50000.0,2498403588.56716,0,adjusted_gross_income/amount
5001800US0619,CA-19,50000.0,75000.0,2986388268.0303674,0,adjusted_gross_income/amount
5001800US0619,CA-19,75000.0,100000.0,2718190926.039063,0,adjusted_gross_income/amount
5001800US0619,CA-19,100000.0,200000.0,8004512119.607967,0,adjusted_gross_income/amount
5001800US0619,CA-19,200000.0,500000.0,10223047080.864985,0,adjusted_gross_income/amount
5001800US0619,CA-19,500000.0,inf,18217839439.348854,0,adjusted_gross_income/amount
5001800US0619,CA-19,-inf,1.0,5819.868354360013,1,adjusted_gross_income/count
5001800US0619,CA-19,1.0,10000.0,26850.146506444613,1,adjusted_gross_income/count
5001800US0619,CA-19,10000.0,25000.0,46029.643396475934,1,adjusted_gross_income/count
5001800US0619,CA-19,25000.0,50000.0,67474.7395094429,1,adjusted_gross_income/count
5001800US0619,CA-19,50000.0,75000.0,48446.52504438167,1,adjusted_gross_income/count
5001800US0619,CA-19,75000.0,100000.0,31363.0119492442,1,adjusted_gross_income/count
5001800US0619,CA-19,100000.0,200000.0,57102.68331813395,1,adjusted_gross_income/count
5001800US0619,CA-19,200000.0,500000.0,33957.00386879743,1,adjusted_gross_income/count
5001800US0619,CA-19,500000.0,inf,12431.51946264015,1,adjusted_gross_income/count
5001800US0620,CA-20,-inf,1.0,-371058873.6782724,0,adjusted_gross_income/amount
5001800US0620,CA-20,1.0,10000.0,160907125.94930148,0,adjusted_gross_income/amount
5001800US0620,CA-20,10000.0,25000.0,1069898011.4785086,0,adjusted_gross_income/amount
5001800US0620,CA-20,25000.0,50000.0,2991270647.3033156,0,adjusted_gross_income/amount
5001800US0620,CA-20,50000.0,75000.0,2862616987.6800957,0,adjusted_gross_income/amount
5001800US0620,CA-20,75000.0,100000.0,2596277997.6750336,0,adjusted_gross_income/amount
5001800US0620,CA-20,100000.0,200000.0,6587950097.588352,0,adjusted_gross_income/amount
5001800US0620,CA-20,200000.0,500000.0,3851753443.0224614,0,adjusted_gross_income/amount
5001800US0620,CA-20,500000.0,inf,3140940284.6612725,0,adjusted_gross_income/amount
5001800US0620,CA-20,-inf,1.0,5831.608126247783,1,adjusted_gross_income/count
5001800US0620,CA-20,1.0,10000.0,29957.5673012191,1,adjusted_gross_income/count
5001800US0620,CA-20,10000.0,25000.0,61795.33791491384,1,adjusted_gross_income/count
5001800US0620,CA-20,25000.0,50000.0,82007.8226575439,1,adjusted_gross_income/count
5001800US0620,CA-20,50000.0,75000.0,46563.69179196576,1,adjusted_gross_income/count
5001800US0620,CA-20,75000.0,100000.0,29930.11413968123,1,adjusted_gross_income/count
5001800US0620,CA-20,100000.0,200000.0,48151.93257978726,1,adjusted_gross_income/count
5001800US0620,CA-20,200000.0,500000.0,13938.338106381685,1,adjusted_gross_income/count
5001800US0620,CA-20,500000.0,inf,2258.1472941739216,1,adjusted_gross_income/count
5001800US0621,CA-21,-inf,1.0,-425632475.42007005,0,adjusted_gross_income/amount
5001800US0621,CA-21,1.0,10000.0,187377122.51558334,0,adjusted_gross_income/amount
5001800US0621,CA-21,10000.0,25000.0,1286158278.3398662,0,adjusted_gross_income/amount
5001800US0621,CA-21,25000.0,50000.0,3644186357.341114,0,adjusted_gross_income/amount
5001800US0621,CA-21,50000.0,75000.0,3155338357.6560326,0,adjusted_gross_income/amount
5001800US0621,CA-21,75000.0,100000.0,2497327033.5553865,0,adjusted_gross_income/amount
5001800US0621,CA-21,100000.0,200000.0,5165814881.510058,0,adjusted_gross_income/amount
5001800US0621,CA-21,200000.0,500000.0,2601492348.1277566,0,adjusted_gross_income/amount
5001800US0621,CA-21,500000.0,inf,2410335566.349184,0,adjusted_gross_income/amount
5001800US0621,CA-21,-inf,1.0,7245.334904405178,1,adjusted_gross_income/count
5001800US0621,CA-21,1.0,10000.0,34214.95872594787,1,adjusted_gross_income/count
5001800US0621,CA-21,10000.0,25000.0,74240.45744114705,1,adjusted_gross_income/count
5001800US0621,CA-21,25000.0,50000.0,99894.0143085151,1,adjusted_gross_income/count
5001800US0621,CA-21,50000.0,75000.0,51591.59160828107,1,adjusted_gross_income/count
5001800US0621,CA-21,75000.0,100000.0,28882.557426813353,1,adjusted_gross_income/count
5001800US0621,CA-21,100000.0,200000.0,38339.07822007042,1,adjusted_gross_income/count
5001800US0621,CA-21,200000.0,500000.0,9427.972928454454,1,adjusted_gross_income/count
5001800US0621,CA-21,500000.0,inf,1715.0422377112293,1,adjusted_gross_income/count
5001800US0622,CA-22,-inf,1.0,-371043816.3378782,0,adjusted_gross_income/amount
5001800US0622,CA-22,1.0,10000.0,164666276.82408875,0,adjusted_gross_income/amount
5001800US0622,CA-22,10000.0,25000.0,1165107531.1853433,0,adjusted_gross_income/amount
5001800US0622,CA-22,25000.0,50000.0,3124204156.167522,0,adjusted_gross_income/amount
5001800US0622,CA-22,50000.0,75000.0,2732271529.5303283,0,adjusted_gross_income/amount
5001800US0622,CA-22,75000.0,100000.0,2251412017.0567713,0,adjusted_gross_income/amount
5001800US0622,CA-22,100000.0,200000.0,5016421088.076037,0,adjusted_gross_income/amount
5001800US0622,CA-22,200000.0,500000.0,2436075650.4379015,0,adjusted_gross_income/amount
5001800US0622,CA-22,500000.0,inf,1759827033.014089,0,adjusted_gross_income/amount
5001800US0622,CA-22,-inf,1.0,6785.4089160301655,1,adjusted_gross_income/count
5001800US0622,CA-22,1.0,10000.0,29984.20984966547,1,adjusted_gross_income/count
5001800US0622,CA-22,10000.0,25000.0,67239.79916591111,1,adjusted_gross_income/count
5001800US0622,CA-22,25000.0,50000.0,85891.98034544708,1,adjusted_gross_income/count
5001800US0622,CA-22,50000.0,75000.0,44651.44130485356,1,adjusted_gross_income/count
5001800US0622,CA-22,75000.0,100000.0,26013.144437876876,1,adjusted_gross_income/count
5001800US0622,CA-22,100000.0,200000.0,37153.345204522244,1,adjusted_gross_income/count
5001800US0622,CA-22,200000.0,500000.0,8928.931540344684,1,adjusted_gross_income/count
5001800US0622,CA-22,500000.0,inf,1287.7777168413495,1,adjusted_gross_income/count
5001800US0623,CA-23,-inf,1.0,-189370524.40702155,0,adjusted_gross_income/amount
5001800US0623,CA-23,1.0,10000.0,160705886.74002996,0,adjusted_gross_income/amount
5001800US0623,CA-23,10000.0,25000.0,1017137308.262797,0,adjusted_gross_income/amount
5001800US0623,CA-23,25000.0,50000.0,2790160741.1727858,0,adjusted_gross_income/amount
5001800US0623,CA-23,50000.0,75000.0,2736849657.5338655,0,adjusted_gross_income/amount
5001800US0623,CA-23,75000.0,100000.0,2495965845.9715004,0,adjusted_gross_income/amount
5001800US0623,CA-23,100000.0,200000.0,5664127709.774641,0,adjusted_gross_income/amount
5001800US0623,CA-23,200000.0,500000.0,2712128039.7101135,0,adjusted_gross_income/amount
5001800US0623,CA-23,500000.0,inf,1474675854.0811656,0,adjusted_gross_income/amount
5001800US0623,CA-23,-inf,1.0,5658.730480919765,1,adjusted_gross_income/count
5001800US0623,CA-23,1.0,10000.0,30411.30487964947,1,adjusted_gross_income/count
5001800US0623,CA-23,10000.0,25000.0,59130.829666897334,1,adjusted_gross_income/count
5001800US0623,CA-23,25000.0,50000.0,76400.73030271786,1,adjusted_gross_income/count
5001800US0623,CA-23,50000.0,75000.0,44468.024113013606,1,adjusted_gross_income/count
5001800US0623,CA-23,75000.0,100000.0,28833.321543637838,1,adjusted_gross_income/count
5001800US0623,CA-23,100000.0,200000.0,41891.17052128897,1,adjusted_gross_income/count
5001800US0623,CA-23,200000.0,500000.0,9961.799978792416,1,adjusted_gross_income/count
5001800US0623,CA-23,500000.0,inf,1187.8250604178845,1,adjusted_gross_income/count
5001800US0624,CA-24,-inf,1.0,-1059827534.8503008,0,adjusted_gross_income/amount
5001800US0624,CA-24,1.0,10000.0,162005532.7580658,0,adjusted_gross_income/amount
5001800US0624,CA-24,10000.0,25000.0,945564472.7226379,0,adjusted_gross_income/amount
5001800US0624,CA-24,25000.0,50000.0,3033565433.827963,0,adjusted_gross_income/amount
5001800US0624,CA-24,50000.0,75000.0,3330504714.1001325,0,adjusted_gross_income/amount
5001800US0624,CA-24,75000.0,100000.0,3142185184.6672816,0,adjusted_gross_income/amount
5001800US0624,CA-24,100000.0,200000.0,9046891646.401234,0,adjusted_gross_income/amount
5001800US0624,CA-24,200000.0,500000.0,8296575085.965409,0,adjusted_gross_income/amount
5001800US0624,CA-24,500000.0,inf,11485405033.539608,0,adjusted_gross_income/amount
5001800US0624,CA-24,-inf,1.0,8027.0687087980705,1,adjusted_gross_income/count
5001800US0624,CA-24,1.0,10000.0,31651.480768166664,1,adjusted_gross_income/count
5001800US0624,CA-24,10000.0,25000.0,54254.31393408054,1,adjusted_gross_income/count
5001800US0624,CA-24,25000.0,50000.0,82256.54893397762,1,adjusted_gross_income/count
5001800US0624,CA-24,50000.0,75000.0,54016.26987670436,1,adjusted_gross_income/count
5001800US0624,CA-24,75000.0,100000.0,36234.239767949286,1,adjusted_gross_income/count
5001800US0624,CA-24,100000.0,200000.0,65011.85644397663,1,adjusted_gross_income/count
5001800US0624,CA-24,200000.0,500000.0,28749.981458992625,1,adjusted_gross_income/count
5001800US0624,CA-24,500000.0,inf,7321.648736938503,1,adjusted_gross_income/count
5001800US0625,CA-25,-inf,1.0,-464210817.1401393,0,adjusted_gross_income/amount
5001800US0625,CA-25,1.0,10000.0,180169427.0556922,0,adjusted_gross_income/amount
5001800US0625,CA-25,10000.0,25000.0,1204876341.649904,0,adjusted_gross_income/amount
5001800US0625,CA-25,25000.0,50000.0,3524059479.9191337,0,adjusted_gross_income/amount
5001800US0625,CA-25,50000.0,75000.0,3163763552.2995234,0,adjusted_gross_income/amount
5001800US0625,CA-25,75000.0,100000.0,2641747594.411245,0,adjusted_gross_income/amount
5001800US0625,CA-25,100000.0,200000.0,6085689388.189596,0,adjusted_gross_income/amount
5001800US0625,CA-25,200000.0,500000.0,3721845577.3938875,0,adjusted_gross_income/amount
5001800US0625,CA-25,500000.0,inf,3173637165.269841,0,adjusted_gross_income/amount
5001800US0625,CA-25,-inf,1.0,7871.01155597853,1,adjusted_gross_income/count
5001800US0625,CA-25,1.0,10000.0,34166.04609385321,1,adjusted_gross_income/count
5001800US0625,CA-25,10000.0,25000.0,70167.22698133386,1,adjusted_gross_income/count
5001800US0625,CA-25,25000.0,50000.0,96365.03097345777,1,adjusted_gross_income/count
5001800US0625,CA-25,50000.0,75000.0,51586.13966421731,1,adjusted_gross_income/count
5001800US0625,CA-25,75000.0,100000.0,30539.079601315905,1,adjusted_gross_income/count
5001800US0625,CA-25,100000.0,200000.0,44947.11577706143,1,adjusted_gross_income/count
5001800US0625,CA-25,200000.0,500000.0,13144.453521343075,1,adjusted_gross_income/count
5001800US0625,CA-25,500000.0,inf,2653.672504217382,1,adjusted_gross_income/count
5001800US0626,CA-26,-inf,1.0,-647566122.0280265,0,adjusted_gross_income/amount
5001800US0626,CA-26,1.0,10000.0,163593292.99730918,0,adjusted_gross_income/amount
5001800US0626,CA-26,10000.0,25000.0,940239908.768637,0,adjusted_gross_income/amount
5001800US0626,CA-26,25000.0,50000.0,2987977289.568382,0,adjusted_gross_income/amount
5001800US0626,CA-26,50000.0,75000.0,3179508866.9501424,0,adjusted_gross_income/amount
5001800US0626,CA-26,75000.0,100000.0,3090496960.242891,0,adjusted_gross_income/amount
5001800US0626,CA-26,100000.0,200000.0,9501640187.733227,0,adjusted_gross_income/amount
5001800US0626,CA-26,200000.0,500000.0,9243160057.519073,0,adjusted_gross_income/amount
5001800US0626,CA-26,500000.0,inf,10737729584.51194,0,adjusted_gross_income/amount
5001800US0626,CA-26,-inf,1.0,6897.812916526629,1,adjusted_gross_income/count
5001800US0626,CA-26,1.0,10000.0,32040.72222724269,1,adjusted_gross_income/count
5001800US0626,CA-26,10000.0,25000.0,54161.81067594647,1,adjusted_gross_income/count
5001800US0626,CA-26,25000.0,50000.0,81140.97639322048,1,adjusted_gross_income/count
5001800US0626,CA-26,50000.0,75000.0,51579.765323670064,1,adjusted_gross_income/count
5001800US0626,CA-26,75000.0,100000.0,35600.476093357014,1,adjusted_gross_income/count
5001800US0626,CA-26,100000.0,200000.0,67907.03397592684,1,adjusted_gross_income/count
5001800US0626,CA-26,200000.0,500000.0,31958.34424091824,1,adjusted_gross_income/count
5001800US0626,CA-26,500000.0,inf,7304.7173242080735,1,adjusted_gross_income/count
5001800US0627,CA-27,-inf,1.0,-362249687.6624608,0,adjusted_gross_income/amount
5001800US0627,CA-27,1.0,10000.0,177870048.4073324,0,adjusted_gross_income/amount
5001800US0627,CA-27,10000.0,25000.0,1039359663.6838506,0,adjusted_gross_income/amount
5001800US0627,CA-27,25000.0,50000.0,2833088256.349,0,adjusted_gross_income/amount
5001800US0627,CA-27,50000.0,75000.0,3038604125.4145427,0,adjusted_gross_income/amount
5001800US0627,CA-27,75000.0,100000.0,3030150304.6536603,0,adjusted_gross_income/amount
5001800US0627,CA-27,100000.0,200000.0,9164500221.21074,0,adjusted_gross_income/amount
5001800US0627,CA-27,200000.0,500000.0,7390691619.34551,0,adjusted_gross_income/amount
5001800US0627,CA-27,500000.0,inf,4558255801.983952,0,adjusted_gross_income/amount
5001800US0627,CA-27,-inf,1.0,6437.893189703434,1,adjusted_gross_income/count
5001800US0627,CA-27,1.0,10000.0,34639.84805839602,1,adjusted_gross_income/count
5001800US0627,CA-27,10000.0,25000.0,60538.39766557,1,adjusted_gross_income/count
5001800US0627,CA-27,25000.0,50000.0,77391.72323798435,1,adjusted_gross_income/count
5001800US0627,CA-27,50000.0,75000.0,49240.64841119361,1,adjusted_gross_income/count
5001800US0627,CA-27,75000.0,100000.0,34890.07940937696,1,adjusted_gross_income/count
5001800US0627,CA-27,100000.0,200000.0,65662.97558393,1,adjusted_gross_income/count
5001800US0627,CA-27,200000.0,500000.0,26301.281277725793,1,adjusted_gross_income/count
5001800US0627,CA-27,500000.0,inf,3724.1015291101053,1,adjusted_gross_income/count
5001800US0628,CA-28,-inf,1.0,-693699227.9355462,0,adjusted_gross_income/amount
5001800US0628,CA-28,1.0,10000.0,202769301.9433244,0,adjusted_gross_income/amount
5001800US0628,CA-28,10000.0,25000.0,1056009222.9586649,0,adjusted_gross_income/amount
5001800US0628,CA-28,25000.0,50000.0,2891720228.0437207,0,adjusted_gross_income/amount
5001800US0628,CA-28,50000.0,75000.0,3254146828.367842,0,adjusted_gross_income/amount
5001800US0628,CA-28,75000.0,100000.0,3156013146.720789,0,adjusted_gross_income/amount
5001800US0628,CA-28,100000.0,200000.0,9393276350.42285,0,adjusted_gross_income/amount
5001800US0628,CA-28,200000.0,500000.0,10020306385.763063,0,adjusted_gross_income/amount
5001800US0628,CA-28,500000.0,inf,11284826454.529001,0,adjusted_gross_income/amount
5001800US0628,CA-28,-inf,1.0,8772.365985302655,1,adjusted_gross_income/count
5001800US0628,CA-28,1.0,10000.0,40832.69062527371,1,adjusted_gross_income/count
5001800US0628,CA-28,10000.0,25000.0,61288.55977188392,1,adjusted_gross_income/count
5001800US0628,CA-28,25000.0,50000.0,78790.07462852701,1,adjusted_gross_income/count
5001800US0628,CA-28,50000.0,75000.0,52716.363844927764,1,adjusted_gross_income/count
5001800US0628,CA-28,75000.0,100000.0,36386.99021700653,1,adjusted_gross_income/count
5001800US0628,CA-28,100000.0,200000.0,67175.43100964748,1,adjusted_gross_income/count
5001800US0628,CA-28,200000.0,500000.0,34361.75317951943,1,adjusted_gross_income/count
5001800US0628,CA-28,500000.0,inf,8167.260833305678,1,adjusted_gross_income/count
5001800US0629,CA-29,-inf,1.0,-356618569.6769591,0,adjusted_gross_income/amount
5001800US0629,CA-29,1.0,10000.0,207685398.80526483,0,adjusted_gross_income/amount
5001800US0629,CA-29,10000.0,25000.0,1162903703.4952657,0,adjusted_gross_income/amount
5001800US0629,CA-29,25000.0,50000.0,3571269799.4012,0,adjusted_gross_income/amount
5001800US0629,CA-29,50000.0,75000.0,3351203205.3627586,0,adjusted_gross_income/amount
5001800US0629,CA-29,75000.0,100000.0,2574784320.85985,0,adjusted_gross_income/amount
5001800US0629,CA-29,100000.0,200000.0,5502311857.566887,0,adjusted_gross_income/amount
5001800US0629,CA-29,200000.0,500000.0,3314083685.4708796,0,adjusted_gross_income/amount
5001800US0629,CA-29,500000.0,inf,3256717278.230036,0,adjusted_gross_income/amount
5001800US0629,CA-29,-inf,1.0,5735.3851728097015,1,adjusted_gross_income/count
5001800US0629,CA-29,1.0,10000.0,40801.72381512352,1,adjusted_gross_income/count
5001800US0629,CA-29,10000.0,25000.0,67672.33483764752,1,adjusted_gross_income/count
5001800US0629,CA-29,25000.0,50000.0,97015.36038835204,1,adjusted_gross_income/count
5001800US0629,CA-29,50000.0,75000.0,54765.83436724004,1,adjusted_gross_income/count
5001800US0629,CA-29,75000.0,100000.0,29795.405219539425,1,adjusted_gross_income/count
5001800US0629,CA-29,100000.0,200000.0,40535.058058575116,1,adjusted_gross_income/count
5001800US0629,CA-29,200000.0,500000.0,11764.363148596063,1,adjusted_gross_income/count
5001800US0629,CA-29,500000.0,inf,2290.329956616447,1,adjusted_gross_income/count
5001800US0630,CA-30,-inf,1.0,-1118278912.0817208,0,adjusted_gross_income/amount
5001800US0630,CA-30,1.0,10000.0,192106244.81609613,0,adjusted_gross_income/amount
5001800US0630,CA-30,10000.0,25000.0,916161629.0403291,0,adjusted_gross_income/amount
5001800US0630,CA-30,25000.0,50000.0,2648180077.7919683,0,adjusted_gross_income/amount
5001800US0630,CA-30,50000.0,75000.0,3250685449.6634917,0,adjusted_gross_income/amount
5001800US0630,CA-30,75000.0,100000.0,3136492746.409753,0,adjusted_gross_income/amount
5001800US0630,CA-30,100000.0,200000.0,9048223050.917778,0,adjusted_gross_income/amount
5001800US0630,CA-30,200000.0,500000.0,10702909303.226242,0,adjusted_gross_income/amount
5001800US0630,CA-30,500000.0,inf,18667148790.717728,0,adjusted_gross_income/amount
5001800US0630,CA-30,-inf,1.0,10343.99974014189,1,adjusted_gross_income/count
5001800US0630,CA-30,1.0,10000.0,40198.07219248334,1,adjusted_gross_income/count
5001800US0630,CA-30,10000.0,25000.0,53596.742861572864,1,adjusted_gross_income/count
5001800US0630,CA-30,25000.0,50000.0,71751.74915081581,1,adjusted_gross_income/count
5001800US0630,CA-30,50000.0,75000.0,52557.46224976703,1,adjusted_gross_income/count
5001800US0630,CA-30,75000.0,100000.0,36206.106287756076,1,adjusted_gross_income/count
5001800US0630,CA-30,100000.0,200000.0,64799.888083213606,1,adjusted_gross_income/count
5001800US0630,CA-30,200000.0,500000.0,35857.11675101843,1,adjusted_gross_income/count
5001800US0630,CA-30,500000.0,inf,12261.460556038111,1,adjusted_gross_income/count
5001800US0631,CA-31,-inf,1.0,-253559518.80008495,0,adjusted_gross_income/amount
5001800US0631,CA-31,1.0,10000.0,182189733.1153365,0,adjusted_gross_income/amount
5001800US0631,CA-31,10000.0,25000.0,1097862910.2988422,0,adjusted_gross_income/amount
5001800US0631,CA-31,25000.0,50000.0,3471745896.6162887,0,adjusted_gross_income/amount
5001800US0631,CA-31,50000.0,75000.0,3456331040.241022,0,adjusted_gross_income/amount
5001800US0631,CA-31,75000.0,100000.0,2899275599.463293,0,adjusted_gross_income/amount
5001800US0631,CA-31,100000.0,200000.0,6696008510.467539,0,adjusted_gross_income/amount
5001800US0631,CA-31,200000.0,500000.0,3748141468.6755204,0,adjusted_gross_income/amount
5001800US0631,CA-31,500000.0,inf,2769798649.540903,0,adjusted_gross_income/amount
5001800US0631,CA-31,-inf,1.0,5320.73075367551,1,adjusted_gross_income/count
5001800US0631,CA-31,1.0,10000.0,35406.101664686255,1,adjusted_gross_income/count
5001800US0631,CA-31,10000.0,25000.0,63375.42490224053,1,adjusted_gross_income/count
5001800US0631,CA-31,25000.0,50000.0,94279.8253317971,1,adjusted_gross_income/count
5001800US0631,CA-31,50000.0,75000.0,56266.10048466758,1,adjusted_gross_income/count
5001800US0631,CA-31,75000.0,100000.0,33501.27549922148,1,adjusted_gross_income/count
5001800US0631,CA-31,100000.0,200000.0,49048.1305127317,1,adjusted_gross_income/count
5001800US0631,CA-31,200000.0,500000.0,13674.886503982678,1,adjusted_gross_income/count
5001800US0631,CA-31,500000.0,inf,1789.6019443789687,1,adjusted_gross_income/count
5001800US0632,CA-32,-inf,1.0,-1821738148.4146588,0,adjusted_gross_income/amount
5001800US0632,CA-32,1.0,10000.0,174852826.18641573,0,adjusted_gross_income/amount
5001800US0632,CA-32,10000.0,25000.0,860586168.6377274,0,adjusted_gross_income/amount
5001800US0632,CA-32,25000.0,50000.0,2448050403.1858063,0,adjusted_gross_income/amount
5001800US0632,CA-32,50000.0,75000.0,2900843137.2493153,0,adjusted_gross_income/amount
5001800US0632,CA-32,75000.0,100000.0,2835510064.9703693,0,adjusted_gross_income/amount
5001800US0632,CA-32,100000.0,200000.0,8762507500.19197,0,adjusted_gross_income/amount
5001800US0632,CA-32,200000.0,500000.0,10971237104.911983,0,adjusted_gross_income/amount
5001800US0632,CA-32,500000.0,inf,23108368766.21624,0,adjusted_gross_income/amount
5001800US0632,CA-32,-inf,1.0,9646.001003895439,1,adjusted_gross_income/count
5001800US0632,CA-32,1.0,10000.0,36378.30282860797,1,adjusted_gross_income/count
5001800US0632,CA-32,10000.0,25000.0,50375.27479754386,1,adjusted_gross_income/count
5001800US0632,CA-32,25000.0,50000.0,66345.692402081,1,adjusted_gross_income/count
5001800US0632,CA-32,50000.0,75000.0,46984.62032270372,1,adjusted_gross_income/count
5001800US0632,CA-32,75000.0,100000.0,32683.430922618532,1,adjusted_gross_income/count
5001800US0632,CA-32,100000.0,200000.0,62433.74802801403,1,adjusted_gross_income/count
5001800US0632,CA-32,200000.0,500000.0,36716.83735615425,1,adjusted_gross_income/count
5001800US0632,CA-32,500000.0,inf,13791.157436768675,1,adjusted_gross_income/count
5001800US0633,CA-33,-inf,1.0,-159265888.62789485,0,adjusted_gross_income/amount
5001800US0633,CA-33,1.0,10000.0,172611148.3595524,0,adjusted_gross_income/amount
5001800US0633,CA-33,10000.0,25000.0,1111744387.564081,0,adjusted_gross_income/amount
5001800US0633,CA-33,25000.0,50000.0,3416832019.222171,0,adjusted_gross_income/amount
5001800US0633,CA-33,50000.0,75000.0,3295352769.0626016,0,adjusted_gross_income/amount
5001800US0633,CA-33,75000.0,100000.0,2819400613.555459,0,adjusted_gross_income/amount
5001800US0633,CA-33,100000.0,200000.0,6639952073.740968,0,adjusted_gross_income/amount
5001800US0633,CA-33,200000.0,500000.0,3545846711.919477,0,adjusted_gross_income/amount
5001800US0633,CA-33,500000.0,inf,2575834218.9474626,0,adjusted_gross_income/amount
5001800US0633,CA-33,-inf,1.0,5105.6066739113385,1,adjusted_gross_income/count
5001800US0633,CA-33,1.0,10000.0,32255.407031337163,1,adjusted_gross_income/count
5001800US0633,CA-33,10000.0,25000.0,64353.97801282103,1,adjusted_gross_income/count
5001800US0633,CA-33,25000.0,50000.0,92776.35743231517,1,adjusted_gross_income/count
5001800US0633,CA-33,50000.0,75000.0,53665.37036735144,1,adjusted_gross_income/count
5001800US0633,CA-33,75000.0,100000.0,32578.16675376323,1,adjusted_gross_income/count
5001800US0633,CA-33,100000.0,200000.0,48919.12395422608,1,adjusted_gross_income/count
5001800US0633,CA-33,200000.0,500000.0,12946.237343014698,1,adjusted_gross_income/count
5001800US0633,CA-33,500000.0,inf,1751.3327495892538,1,adjusted_gross_income/count
5001800US0634,CA-34,-inf,1.0,-280960526.9262912,0,adjusted_gross_income/amount
5001800US0634,CA-34,1.0,10000.0,207295163.4080993,0,adjusted_gross_income/amount
5001800US0634,CA-34,10000.0,25000.0,1171601325.6868632,0,adjusted_gross_income/amount
5001800US0634,CA-34,25000.0,50000.0,3605629317.3732276,0,adjusted_gross_income/amount
5001800US0634,CA-34,50000.0,75000.0,3219273247.8764524,0,adjusted_gross_income/amount
5001800US0634,CA-34,75000.0,100000.0,2347722383.5014853,0,adjusted_gross_income/amount
5001800US0634,CA-34,100000.0,200000.0,4695101107.68453,0,adjusted_gross_income/amount
5001800US0634,CA-34,200000.0,500000.0,3409490585.0989094,0,adjusted_gross_income/amount
5001800US0634,CA-34,500000.0,inf,3262156432.043038,0,adjusted_gross_income/amount
5001800US0634,CA-34,-inf,1.0,6710.758899442155,1,adjusted_gross_income/count
5001800US0634,CA-34,1.0,10000.0,41002.95351853794,1,adjusted_gross_income/count
5001800US0634,CA-34,10000.0,25000.0,68153.32552966152,1,adjusted_gross_income/count
5001800US0634,CA-34,25000.0,50000.0,98109.9493862095,1,adjusted_gross_income/count
5001800US0634,CA-34,50000.0,75000.0,52677.333280656836,1,adjusted_gross_income/count
5001800US0634,CA-34,75000.0,100000.0,27213.628806792552,1,adjusted_gross_income/count
5001800US0634,CA-34,100000.0,200000.0,34639.15858624689,1,adjusted_gross_income/count
5001800US0634,CA-34,200000.0,500000.0,11882.014013125743,1,adjusted_gross_income/count
5001800US0634,CA-34,500000.0,inf,2415.3849834598977,1,adjusted_gross_income/count
5001800US0635,CA-35,-inf,1.0,-185676329.74309218,0,adjusted_gross_income/amount
5001800US0635,CA-35,1.0,10000.0,176522913.04057568,0,adjusted_gross_income/amount
5001800US0635,CA-35,10000.0,25000.0,1159426009.5194163,0,adjusted_gross_income/amount
5001800US0635,CA-35,25000.0,50000.0,3718058646.2823157,0,adjusted_gross_income/amount
5001800US0635,CA-35,50000.0,75000.0,3531163684.7375684,0,adjusted_gross_income/amount
5001800US0635,CA-35,75000.0,100000.0,2894770127.9995766,0,adjusted_gross_income/amount
5001800US0635,CA-35,100000.0,200000.0,6299639393.384583,0,adjusted_gross_income/amount
5001800US0635,CA-35,200000.0,500000.0,2643713887.63897,0,adjusted_gross_income/amount
5001800US0635,CA-35,500000.0,inf,1450927103.8645356,0,adjusted_gross_income/amount
5001800US0635,CA-35,-inf,1.0,5094.329543586821,1,adjusted_gross_income/count
5001800US0635,CA-35,1.0,10000.0,33005.49579455754,1,adjusted_gross_income/count
5001800US0635,CA-35,10000.0,25000.0,66843.57408647674,1,adjusted_gross_income/count
5001800US0635,CA-35,25000.0,50000.0,100796.99961669651,1,adjusted_gross_income/count
5001800US0635,CA-35,50000.0,75000.0,57576.25237282816,1,adjusted_gross_income/count
5001800US0635,CA-35,75000.0,100000.0,33464.60799526324,1,adjusted_gross_income/count
5001800US0635,CA-35,100000.0,200000.0,46733.634067741805,1,adjusted_gross_income/count
5001800US0635,CA-35,200000.0,500000.0,9849.45266567126,1,adjusted_gross_income/count
5001800US0635,CA-35,500000.0,inf,1072.501053016088,1,adjusted_gross_income/count
5001800US0636,CA-36,-inf,1.0,-2475800180.288332,0,adjusted_gross_income/amount
5001800US0636,CA-36,1.0,10000.0,163946644.959093,0,adjusted_gross_income/amount
5001800US0636,CA-36,10000.0,25000.0,781427645.4266528,0,adjusted_gross_income/amount
5001800US0636,CA-36,25000.0,50000.0,2196894510.742887,0,adjusted_gross_income/amount
5001800US0636,CA-36,50000.0,75000.0,2775960655.5426126,0,adjusted_gross_income/amount
5001800US0636,CA-36,75000.0,100000.0,2928946099.849642,0,adjusted_gross_income/amount
5001800US0636,CA-36,100000.0,200000.0,9943810985.781492,0,adjusted_gross_income/amount
5001800US0636,CA-36,200000.0,500000.0,16247641427.793406,0,adjusted_gross_income/amount
5001800US0636,CA-36,500000.0,inf,50268134417.227905,0,adjusted_gross_income/amount
5001800US0636,CA-36,-inf,1.0,11712.142530535893,1,adjusted_gross_income/count
5001800US0636,CA-36,1.0,10000.0,34513.85633046644,1,adjusted_gross_income/count
5001800US0636,CA-36,10000.0,25000.0,45855.66191715651,1,adjusted_gross_income/count
5001800US0636,CA-36,25000.0,50000.0,59465.31052390808,1,adjusted_gross_income/count
5001800US0636,CA-36,50000.0,75000.0,44791.94004769131,1,adjusted_gross_income/count
5001800US0636,CA-36,75000.0,100000.0,33715.575314893395,1,adjusted_gross_income/count
5001800US0636,CA-36,100000.0,200000.0,70143.00608520242,1,adjusted_gross_income/count
5001800US0636,CA-36,200000.0,500000.0,53100.807862061425,1,adjusted_gross_income/count
5001800US0636,CA-36,500000.0,inf,25940.745044882122,1,adjusted_gross_income/count
5001800US0637,CA-37,-inf,1.0,-674880104.0300597,0,adjusted_gross_income/amount
5001800US0637,CA-37,1.0,10000.0,191007988.77180818,0,adjusted_gross_income/amount
5001800US0637,CA-37,10000.0,25000.0,1119563848.537114,0,adjusted_gross_income/amount
5001800US0637,CA-37,25000.0,50000.0,3319320936.8911858,0,adjusted_gross_income/amount
5001800US0637,CA-37,50000.0,75000.0,3306020178.495282,0,adjusted_gross_income/amount
5001800US0637,CA-37,75000.0,100000.0,2684172399.9135227,0,adjusted_gross_income/amount
5001800US0637,CA-37,100000.0,200000.0,6324945028.073872,0,adjusted_gross_income/amount
5001800US0637,CA-37,200000.0,500000.0,6705059816.262096,0,adjusted_gross_income/amount
5001800US0637,CA-37,500000.0,inf,13295849939.21555,0,adjusted_gross_income/amount
5001800US0637,CA-37,-inf,1.0,7355.4042007021935,1,adjusted_gross_income/count
5001800US0637,CA-37,1.0,10000.0,37644.21043940593,1,adjusted_gross_income/count
5001800US0637,CA-37,10000.0,25000.0,65428.716265442104,1,adjusted_gross_income/count
5001800US0637,CA-37,25000.0,50000.0,90127.57137388818,1,adjusted_gross_income/count
5001800US0637,CA-37,50000.0,75000.0,53860.61646902446,1,adjusted_gross_income/count
5001800US0637,CA-37,75000.0,100000.0,31081.493905030988,1,adjusted_gross_income/count
5001800US0637,CA-37,100000.0,200000.0,45885.630692420105,1,adjusted_gross_income/count
5001800US0637,CA-37,200000.0,500000.0,22482.793568076922,1,adjusted_gross_income/count
5001800US0637,CA-37,500000.0,inf,7770.065155011518,1,adjusted_gross_income/count
5001800US0638,CA-38,-inf,1.0,-300230454.4980759,0,adjusted_gross_income/amount
5001800US0638,CA-38,1.0,10000.0,168700965.89183068,0,adjusted_gross_income/amount
5001800US0638,CA-38,10000.0,25000.0,1004139260.3890864,0,adjusted_gross_income/amount
5001800US0638,CA-38,25000.0,50000.0,3207979386.409856,0,adjusted_gross_income/amount
5001800US0638,CA-38,50000.0,75000.0,3501627601.254957,0,adjusted_gross_income/amount
5001800US0638,CA-38,75000.0,100000.0,3169424659.6575227,0,adjusted_gross_income/amount
5001800US0638,CA-38,100000.0,200000.0,8703701373.288778,0,adjusted_gross_income/amount
5001800US0638,CA-38,200000.0,500000.0,5966180518.653871,0,adjusted_gross_income/amount
5001800US0638,CA-38,500000.0,inf,3739670398.827465,0,adjusted_gross_income/amount
5001800US0638,CA-38,-inf,1.0,5739.998859227458,1,adjusted_gross_income/count
5001800US0638,CA-38,1.0,10000.0,33024.08952161244,1,adjusted_gross_income/count
5001800US0638,CA-38,10000.0,25000.0,58029.94166391961,1,adjusted_gross_income/count
5001800US0638,CA-38,25000.0,50000.0,86831.92200531777,1,adjusted_gross_income/count
5001800US0638,CA-38,50000.0,75000.0,56855.417259700065,1,adjusted_gross_income/count
5001800US0638,CA-38,75000.0,100000.0,36583.43546777266,1,adjusted_gross_income/count
5001800US0638,CA-38,100000.0,200000.0,62925.31206377473,1,adjusted_gross_income/count
5001800US0638,CA-38,200000.0,500000.0,21556.864544371914,1,adjusted_gross_income/count
5001800US0638,CA-38,500000.0,inf,2983.941378367528,1,adjusted_gross_income/count
5001800US0639,CA-39,-inf,1.0,-153293443.79967234,0,adjusted_gross_income/amount
5001800US0639,CA-39,1.0,10000.0,170863470.17414492,0,adjusted_gross_income/amount
5001800US0639,CA-39,10000.0,25000.0,1108212758.8989224,0,adjusted_gross_income/amount
5001800US0639,CA-39,25000.0,50000.0,3583410688.167179,0,adjusted_gross_income/amount
5001800US0639,CA-39,50000.0,75000.0,3428067601.364622,0,adjusted_gross_income/amount
5001800US0639,CA-39,75000.0,100000.0,2880926161.125666,0,adjusted_gross_income/amount
5001800US0639,CA-39,100000.0,200000.0,6162835657.992858,0,adjusted_gross_income/amount
5001800US0639,CA-39,200000.0,500000.0,2615693832.9777784,0,adjusted_gross_income/amount
5001800US0639,CA-39,500000.0,inf,1428234766.6713798,0,adjusted_gross_income/amount
5001800US0639,CA-39,-inf,1.0,4659.8366199042875,1,adjusted_gross_income/count
5001800US0639,CA-39,1.0,10000.0,31525.225175294192,1,adjusted_gross_income/count
5001800US0639,CA-39,10000.0,25000.0,64083.091444602,1,adjusted_gross_income/count
5001800US0639,CA-39,25000.0,50000.0,97117.71136764968,1,adjusted_gross_income/count
5001800US0639,CA-39,50000.0,75000.0,55877.57626410632,1,adjusted_gross_income/count
5001800US0639,CA-39,75000.0,100000.0,33289.12833508491,1,adjusted_gross_income/count
5001800US0639,CA-39,100000.0,200000.0,45869.345002195536,1,adjusted_gross_income/count
5001800US0639,CA-39,200000.0,500000.0,9660.093402248223,1,adjusted_gross_income/count
5001800US0639,CA-39,500000.0,inf,1136.5834843436978,1,adjusted_gross_income/count
5001800US0640,CA-40,-inf,1.0,-992826639.5209249,0,adjusted_gross_income/amount
5001800US0640,CA-40,1.0,10000.0,201373149.77743018,0,adjusted_gross_income/amount
5001800US0640,CA-40,10000.0,25000.0,1002300334.9325613,0,adjusted_gross_income/amount
5001800US0640,CA-40,25000.0,50000.0,2937274698.8248672,0,adjusted_gross_income/amount
5001800US0640,CA-40,50000.0,75000.0,3539947681.414884,0,adjusted_gross_income/amount
5001800US0640,CA-40,75000.0,100000.0,3673936472.7877064,0,adjusted_gross_income/amount
5001800US0640,CA-40,100000.0,200000.0,13368068513.729862,0,adjusted_gross_income/amount
5001800US0640,CA-40,200000.0,500000.0,17217767503.731613,0,adjusted_gross_income/amount
5001800US0640,CA-40,500000.0,inf,18417717252.655956,0,adjusted_gross_income/amount
5001800US0640,CA-40,-inf,1.0,10686.39818229458,1,adjusted_gross_income/count
5001800US0640,CA-40,1.0,10000.0,41886.191464134856,1,adjusted_gross_income/count
5001800US0640,CA-40,10000.0,25000.0,58337.29031870153,1,adjusted_gross_income/count
5001800US0640,CA-40,25000.0,50000.0,79548.59451557629,1,adjusted_gross_income/count
5001800US0640,CA-40,50000.0,75000.0,57199.40457433685,1,adjusted_gross_income/count
5001800US0640,CA-40,75000.0,100000.0,42266.73944725697,1,adjusted_gross_income/count
5001800US0640,CA-40,100000.0,200000.0,94209.74343542386,1,adjusted_gross_income/count
5001800US0640,CA-40,200000.0,500000.0,58653.83797749659,1,adjusted_gross_income/count
5001800US0640,CA-40,500000.0,inf,13925.598098429911,1,adjusted_gross_income/count
5001800US0641,CA-41,-inf,1.0,-370447330.7299776,0,adjusted_gross_income/amount
5001800US0641,CA-41,1.0,10000.0,172737874.78671202,0,adjusted_gross_income/amount
5001800US0641,CA-41,10000.0,25000.0,1048205744.0926932,0,adjusted_gross_income/amount
5001800US0641,CA-41,25000.0,50000.0,3100363379.007451,0,adjusted_gross_income/amount
5001800US0641,CA-41,50000.0,75000.0,3245912988.5870814,0,adjusted_gross_income/amount
5001800US0641,CA-41,75000.0,100000.0,3196829402.1138225,0,adjusted_gross_income/amount
5001800US0641,CA-41,100000.0,200000.0,9634247354.885067,0,adjusted_gross_income/amount
5001800US0641,CA-41,200000.0,500000.0,6129569632.306609,0,adjusted_gross_income/amount
5001800US0641,CA-41,500000.0,inf,3575864290.904521,0,adjusted_gross_income/amount
5001800US0641,CA-41,-inf,1.0,7381.206705590649,1,adjusted_gross_income/count
5001800US0641,CA-41,1.0,10000.0,33316.72971405494,1,adjusted_gross_income/count
5001800US0641,CA-41,10000.0,25000.0,60876.1994526465,1,adjusted_gross_income/count
5001800US0641,CA-41,25000.0,50000.0,84420.77156516482,1,adjusted_gross_income/count
5001800US0641,CA-41,50000.0,75000.0,52620.07951956447,1,adjusted_gross_income/count
5001800US0641,CA-41,75000.0,100000.0,36800.08727242552,1,adjusted_gross_income/count
5001800US0641,CA-41,100000.0,200000.0,69569.08028428178,1,adjusted_gross_income/count
5001800US0641,CA-41,200000.0,500000.0,22404.10419285346,1,adjusted_gross_income/count
5001800US0641,CA-41,500000.0,inf,2750.5320519043817,1,adjusted_gross_income/count
5001800US0642,CA-42,-inf,1.0,-203548281.1291891,0,adjusted_gross_income/amount
5001800US0642,CA-42,1.0,10000.0,180016797.56127265,0,adjusted_gross_income/amount
5001800US0642,CA-42,10000.0,25000.0,1128661507.1829286,0,adjusted_gross_income/amount
5001800US0642,CA-42,25000.0,50000.0,3544824461.3836865,0,adjusted_gross_income/amount
5001800US0642,CA-42,50000.0,75000.0,3273002398.97091,0,adjusted_gross_income/amount
5001800US0642,CA-42,75000.0,100000.0,2545878688.5702705,0,adjusted_gross_income/amount
5001800US0642,CA-42,100000.0,200000.0,5670028213.007495,0,adjusted_gross_income/amount
5001800US0642,CA-42,200000.0,500000.0,3571542018.096299,0,adjusted_gross_income/amount
5001800US0642,CA-42,500000.0,inf,2418070917.6056504,0,adjusted_gross_income/amount
5001800US0642,CA-42,-inf,1.0,4981.030801960797,1,adjusted_gross_income/count
5001800US0642,CA-42,1.0,10000.0,34257.46395935721,1,adjusted_gross_income/count
5001800US0642,CA-42,10000.0,25000.0,65543.97722466024,1,adjusted_gross_income/count
5001800US0642,CA-42,25000.0,50000.0,96346.62790325831,1,adjusted_gross_income/count
5001800US0642,CA-42,50000.0,75000.0,53453.862833427534,1,adjusted_gross_income/count
5001800US0642,CA-42,75000.0,100000.0,29445.054125459184,1,adjusted_gross_income/count
5001800US0642,CA-42,100000.0,200000.0,41568.793829498696,1,adjusted_gross_income/count
5001800US0642,CA-42,200000.0,500000.0,12888.990092162989,1,adjusted_gross_income/count
5001800US0642,CA-42,500000.0,inf,1710.3287332484108,1,adjusted_gross_income/count
5001800US0643,CA-43,-inf,1.0,-182869021.95645317,0,adjusted_gross_income/amount
5001800US0643,CA-43,1.0,10000.0,186990905.43004486,0,adjusted_gross_income/amount
5001800US0643,CA-43,10000.0,25000.0,1177767753.0913851,0,adjusted_gross_income/amount
5001800US0643,CA-43,25000.0,50000.0,3585556190.900263,0,adjusted_gross_income/amount
5001800US0643,CA-43,50000.0,75000.0,3478321761.5460415,0,adjusted_gross_income/amount
5001800US0643,CA-43,75000.0,100000.0,2727164646.56408,0,adjusted_gross_income/amount
5001800US0643,CA-43,100000.0,200000.0,5955737609.209368,0,adjusted_gross_income/amount
5001800US0643,CA-43,200000.0,500000.0,4096785439.0925293,0,adjusted_gross_income/amount
5001800US0643,CA-43,500000.0,inf,2511395476.9209347,0,adjusted_gross_income/amount
5001800US0643,CA-43,-inf,1.0,5704.518781078524,1,adjusted_gross_income/count
5001800US0643,CA-43,1.0,10000.0,35948.324731347704,1,adjusted_gross_income/count
5001800US0643,CA-43,10000.0,25000.0,68647.57652373465,1,adjusted_gross_income/count
5001800US0643,CA-43,25000.0,50000.0,97148.74700463422,1,adjusted_gross_income/count
5001800US0643,CA-43,50000.0,75000.0,56807.85558266118,1,adjusted_gross_income/count
5001800US0643,CA-43,75000.0,100000.0,31560.171423631124,1,adjusted_gross_income/count
5001800US0643,CA-43,100000.0,200000.0,43589.87007064414,1,adjusted_gross_income/count
5001800US0643,CA-43,200000.0,500000.0,14521.592358486312,1,adjusted_gross_income/count
5001800US0643,CA-43,500000.0,inf,2252.9696752523605,1,adjusted_gross_income/count
5001800US0644,CA-44,-inf,1.0,-256106987.33015642,0,adjusted_gross_income/amount
5001800US0644,CA-44,1.0,10000.0,173558608.52832678,0,adjusted_gross_income/amount
5001800US0644,CA-44,10000.0,25000.0,1124645371.9956026,0,adjusted_gross_income/amount
5001800US0644,CA-44,25000.0,50000.0,3522913960.667314,0,adjusted_gross_income/amount
5001800US0644,CA-44,50000.0,75000.0,3272974787.7399836,0,adjusted_gross_income/amount
5001800US0644,CA-44,75000.0,100000.0,2506403418.1844025,0,adjusted_gross_income/amount
5001800US0644,CA-44,100000.0,200000.0,5156798088.552563,0,adjusted_gross_income/amount
5001800US0644,CA-44,200000.0,500000.0,3135712019.059741,0,adjusted_gross_income/amount
5001800US0644,CA-44,500000.0,inf,3872559825.885127,0,adjusted_gross_income/amount
5001800US0644,CA-44,-inf,1.0,4979.555620353661,1,adjusted_gross_income/count
5001800US0644,CA-44,1.0,10000.0,33025.55589278648,1,adjusted_gross_income/count
5001800US0644,CA-44,10000.0,25000.0,65378.849106033915,1,adjusted_gross_income/count
5001800US0644,CA-44,25000.0,50000.0,95624.00896846384,1,adjusted_gross_income/count
5001800US0644,CA-44,50000.0,75000.0,53463.093503254815,1,adjusted_gross_income/count
5001800US0644,CA-44,75000.0,100000.0,29033.19253292602,1,adjusted_gross_income/count
5001800US0644,CA-44,100000.0,200000.0,38060.91505257811,1,adjusted_gross_income/count
5001800US0644,CA-44,200000.0,500000.0,11172.252328341301,1,adjusted_gross_income/count
5001800US0644,CA-44,500000.0,inf,2271.038013718178,1,adjusted_gross_income/count
5001800US0645,CA-45,-inf,1.0,-651228019.6985214,0,adjusted_gross_income/amount
5001800US0645,CA-45,1.0,10000.0,192439488.99509108,0,adjusted_gross_income/amount
5001800US0645,CA-45,10000.0,25000.0,1081587640.411221,0,adjusted_gross_income/amount
5001800US0645,CA-45,25000.0,50000.0,3338078743.1517477,0,adjusted_gross_income/amount
5001800US0645,CA-45,50000.0,75000.0,3644393499.139282,0,adjusted_gross_income/amount
5001800US0645,CA-45,75000.0,100000.0,3374664600.098167,0,adjusted_gross_income/amount
5001800US0645,CA-45,100000.0,200000.0,9842135321.403534,0,adjusted_gross_income/amount
5001800US0645,CA-45,200000.0,500000.0,8761110948.223965,0,adjusted_gross_income/amount
5001800US0645,CA-45,500000.0,inf,9544922572.647526,0,adjusted_gross_income/amount
5001800US0645,CA-45,-inf,1.0,7791.526926346911,1,adjusted_gross_income/count
5001800US0645,CA-45,1.0,10000.0,38203.26903622157,1,adjusted_gross_income/count
5001800US0645,CA-45,10000.0,25000.0,62736.13738445293,1,adjusted_gross_income/count
5001800US0645,CA-45,25000.0,50000.0,90434.66296048024,1,adjusted_gross_income/count
5001800US0645,CA-45,50000.0,75000.0,59113.606879137726,1,adjusted_gross_income/count
5001800US0645,CA-45,75000.0,100000.0,38912.32155664102,1,adjusted_gross_income/count
5001800US0645,CA-45,100000.0,200000.0,70639.07084767413,1,adjusted_gross_income/count
5001800US0645,CA-45,200000.0,500000.0,30779.515293489694,1,adjusted_gross_income/count
5001800US0645,CA-45,500000.0,inf,6223.722311872745,1,adjusted_gross_income/count
5001800US0646,CA-46,-inf,1.0,-323693951.2199472,0,adjusted_gross_income/amount
5001800US0646,CA-46,1.0,10000.0,176375660.5509416,0,adjusted_gross_income/amount
5001800US0646,CA-46,10000.0,25000.0,1084505036.4954991,0,adjusted_gross_income/amount
5001800US0646,CA-46,25000.0,50000.0,3820121448.9476786,0,adjusted_gross_income/amount
5001800US0646,CA-46,50000.0,75000.0,3585434757.9319534,0,adjusted_gross_income/amount
5001800US0646,CA-46,75000.0,100000.0,2819984031.645102,0,adjusted_gross_income/amount
5001800US0646,CA-46,100000.0,200000.0,6282675449.734609,0,adjusted_gross_income/amount
5001800US0646,CA-46,200000.0,500000.0,3981063539.566489,0,adjusted_gross_income/amount
5001800US0646,CA-46,500000.0,inf,3921579293.5213265,0,adjusted_gross_income/amount
5001800US0646,CA-46,-inf,1.0,7000.305759289435,1,adjusted_gross_income/count
5001800US0646,CA-46,1.0,10000.0,34060.86328504932,1,adjusted_gross_income/count
5001800US0646,CA-46,10000.0,25000.0,62536.726017044595,1,adjusted_gross_income/count
5001800US0646,CA-46,25000.0,50000.0,103263.7114433577,1,adjusted_gross_income/count
5001800US0646,CA-46,50000.0,75000.0,58584.965364642674,1,adjusted_gross_income/count
5001800US0646,CA-46,75000.0,100000.0,32641.750729113995,1,adjusted_gross_income/count
5001800US0646,CA-46,100000.0,200000.0,46155.695062289386,1,adjusted_gross_income/count
5001800US0646,CA-46,200000.0,500000.0,14252.940334966082,1,adjusted_gross_income/count
5001800US0646,CA-46,500000.0,inf,2434.455495476362,1,adjusted_gross_income/count
5001800US0647,CA-47,-inf,1.0,-1103119538.1560264,0,adjusted_gross_income/amount
5001800US0647,CA-47,1.0,10000.0,137616969.86775136,0,adjusted_gross_income/amount
5001800US0647,CA-47,10000.0,25000.0,662455507.0586493,0,adjusted_gross_income/amount
5001800US0647,CA-47,25000.0,50000.0,1877056647.8749309,0,adjusted_gross_income/amount
5001800US0647,CA-47,50000.0,75000.0,2295321018.949679,0,adjusted_gross_income/amount
5001800US0647,CA-47,75000.0,100000.0,2388410597.5028872,0,adjusted_gross_income/amount
5001800US0647,CA-47,100000.0,200000.0,8129926540.226643,0,adjusted_gross_income/amount
5001800US0647,CA-47,200000.0,500000.0,10738249139.529066,0,adjusted_gross_income/amount
5001800US0647,CA-47,500000.0,inf,19769402974.613132,0,adjusted_gross_income/amount
5001800US0647,CA-47,-inf,1.0,7507.5311612237565,1,adjusted_gross_income/count
5001800US0647,CA-47,1.0,10000.0,28500.58412522731,1,adjusted_gross_income/count
5001800US0647,CA-47,10000.0,25000.0,38700.55003747095,1,adjusted_gross_income/count
5001800US0647,CA-47,25000.0,50000.0,50827.41464066746,1,adjusted_gross_income/count
5001800US0647,CA-47,50000.0,75000.0,37039.43070960584,1,adjusted_gross_income/count
5001800US0647,CA-47,75000.0,100000.0,27476.17491550106,1,adjusted_gross_income/count
5001800US0647,CA-47,100000.0,200000.0,57509.24888591598,1,adjusted_gross_income/count
5001800US0647,CA-47,200000.0,500000.0,36266.27176221566,1,adjusted_gross_income/count
5001800US0647,CA-47,500000.0,inf,11519.106715944345,1,adjusted_gross_income/count
5001800US0648,CA-48,-inf,1.0,-540064573.1673454,0,adjusted_gross_income/amount
5001800US0648,CA-48,1.0,10000.0,160350588.0271043,0,adjusted_gross_income/amount
5001800US0648,CA-48,10000.0,25000.0,892628391.554352,0,adjusted_gross_income/amount
5001800US0648,CA-48,25000.0,50000.0,2870165223.8654003,0,adjusted_gross_income/amount
5001800US0648,CA-48,50000.0,75000.0,3192406554.6461296,0,adjusted_gross_income/amount
5001800US0648,CA-48,75000.0,100000.0,3119745986.9816875,0,adjusted_gross_income/amount
5001800US0648,CA-48,100000.0,200000.0,10030747231.56101,0,adjusted_gross_income/amount
5001800US0648,CA-48,200000.0,500000.0,8472705892.773379,0,adjusted_gross_income/amount
5001800US0648,CA-48,500000.0,inf,5735399164.036475,0,adjusted_gross_income/amount
5001800US0648,CA-48,-inf,1.0,6723.55082135061,1,adjusted_gross_income/count
5001800US0648,CA-48,1.0,10000.0,31489.016693001115,1,adjusted_gross_income/count
5001800US0648,CA-48,10000.0,25000.0,51720.91479811728,1,adjusted_gross_income/count
5001800US0648,CA-48,25000.0,50000.0,77611.27763561206,1,adjusted_gross_income/count
5001800US0648,CA-48,50000.0,75000.0,51781.988395846834,1,adjusted_gross_income/count
5001800US0648,CA-48,75000.0,100000.0,35936.93180034709,1,adjusted_gross_income/count
5001800US0648,CA-48,100000.0,200000.0,71697.54144818954,1,adjusted_gross_income/count
5001800US0648,CA-48,200000.0,500000.0,30026.38217958453,1,adjusted_gross_income/count
5001800US0648,CA-48,500000.0,inf,4620.8197468976505,1,adjusted_gross_income/count
5001800US0649,CA-49,-inf,1.0,-1316413288.2546718,0,adjusted_gross_income/amount
5001800US0649,CA-49,1.0,10000.0,163261580.7173977,0,adjusted_gross_income/amount
5001800US0649,CA-49,10000.0,25000.0,805003903.8485368,0,adjusted_gross_income/amount
5001800US0649,CA-49,25000.0,50000.0,2651192748.1814446,0,adjusted_gross_income/amount
5001800US0649,CA-49,50000.0,75000.0,3008974229.125593,0,adjusted_gross_income/amount
5001800US0649,CA-49,75000.0,100000.0,2962917323.438885,0,adjusted_gross_income/amount
5001800US0649,CA-49,100000.0,200000.0,10126256708.6456,0,adjusted_gross_income/amount
5001800US0649,CA-49,200000.0,500000.0,14726832900.389421,0,adjusted_gross_income/amount
5001800US0649,CA-49,500000.0,inf,24803641741.528507,0,adjusted_gross_income/amount
5001800US0649,CA-49,-inf,1.0,8534.091390256062,1,adjusted_gross_income/count
5001800US0649,CA-49,1.0,10000.0,33218.59732284429,1,adjusted_gross_income/count
5001800US0649,CA-49,10000.0,25000.0,46731.545234569756,1,adjusted_gross_income/count
5001800US0649,CA-49,25000.0,50000.0,71768.63706311394,1,adjusted_gross_income/count
5001800US0649,CA-49,50000.0,75000.0,48799.27822910579,1,adjusted_gross_income/count
5001800US0649,CA-49,75000.0,100000.0,34121.74049691154,1,adjusted_gross_income/count
5001800US0649,CA-49,100000.0,200000.0,71516.63436727312,1,adjusted_gross_income/count
5001800US0649,CA-49,200000.0,500000.0,48982.779167288354,1,adjusted_gross_income/count
5001800US0649,CA-49,500000.0,inf,16547.16936101247,1,adjusted_gross_income/count
5001800US0650,CA-50,-inf,1.0,-585134074.4872596,0,adjusted_gross_income/amount
5001800US0650,CA-50,1.0,10000.0,123471893.84838006,0,adjusted_gross_income/amount
5001800US0650,CA-50,10000.0,25000.0,631016403.3313158,0,adjusted_gross_income/amount
5001800US0650,CA-50,25000.0,50000.0,2078256129.722265,0,adjusted_gross_income/amount
5001800US0650,CA-50,50000.0,75000.0,2602509107.46595,0,adjusted_gross_income/amount
5001800US0650,CA-50,75000.0,100000.0,2653260516.3670616,0,adjusted_gross_income/amount
5001800US0650,CA-50,100000.0,200000.0,8865468392.933369,0,adjusted_gross_income/amount
5001800US0650,CA-50,200000.0,500000.0,10367272836.696486,0,adjusted_gross_income/amount
5001800US0650,CA-50,500000.0,inf,10641988699.542604,0,adjusted_gross_income/amount
5001800US0650,CA-50,-inf,1.0,5875.872500590765,1,adjusted_gross_income/count
5001800US0650,CA-50,1.0,10000.0,24851.608403805545,1,adjusted_gross_income/count
5001800US0650,CA-50,10000.0,25000.0,36629.09342357567,1,adjusted_gross_income/count
5001800US0650,CA-50,25000.0,50000.0,56017.53154455335,1,adjusted_gross_income/count
5001800US0650,CA-50,50000.0,75000.0,42107.54162999565,1,adjusted_gross_income/count
5001800US0650,CA-50,75000.0,100000.0,30538.476023219107,1,adjusted_gross_income/count
5001800US0650,CA-50,100000.0,200000.0,62933.42145705051,1,adjusted_gross_income/count
5001800US0650,CA-50,200000.0,500000.0,35276.42718691187,1,adjusted_gross_income/count
5001800US0650,CA-50,500000.0,inf,8435.209414095243,1,adjusted_gross_income/count
5001800US0651,CA-51,-inf,1.0,-664066662.2515465,0,adjusted_gross_income/amount
5001800US0651,CA-51,1.0,10000.0,178917591.6988383,0,adjusted_gross_income/amount
5001800US0651,CA-51,10000.0,25000.0,952433978.2169422,0,adjusted_gross_income/amount
5001800US0651,CA-51,25000.0,50000.0,3208951117.508986,0,adjusted_gross_income/amount
5001800US0651,CA-51,50000.0,75000.0,4081753953.2382317,0,adjusted_gross_income/amount
5001800US0651,CA-51,75000.0,100000.0,4077304513.333841,0,adjusted_gross_income/amount
5001800US0651,CA-51,100000.0,200000.0,12846348414.679205,0,adjusted_gross_income/amount
5001800US0651,CA-51,200000.0,500000.0,13466162001.632078,0,adjusted_gross_income/amount
5001800US0651,CA-51,500000.0,inf,12222882275.103607,0,adjusted_gross_income/amount
5001800US0651,CA-51,-inf,1.0,8149.434927452772,1,adjusted_gross_income/count
5001800US0651,CA-51,1.0,10000.0,35692.2965132654,1,adjusted_gross_income/count
5001800US0651,CA-51,10000.0,25000.0,55214.658912188796,1,adjusted_gross_income/count
5001800US0651,CA-51,25000.0,50000.0,86326.32295993305,1,adjusted_gross_income/count
5001800US0651,CA-51,50000.0,75000.0,66073.98386500032,1,adjusted_gross_income/count
5001800US0651,CA-51,75000.0,100000.0,46939.189455528845,1,adjusted_gross_income/count
5001800US0651,CA-51,100000.0,200000.0,91660.71339097971,1,adjusted_gross_income/count
5001800US0651,CA-51,200000.0,500000.0,46244.04780861561,1,adjusted_gross_income/count
5001800US0651,CA-51,500000.0,inf,10055.254289904737,1,adjusted_gross_income/count
5001800US0652,CA-52,-inf,1.0,-172311916.08310342,0,adjusted_gross_income/amount
5001800US0652,CA-52,1.0,10000.0,210058422.9938189,0,adjusted_gross_income/amount
5001800US0652,CA-52,10000.0,25000.0,1368797293.9273758,0,adjusted_gross_income/amount
5001800US0652,CA-52,25000.0,50000.0,4334321093.428651,0,adjusted_gross_income/amount
5001800US0652,CA-52,50000.0,75000.0,3971365547.1921453,0,adjusted_gross_income/amount
5001800US0652,CA-52,75000.0,100000.0,3120189286.968365,0,adjusted_gross_income/amount
5001800US0652,CA-52,100000.0,200000.0,6391741806.00014,0,adjusted_gross_income/amount
5001800US0652,CA-52,200000.0,500000.0,3061210771.259885,0,adjusted_gross_income/amount
5001800US0652,CA-52,500000.0,inf,1577158456.2731552,0,adjusted_gross_income/amount
5001800US0652,CA-52,-inf,1.0,7951.23144624822,1,adjusted_gross_income/count
5001800US0652,CA-52,1.0,10000.0,38961.51011420549,1,adjusted_gross_income/count
5001800US0652,CA-52,10000.0,25000.0,79177.69349024534,1,adjusted_gross_income/count
5001800US0652,CA-52,25000.0,50000.0,118229.34657699837,1,adjusted_gross_income/count
5001800US0652,CA-52,50000.0,75000.0,64863.36632551245,1,adjusted_gross_income/count
5001800US0652,CA-52,75000.0,100000.0,36104.5551812781,1,adjusted_gross_income/count
5001800US0652,CA-52,100000.0,200000.0,47447.381055226615,1,adjusted_gross_income/count
5001800US0652,CA-52,200000.0,500000.0,11183.131630637936,1,adjusted_gross_income/count
5001800US0652,CA-52,500000.0,inf,1345.195475332725,1,adjusted_gross_income/count
5001800US0801,CO-01,-inf,1.0,-408308950.89529777,0,adjusted_gross_income/amount
5001800US0801,CO-01,1.0,10000.0,150299630.25038612,0,adjusted_gross_income/amount
5001800US0801,CO-01,10000.0,25000.0,813520807.1096568,0,adjusted_gross_income/amount
5001800US0801,CO-01,25000.0,50000.0,2969152334.9429674,0,adjusted_gross_income/amount
5001800US0801,CO-01,50000.0,75000.0,3949379656.0585732,0,adjusted_gross_income/amount
5001800US0801,CO-01,75000.0,100000.0,3421172745.795245,0,adjusted_gross_income/amount
5001800US0801,CO-01,100000.0,200000.0,8610952953.57463,0,adjusted_gross_income/amount
5001800US0801,CO-01,200000.0,500000.0,8957058870.201601,0,adjusted_gross_income/amount
5001800US0801,CO-01,500000.0,inf,15271509494.701662,0,adjusted_gross_income/amount
5001800US0801,CO-01,-inf,1.0,5682.6938088428915,1,adjusted_gross_income/count
5001800US0801,CO-01,1.0,10000.0,30891.936287561282,1,adjusted_gross_income/count
5001800US0801,CO-01,10000.0,25000.0,47085.17085205572,1,adjusted_gross_income/count
5001800US0801,CO-01,25000.0,50000.0,78892.42764330363,1,adjusted_gross_income/count
5001800US0801,CO-01,50000.0,75000.0,64083.39482600563,1,adjusted_gross_income/count
5001800US0801,CO-01,75000.0,100000.0,39589.36428081513,1,adjusted_gross_income/count
5001800US0801,CO-01,100000.0,200000.0,62234.13239014211,1,adjusted_gross_income/count
5001800US0801,CO-01,200000.0,500000.0,30262.25270984979,1,adjusted_gross_income/count
5001800US0801,CO-01,500000.0,inf,9255.75005091918,1,adjusted_gross_income/count
5001800US0802,CO-02,-inf,1.0,-561087505.6037863,0,adjusted_gross_income/amount
5001800US0802,CO-02,1.0,10000.0,181068079.20227468,0,adjusted_gross_income/amount
5001800US0802,CO-02,10000.0,25000.0,806066887.3029023,0,adjusted_gross_income/amount
5001800US0802,CO-02,25000.0,50000.0,2656413086.0685353,0,adjusted_gross_income/amount
5001800US0802,CO-02,50000.0,75000.0,3164068695.259972,0,adjusted_gross_income/amount
5001800US0802,CO-02,75000.0,100000.0,3082520330.7003393,0,adjusted_gross_income/amount
5001800US0802,CO-02,100000.0,200000.0,10223478208.521362,0,adjusted_gross_income/amount
5001800US0802,CO-02,200000.0,500000.0,10944699968.573206,0,adjusted_gross_income/amount
5001800US0802,CO-02,500000.0,inf,12765181919.178822,0,adjusted_gross_income/amount
5001800US0802,CO-02,-inf,1.0,6790.563910937492,1,adjusted_gross_income/count
5001800US0802,CO-02,1.0,10000.0,37356.8293860464,1,adjusted_gross_income/count
5001800US0802,CO-02,10000.0,25000.0,46922.09773810289,1,adjusted_gross_income/count
5001800US0802,CO-02,25000.0,50000.0,71202.36592033324,1,adjusted_gross_income/count
5001800US0802,CO-02,50000.0,75000.0,51354.93358729317,1,adjusted_gross_income/count
5001800US0802,CO-02,75000.0,100000.0,35488.033268276646,1,adjusted_gross_income/count
5001800US0802,CO-02,100000.0,200000.0,72742.70873287514,1,adjusted_gross_income/count
5001800US0802,CO-02,200000.0,500000.0,37348.21797997592,1,adjusted_gross_income/count
5001800US0802,CO-02,500000.0,inf,9414.273886905108,1,adjusted_gross_income/count
5001800US0803,CO-03,-inf,1.0,-514950390.333854,0,adjusted_gross_income/amount
5001800US0803,CO-03,1.0,10000.0,202019898.72793743,0,adjusted_gross_income/amount
5001800US0803,CO-03,10000.0,25000.0,1019450805.8601325,0,adjusted_gross_income/amount
5001800US0803,CO-03,25000.0,50000.0,3290457193.3342977,0,adjusted_gross_income/amount
5001800US0803,CO-03,50000.0,75000.0,3501500034.212047,0,adjusted_gross_income/amount
5001800US0803,CO-03,75000.0,100000.0,3131587699.7499413,0,adjusted_gross_income/amount
5001800US0803,CO-03,100000.0,200000.0,7740150259.057161,0,adjusted_gross_income/amount
5001800US0803,CO-03,200000.0,500000.0,5449297110.599157,0,adjusted_gross_income/amount
5001800US0803,CO-03,500000.0,inf,8550760205.276308,0,adjusted_gross_income/amount
5001800US0803,CO-03,-inf,1.0,8713.847796498381,1,adjusted_gross_income/count
5001800US0803,CO-03,1.0,10000.0,41508.037942842035,1,adjusted_gross_income/count
5001800US0803,CO-03,10000.0,25000.0,58968.55304871268,1,adjusted_gross_income/count
5001800US0803,CO-03,25000.0,50000.0,89004.19900193994,1,adjusted_gross_income/count
5001800US0803,CO-03,50000.0,75000.0,56968.82013004839,1,adjusted_gross_income/count
5001800US0803,CO-03,75000.0,100000.0,36153.007635346665,1,adjusted_gross_income/count
5001800US0803,CO-03,100000.0,200000.0,56802.880994782914,1,adjusted_gross_income/count
5001800US0803,CO-03,200000.0,500000.0,18789.781536191957,1,adjusted_gross_income/count
5001800US0803,CO-03,500000.0,inf,5265.003653973418,1,adjusted_gross_income/count
5001800US0804,CO-04,-inf,1.0,-344344087.9924575,0,adjusted_gross_income/amount
5001800US0804,CO-04,1.0,10000.0,157527932.1132115,0,adjusted_gross_income/amount
5001800US0804,CO-04,10000.0,25000.0,734398661.8151232,0,adjusted_gross_income/amount
5001800US0804,CO-04,25000.0,50000.0,2429907519.394686,0,adjusted_gross_income/amount
5001800US0804,CO-04,50000.0,75000.0,2934926980.4156275,0,adjusted_gross_income/amount
5001800US0804,CO-04,75000.0,100000.0,2869760711.6006894,0,adjusted_gross_income/amount
5001800US0804,CO-04,100000.0,200000.0,9229715385.633131,0,adjusted_gross_income/amount
5001800US0804,CO-04,200000.0,500000.0,8541481809.674861,0,adjusted_gross_income/amount
5001800US0804,CO-04,500000.0,inf,7455289570.765872,0,adjusted_gross_income/amount
5001800US0804,CO-04,-inf,1.0,5690.674345295906,1,adjusted_gross_income/count
5001800US0804,CO-04,1.0,10000.0,32035.842935083645,1,adjusted_gross_income/count
5001800US0804,CO-04,10000.0,25000.0,42738.53163419003,1,adjusted_gross_income/count
5001800US0804,CO-04,25000.0,50000.0,65056.19333999467,1,adjusted_gross_income/count
5001800US0804,CO-04,50000.0,75000.0,47633.93606837731,1,adjusted_gross_income/count
5001800US0804,CO-04,75000.0,100000.0,33050.69515409038,1,adjusted_gross_income/count
5001800US0804,CO-04,100000.0,200000.0,65930.52573186532,1,adjusted_gross_income/count
5001800US0804,CO-04,200000.0,500000.0,29683.001580509746,1,adjusted_gross_income/count
5001800US0804,CO-04,500000.0,inf,5917.088929016321,1,adjusted_gross_income/count
5001800US0805,CO-05,-inf,1.0,-170274206.5050307,0,adjusted_gross_income/amount
5001800US0805,CO-05,1.0,10000.0,165630382.97239238,0,adjusted_gross_income/amount
5001800US0805,CO-05,10000.0,25000.0,876065981.1809224,0,adjusted_gross_income/amount
5001800US0805,CO-05,25000.0,50000.0,2998535737.148296,0,adjusted_gross_income/amount
5001800US0805,CO-05,50000.0,75000.0,3176378636.512461,0,adjusted_gross_income/amount
5001800US0805,CO-05,75000.0,100000.0,3022316584.491035,0,adjusted_gross_income/amount
5001800US0805,CO-05,100000.0,200000.0,8452155898.977344,0,adjusted_gross_income/amount
5001800US0805,CO-05,200000.0,500000.0,5603502053.234384,0,adjusted_gross_income/amount
5001800US0805,CO-05,500000.0,inf,3726112686.4480014,0,adjusted_gross_income/amount
5001800US0805,CO-05,-inf,1.0,5794.704901925329,1,adjusted_gross_income/count
5001800US0805,CO-05,1.0,10000.0,33843.545479426444,1,adjusted_gross_income/count
5001800US0805,CO-05,10000.0,25000.0,50522.631088482776,1,adjusted_gross_income/count
5001800US0805,CO-05,25000.0,50000.0,81149.1873279828,1,adjusted_gross_income/count
5001800US0805,CO-05,50000.0,75000.0,51624.90140419047,1,adjusted_gross_income/count
5001800US0805,CO-05,75000.0,100000.0,34840.02803514671,1,adjusted_gross_income/count
5001800US0805,CO-05,100000.0,200000.0,61301.95404065137,1,adjusted_gross_income/count
5001800US0805,CO-05,200000.0,500000.0,20042.32813855015,1,adjusted_gross_income/count
5001800US0805,CO-05,500000.0,inf,3140.00486734662,1,adjusted_gross_income/count
5001800US0806,CO-06,-inf,1.0,-363957832.2187357,0,adjusted_gross_income/amount
5001800US0806,CO-06,1.0,10000.0,204827849.36064926,0,adjusted_gross_income/amount
5001800US0806,CO-06,10000.0,25000.0,998151726.409301,0,adjusted_gross_income/amount
5001800US0806,CO-06,25000.0,50000.0,3366220615.777989,0,adjusted_gross_income/amount
5001800US0806,CO-06,50000.0,75000.0,4211093340.0314555,0,adjusted_gross_income/amount
5001800US0806,CO-06,75000.0,100000.0,3851632650.6994677,0,adjusted_gross_income/amount
5001800US0806,CO-06,100000.0,200000.0,11451424634.34625,0,adjusted_gross_income/amount
5001800US0806,CO-06,200000.0,500000.0,10681365162.25096,0,adjusted_gross_income/amount
5001800US0806,CO-06,500000.0,inf,11164328456.450026,0,adjusted_gross_income/amount
5001800US0806,CO-06,-inf,1.0,6217.238003134471,1,adjusted_gross_income/count
5001800US0806,CO-06,1.0,10000.0,41720.73062172428,1,adjusted_gross_income/count
5001800US0806,CO-06,10000.0,25000.0,58061.27929720976,1,adjusted_gross_income/count
5001800US0806,CO-06,25000.0,50000.0,89754.30802080601,1,adjusted_gross_income/count
5001800US0806,CO-06,50000.0,75000.0,68319.72520816812,1,adjusted_gross_income/count
5001800US0806,CO-06,75000.0,100000.0,44452.777736502874,1,adjusted_gross_income/count
5001800US0806,CO-06,100000.0,200000.0,81907.4027336256,1,adjusted_gross_income/count
5001800US0806,CO-06,200000.0,500000.0,37006.298891502345,1,adjusted_gross_income/count
5001800US0806,CO-06,500000.0,inf,7995.1463614748345,1,adjusted_gross_income/count
5001800US0807,CO-07,-inf,1.0,-337201982.4397262,0,adjusted_gross_income/amount
5001800US0807,CO-07,1.0,10000.0,195284032.5202679,0,adjusted_gross_income/amount
5001800US0807,CO-07,10000.0,25000.0,986803570.5817906,0,adjusted_gross_income/amount
5001800US0807,CO-07,25000.0,50000.0,3469067205.7079725,0,adjusted_gross_income/amount
5001800US0807,CO-07,50000.0,75000.0,4167329895.5357327,0,adjusted_gross_income/amount
5001800US0807,CO-07,75000.0,100000.0,3838411140.1093597,0,adjusted_gross_income/amount
5001800US0807,CO-07,100000.0,200000.0,10857969676.376596,0,adjusted_gross_income/amount
5001800US0807,CO-07,200000.0,500000.0,9228311217.081636,0,adjusted_gross_income/amount
5001800US0807,CO-07,500000.0,inf,8167111990.00882,0,adjusted_gross_income/amount
5001800US0807,CO-07,-inf,1.0,6520.649575327797,1,adjusted_gross_income/count
5001800US0807,CO-07,1.0,10000.0,39885.88527581935,1,adjusted_gross_income/count
5001800US0807,CO-07,10000.0,25000.0,57139.06055701691,1,adjusted_gross_income/count
5001800US0807,CO-07,25000.0,50000.0,92640.02112262887,1,adjusted_gross_income/count
5001800US0807,CO-07,50000.0,75000.0,67658.23997648897,1,adjusted_gross_income/count
5001800US0807,CO-07,75000.0,100000.0,44254.62732604228,1,adjusted_gross_income/count
5001800US0807,CO-07,100000.0,200000.0,78251.73041301951,1,adjusted_gross_income/count
5001800US0807,CO-07,200000.0,500000.0,32132.006121325805,1,adjusted_gross_income/count
5001800US0807,CO-07,500000.0,inf,6436.853387185561,1,adjusted_gross_income/count
5001800US0808,CO-08,-inf,1.0,-246269439.3878779,0,adjusted_gross_income/amount
5001800US0808,CO-08,1.0,10000.0,160425364.31683683,0,adjusted_gross_income/amount
5001800US0808,CO-08,10000.0,25000.0,808341540.6183571,0,adjusted_gross_income/amount
5001800US0808,CO-08,25000.0,50000.0,2824051090.9628243,0,adjusted_gross_income/amount
5001800US0808,CO-08,50000.0,75000.0,3460553580.8119364,0,adjusted_gross_income/amount
5001800US0808,CO-08,75000.0,100000.0,3219138738.081033,0,adjusted_gross_income/amount
5001800US0808,CO-08,100000.0,200000.0,9216685972.555452,0,adjusted_gross_income/amount
5001800US0808,CO-08,200000.0,500000.0,7540576887.902477,0,adjusted_gross_income/amount
5001800US0808,CO-08,500000.0,inf,5447908717.335277,0,adjusted_gross_income/amount
5001800US0808,CO-08,-inf,1.0,5395.451523712598,1,adjusted_gross_income/count
5001800US0808,CO-08,1.0,10000.0,32522.684279459925,1,adjusted_gross_income/count
5001800US0808,CO-08,10000.0,25000.0,46867.32903585583,1,adjusted_gross_income/count
5001800US0808,CO-08,25000.0,50000.0,75283.3289753427,1,adjusted_gross_income/count
5001800US0808,CO-08,50000.0,75000.0,56176.15909986962,1,adjusted_gross_income/count
5001800US0808,CO-08,75000.0,100000.0,37108.974649951226,1,adjusted_gross_income/count
5001800US0808,CO-08,100000.0,200000.0,66404.87418358879,1,adjusted_gross_income/count
5001800US0808,CO-08,200000.0,500000.0,26457.62778299015,1,adjusted_gross_income/count
5001800US0808,CO-08,500000.0,inf,4595.718457944684,1,adjusted_gross_income/count
5001800US0901,CT-01,-inf,1.0,-175781920.00408813,0,adjusted_gross_income/amount
5001800US0901,CT-01,1.0,10000.0,189983707.32355878,0,adjusted_gross_income/amount
5001800US0901,CT-01,10000.0,25000.0,937734864.4045831,0,adjusted_gross_income/amount
5001800US0901,CT-01,25000.0,50000.0,2967407742.853864,0,adjusted_gross_income/amount
5001800US0901,CT-01,50000.0,75000.0,3579121401.2764726,0,adjusted_gross_income/amount
5001800US0901,CT-01,75000.0,100000.0,3406539437.6338296,0,adjusted_gross_income/amount
5001800US0901,CT-01,100000.0,200000.0,9390533735.567894,0,adjusted_gross_income/amount
5001800US0901,CT-01,200000.0,500000.0,7343952373.438315,0,adjusted_gross_income/amount
5001800US0901,CT-01,500000.0,inf,5641329580.382659,0,adjusted_gross_income/amount
5001800US0901,CT-01,-inf,1.0,4984.827716498711,1,adjusted_gross_income/count
5001800US0901,CT-01,1.0,10000.0,36697.94438753345,1,adjusted_gross_income/count
5001800US0901,CT-01,10000.0,25000.0,54802.80093598726,1,adjusted_gross_income/count
5001800US0901,CT-01,25000.0,50000.0,80064.25294367237,1,adjusted_gross_income/count
5001800US0901,CT-01,50000.0,75000.0,57935.575475875885,1,adjusted_gross_income/count
5001800US0901,CT-01,75000.0,100000.0,39301.27338937373,1,adjusted_gross_income/count
5001800US0901,CT-01,100000.0,200000.0,67539.18786396441,1,adjusted_gross_income/count
5001800US0901,CT-01,200000.0,500000.0,25987.854110278335,1,adjusted_gross_income/count
5001800US0901,CT-01,500000.0,inf,4487.895430814394,1,adjusted_gross_income/count
5001800US0902,CT-02,-inf,1.0,-290826154.2059369,0,adjusted_gross_income/amount
5001800US0902,CT-02,1.0,10000.0,177847626.87070364,0,adjusted_gross_income/amount
5001800US0902,CT-02,10000.0,25000.0,830700572.8156111,0,adjusted_gross_income/amount
5001800US0902,CT-02,25000.0,50000.0,2755007316.552935,0,adjusted_gross_income/amount
5001800US0902,CT-02,50000.0,75000.0,3504062256.233038,0,adjusted_gross_income/amount
5001800US0902,CT-02,75000.0,100000.0,3541458419.197224,0,adjusted_gross_income/amount
5001800US0902,CT-02,100000.0,200000.0,10660582518.706728,0,adjusted_gross_income/amount
5001800US0902,CT-02,200000.0,500000.0,7660877541.517711,0,adjusted_gross_income/amount
5001800US0902,CT-02,500000.0,inf,6439210719.535097,0,adjusted_gross_income/amount
5001800US0902,CT-02,-inf,1.0,4971.910007854676,1,adjusted_gross_income/count
5001800US0902,CT-02,1.0,10000.0,34574.76351406393,1,adjusted_gross_income/count
5001800US0902,CT-02,10000.0,25000.0,48390.39586121352,1,adjusted_gross_income/count
5001800US0902,CT-02,25000.0,50000.0,74111.34899216138,1,adjusted_gross_income/count
5001800US0902,CT-02,50000.0,75000.0,56573.7366122971,1,adjusted_gross_income/count
5001800US0902,CT-02,75000.0,100000.0,40782.90963983399,1,adjusted_gross_income/count
5001800US0902,CT-02,100000.0,200000.0,76454.07210491062,1,adjusted_gross_income/count
5001800US0902,CT-02,200000.0,500000.0,27324.289075779583,1,adjusted_gross_income/count
5001800US0902,CT-02,500000.0,inf,4655.408615571627,1,adjusted_gross_income/count
5001800US0903,CT-03,-inf,1.0,-268369926.63307878,0,adjusted_gross_income/amount
5001800US0903,CT-03,1.0,10000.0,190711193.11087883,0,adjusted_gross_income/amount
5001800US0903,CT-03,10000.0,25000.0,936825875.0096431,0,adjusted_gross_income/amount
5001800US0903,CT-03,25000.0,50000.0,2906879470.515271,0,adjusted_gross_income/amount
5001800US0903,CT-03,50000.0,75000.0,3582047235.9950185,0,adjusted_gross_income/amount
5001800US0903,CT-03,75000.0,100000.0,3371770512.774392,0,adjusted_gross_income/amount
5001800US0903,CT-03,100000.0,200000.0,9226095128.194012,0,adjusted_gross_income/amount
5001800US0903,CT-03,200000.0,500000.0,6806832243.606226,0,adjusted_gross_income/amount
5001800US0903,CT-03,500000.0,inf,6574805394.14902,0,adjusted_gross_income/amount
5001800US0903,CT-03,-inf,1.0,4828.830809554428,1,adjusted_gross_income/count
5001800US0903,CT-03,1.0,10000.0,37477.38900883006,1,adjusted_gross_income/count
5001800US0903,CT-03,10000.0,25000.0,54575.121464674616,1,adjusted_gross_income/count
5001800US0903,CT-03,25000.0,50000.0,78372.20333124067,1,adjusted_gross_income/count
5001800US0903,CT-03,50000.0,75000.0,57997.97368370586,1,adjusted_gross_income/count
5001800US0903,CT-03,75000.0,100000.0,38929.02596981105,1,adjusted_gross_income/count
5001800US0903,CT-03,100000.0,200000.0,66349.68845950047,1,adjusted_gross_income/count
5001800US0903,CT-03,200000.0,500000.0,24065.6478330821,1,adjusted_gross_income/count
5001800US0903,CT-03,500000.0,inf,4806.048526529982,1,adjusted_gross_income/count
5001800US0904,CT-04,-inf,1.0,-935478311.5995737,0,adjusted_gross_income/amount
5001800US0904,CT-04,1.0,10000.0,193294653.5604185,0,adjusted_gross_income/amount
5001800US0904,CT-04,10000.0,25000.0,812560777.0487479,0,adjusted_gross_income/amount
5001800US0904,CT-04,25000.0,50000.0,2281034461.579473,0,adjusted_gross_income/amount
5001800US0904,CT-04,50000.0,75000.0,2634013270.217389,0,adjusted_gross_income/amount
5001800US0904,CT-04,75000.0,100000.0,2581068447.1913395,0,adjusted_gross_income/amount
5001800US0904,CT-04,100000.0,200000.0,8406056413.275332,0,adjusted_gross_income/amount
5001800US0904,CT-04,200000.0,500000.0,14282377177.35887,0,adjusted_gross_income/amount
5001800US0904,CT-04,500000.0,inf,51810945301.464584,0,adjusted_gross_income/amount
5001800US0904,CT-04,-inf,1.0,7090.81090947738,1,adjusted_gross_income/count
5001800US0904,CT-04,1.0,10000.0,40821.238061219614,1,adjusted_gross_income/count
5001800US0904,CT-04,10000.0,25000.0,47822.376147278446,1,adjusted_gross_income/count
5001800US0904,CT-04,25000.0,50000.0,61851.81257447607,1,adjusted_gross_income/count
5001800US0904,CT-04,50000.0,75000.0,42719.720029325035,1,adjusted_gross_income/count
5001800US0904,CT-04,75000.0,100000.0,29767.22125534074,1,adjusted_gross_income/count
5001800US0904,CT-04,100000.0,200000.0,59263.18375406744,1,adjusted_gross_income/count
5001800US0904,CT-04,200000.0,500000.0,46392.69242027223,1,adjusted_gross_income/count
5001800US0904,CT-04,500000.0,inf,25938.00983457032,1,adjusted_gross_income/count
5001800US0905,CT-05,-inf,1.0,-282452845.32315606,0,adjusted_gross_income/amount
5001800US0905,CT-05,1.0,10000.0,198889615.6835128,0,adjusted_gross_income/amount
5001800US0905,CT-05,10000.0,25000.0,941605831.458871,0,adjusted_gross_income/amount
5001800US0905,CT-05,25000.0,50000.0,2867963361.324387,0,adjusted_gross_income/amount
5001800US0905,CT-05,50000.0,75000.0,3264648003.204069,0,adjusted_gross_income/amount
5001800US0905,CT-05,75000.0,100000.0,3079444689.1470695,0,adjusted_gross_income/amount
5001800US0905,CT-05,100000.0,200000.0,9031531534.611532,0,adjusted_gross_income/amount
5001800US0905,CT-05,200000.0,500000.0,8107992504.88312,0,adjusted_gross_income/amount
5001800US0905,CT-05,500000.0,inf,7995731310.848332,0,adjusted_gross_income/amount
5001800US0905,CT-05,-inf,1.0,5303.995715073505,1,adjusted_gross_income/count
5001800US0905,CT-05,1.0,10000.0,39863.87949244295,1,adjusted_gross_income/count
5001800US0905,CT-05,10000.0,25000.0,55045.96932039861,1,adjusted_gross_income/count
5001800US0905,CT-05,25000.0,50000.0,77750.5881835871,1,adjusted_gross_income/count
5001800US0905,CT-05,50000.0,75000.0,52886.679760363564,1,adjusted_gross_income/count
5001800US0905,CT-05,75000.0,100000.0,35535.255493746045,1,adjusted_gross_income/count
5001800US0905,CT-05,100000.0,200000.0,64597.944460130464,1,adjusted_gross_income/count
5001800US0905,CT-05,200000.0,500000.0,28220.41074803612,1,adjusted_gross_income/count
5001800US0905,CT-05,500000.0,inf,6082.014290723157,1,adjusted_gross_income/count
5001800US1000,DE-01,-inf,1.0,-280580216.2198764,0,adjusted_gross_income/amount
5001800US1000,DE-01,1.0,10000.0,259068412.351495,0,adjusted_gross_income/amount
5001800US1000,DE-01,10000.0,25000.0,1375698419.5229647,0,adjusted_gross_income/amount
5001800US1000,DE-01,25000.0,50000.0,4305059177.320048,0,adjusted_gross_income/amount
5001800US1000,DE-01,50000.0,75000.0,4664539868.335968,0,adjusted_gross_income/amount
5001800US1000,DE-01,75000.0,100000.0,4444681489.888803,0,adjusted_gross_income/amount
5001800US1000,DE-01,100000.0,200000.0,12450224402.100931,0,adjusted_gross_income/amount
5001800US1000,DE-01,200000.0,500000.0,8550086975.307791,0,adjusted_gross_income/amount
5001800US1000,DE-01,500000.0,inf,6880304185.5912,0,adjusted_gross_income/amount
5001800US1000,DE-01,-inf,1.0,6221.121289674472,1,adjusted_gross_income/count
5001800US1000,DE-01,1.0,10000.0,49897.1464961467,1,adjusted_gross_income/count
5001800US1000,DE-01,10000.0,25000.0,79987.24624632657,1,adjusted_gross_income/count
5001800US1000,DE-01,25000.0,50000.0,116745.12859168238,1,adjusted_gross_income/count
5001800US1000,DE-01,50000.0,75000.0,75740.48469861319,1,adjusted_gross_income/count
5001800US1000,DE-01,75000.0,100000.0,51256.24374651855,1,adjusted_gross_income/count
5001800US1000,DE-01,100000.0,200000.0,90266.82257509373,1,adjusted_gross_income/count
5001800US1000,DE-01,200000.0,500000.0,30444.428629992308,1,adjusted_gross_income/count
5001800US1000,DE-01,500000.0,inf,5404.002754019352,1,adjusted_gross_income/count
5001800US1198,DC-01,-inf,1.0,-398377668.7609383,0,adjusted_gross_income/amount
5001800US1198,DC-01,1.0,10000.0,137147053.36888042,0,adjusted_gross_income/amount
5001800US1198,DC-01,10000.0,25000.0,761364885.0082574,0,adjusted_gross_income/amount
5001800US1198,DC-01,25000.0,50000.0,2445194554.928471,0,adjusted_gross_income/amount
5001800US1198,DC-01,50000.0,75000.0,3432825393.0142674,0,adjusted_gross_income/amount
5001800US1198,DC-01,75000.0,100000.0,3393643788.067991,0,adjusted_gross_income/amount
5001800US1198,DC-01,100000.0,200000.0,9200049025.05101,0,adjusted_gross_income/amount
5001800US1198,DC-01,200000.0,500000.0,10890049487.460506,0,adjusted_gross_income/amount
5001800US1198,DC-01,500000.0,inf,17365863306.2566,0,adjusted_gross_income/amount
5001800US1198,DC-01,-inf,1.0,4972.664976440479,1,adjusted_gross_income/count
5001800US1198,DC-01,1.0,10000.0,27638.609925814537,1,adjusted_gross_income/count
5001800US1198,DC-01,10000.0,25000.0,44343.59519358019,1,adjusted_gross_income/count
5001800US1198,DC-01,25000.0,50000.0,65623.93928235139,1,adjusted_gross_income/count
5001800US1198,DC-01,50000.0,75000.0,55369.66769788596,1,adjusted_gross_income/count
5001800US1198,DC-01,75000.0,100000.0,39159.93083728336,1,adjusted_gross_income/count
5001800US1198,DC-01,100000.0,200000.0,66435.25709541484,1,adjusted_gross_income/count
5001800US1198,DC-01,200000.0,500000.0,36507.17316892406,1,adjusted_gross_income/count
5001800US1198,DC-01,500000.0,inf,10636.289532677341,1,adjusted_gross_income/count
5001800US1201,FL-01,-inf,1.0,-579725458.1212503,0,adjusted_gross_income/amount
5001800US1201,FL-01,1.0,10000.0,187165801.9206384,0,adjusted_gross_income/amount
5001800US1201,FL-01,10000.0,25000.0,1180496658.590578,0,adjusted_gross_income/amount
5001800US1201,FL-01,25000.0,50000.0,3487846977.598413,0,adjusted_gross_income/amount
5001800US1201,FL-01,50000.0,75000.0,3520485559.220314,0,adjusted_gross_income/amount
5001800US1201,FL-01,75000.0,100000.0,3276351200.826917,0,adjusted_gross_income/amount
5001800US1201,FL-01,100000.0,200000.0,8594550522.094606,0,adjusted_gross_income/amount
5001800US1201,FL-01,200000.0,500000.0,5735844780.892643,0,adjusted_gross_income/amount
5001800US1201,FL-01,500000.0,inf,8887646963.597961,0,adjusted_gross_income/amount
5001800US1201,FL-01,-inf,1.0,7026.240697508629,1,adjusted_gross_income/count
5001800US1201,FL-01,1.0,10000.0,36568.89950495612,1,adjusted_gross_income/count
5001800US1201,FL-01,10000.0,25000.0,68089.59827390652,1,adjusted_gross_income/count
5001800US1201,FL-01,25000.0,50000.0,95457.03070290235,1,adjusted_gross_income/count
5001800US1201,FL-01,50000.0,75000.0,57248.39162065084,1,adjusted_gross_income/count
5001800US1201,FL-01,75000.0,100000.0,37780.24112556329,1,adjusted_gross_income/count
5001800US1201,FL-01,100000.0,200000.0,62817.16507353606,1,adjusted_gross_income/count
5001800US1201,FL-01,200000.0,500000.0,20088.17498565976,1,adjusted_gross_income/count
5001800US1201,FL-01,500000.0,inf,5261.514769000487,1,adjusted_gross_income/count
5001800US1202,FL-02,-inf,1.0,-349807987.9389661,0,adjusted_gross_income/amount
5001800US1202,FL-02,1.0,10000.0,201476706.43578023,0,adjusted_gross_income/amount
5001800US1202,FL-02,10000.0,25000.0,1326026119.2081342,0,adjusted_gross_income/amount
5001800US1202,FL-02,25000.0,50000.0,3619585840.140059,0,adjusted_gross_income/amount
5001800US1202,FL-02,50000.0,75000.0,3294997214.946785,0,adjusted_gross_income/amount
5001800US1202,FL-02,75000.0,100000.0,2802794192.349472,0,adjusted_gross_income/amount
5001800US1202,FL-02,100000.0,200000.0,6376519805.43409,0,adjusted_gross_income/amount
5001800US1202,FL-02,200000.0,500000.0,3436721381.4975705,0,adjusted_gross_income/amount
5001800US1202,FL-02,500000.0,inf,4128303528.320436,0,adjusted_gross_income/amount
5001800US1202,FL-02,-inf,1.0,8533.15044404379,1,adjusted_gross_income/count
5001800US1202,FL-02,1.0,10000.0,38798.26892637761,1,adjusted_gross_income/count
5001800US1202,FL-02,10000.0,25000.0,77031.76084337098,1,adjusted_gross_income/count
5001800US1202,FL-02,25000.0,50000.0,99251.32260508458,1,adjusted_gross_income/count
5001800US1202,FL-02,50000.0,75000.0,53817.249165080335,1,adjusted_gross_income/count
5001800US1202,FL-02,75000.0,100000.0,32349.137214307586,1,adjusted_gross_income/count
5001800US1202,FL-02,100000.0,200000.0,47248.47338621444,1,adjusted_gross_income/count
5001800US1202,FL-02,200000.0,500000.0,12167.161036525964,1,adjusted_gross_income/count
5001800US1202,FL-02,500000.0,inf,2757.6318793979344,1,adjusted_gross_income/count
5001800US1203,FL-03,-inf,1.0,-302591812.6180664,0,adjusted_gross_income/amount
5001800US1203,FL-03,1.0,10000.0,184183450.11570242,0,adjusted_gross_income/amount
5001800US1203,FL-03,10000.0,25000.0,1177197075.820413,0,adjusted_gross_income/amount
5001800US1203,FL-03,25000.0,50000.0,3254317195.4896173,0,adjusted_gross_income/amount
5001800US1203,FL-03,50000.0,75000.0,3125810097.823031,0,adjusted_gross_income/amount
5001800US1203,FL-03,75000.0,100000.0,2786145376.39479,0,adjusted_gross_income/amount
5001800US1203,FL-03,100000.0,200000.0,6778700318.047184,0,adjusted_gross_income/amount
5001800US1203,FL-03,200000.0,500000.0,3970848413.09117,0,adjusted_gross_income/amount
5001800US1203,FL-03,500000.0,inf,4254315730.9663854,0,adjusted_gross_income/amount
5001800US1203,FL-03,-inf,1.0,7389.800342400213,1,adjusted_gross_income/count
5001800US1203,FL-03,1.0,10000.0,35485.25944741045,1,adjusted_gross_income/count
5001800US1203,FL-03,10000.0,25000.0,68321.25719262674,1,adjusted_gross_income/count
5001800US1203,FL-03,25000.0,50000.0,89209.6320675919,1,adjusted_gross_income/count
5001800US1203,FL-03,50000.0,75000.0,50974.39793435884,1,adjusted_gross_income/count
5001800US1203,FL-03,75000.0,100000.0,32157.94714608902,1,adjusted_gross_income/count
5001800US1203,FL-03,100000.0,200000.0,49901.05561321709,1,adjusted_gross_income/count
5001800US1203,FL-03,200000.0,500000.0,13983.257243803031,1,adjusted_gross_income/count
5001800US1203,FL-03,500000.0,inf,3054.722777693708,1,adjusted_gross_income/count
5001800US1204,FL-04,-inf,1.0,-200100329.3344861,0,adjusted_gross_income/amount
5001800US1204,FL-04,1.0,10000.0,153923091.71977058,0,adjusted_gross_income/amount
5001800US1204,FL-04,10000.0,25000.0,1024316386.8655543,0,adjusted_gross_income/amount
5001800US1204,FL-04,25000.0,50000.0,2859712803.134529,0,adjusted_gross_income/amount
5001800US1204,FL-04,50000.0,75000.0,2660287297.6278596,0,adjusted_gross_income/amount
5001800US1204,FL-04,75000.0,100000.0,2252748896.7853966,0,adjusted_gross_income/amount
5001800US1204,FL-04,100000.0,200000.0,5620776893.266372,0,adjusted_gross_income/amount
5001800US1204,FL-04,200000.0,500000.0,3950528698.147384,0,adjusted_gross_income/amount
5001800US1204,FL-04,500000.0,inf,5368317249.395585,0,adjusted_gross_income/amount
5001800US1204,FL-04,-inf,1.0,5841.203009345167,1,adjusted_gross_income/count
5001800US1204,FL-04,1.0,10000.0,29490.981980715533,1,adjusted_gross_income/count
5001800US1204,FL-04,10000.0,25000.0,59488.5209403207,1,adjusted_gross_income/count
5001800US1204,FL-04,25000.0,50000.0,78277.2098323796,1,adjusted_gross_income/count
5001800US1204,FL-04,50000.0,75000.0,43436.470485831014,1,adjusted_gross_income/count
5001800US1204,FL-04,75000.0,100000.0,26023.158315193283,1,adjusted_gross_income/count
5001800US1204,FL-04,100000.0,200000.0,41075.585820991575,1,adjusted_gross_income/count
5001800US1204,FL-04,200000.0,500000.0,13778.892931735687,1,adjusted_gross_income/count
5001800US1204,FL-04,500000.0,inf,3426.2474895435103,1,adjusted_gross_income/count
5001800US1205,FL-05,-inf,1.0,-389799547.1664583,0,adjusted_gross_income/amount
5001800US1205,FL-05,1.0,10000.0,179001952.568638,0,adjusted_gross_income/amount
5001800US1205,FL-05,10000.0,25000.0,1061952691.2957094,0,adjusted_gross_income/amount
5001800US1205,FL-05,25000.0,50000.0,3272049738.64648,0,adjusted_gross_income/amount
5001800US1205,FL-05,50000.0,75000.0,3621823830.583325,0,adjusted_gross_income/amount
5001800US1205,FL-05,75000.0,100000.0,3427625224.030938,0,adjusted_gross_income/amount
5001800US1205,FL-05,100000.0,200000.0,10458016633.574594,0,adjusted_gross_income/amount
5001800US1205,FL-05,200000.0,500000.0,9245255234.343748,0,adjusted_gross_income/amount
5001800US1205,FL-05,500000.0,inf,13496973500.761955,0,adjusted_gross_income/amount
5001800US1205,FL-05,-inf,1.0,6723.041755131546,1,adjusted_gross_income/count
5001800US1205,FL-05,1.0,10000.0,35084.68618728658,1,adjusted_gross_income/count
5001800US1205,FL-05,10000.0,25000.0,61624.13172424004,1,adjusted_gross_income/count
5001800US1205,FL-05,25000.0,50000.0,88753.46081456867,1,adjusted_gross_income/count
5001800US1205,FL-05,50000.0,75000.0,58812.10298581024,1,adjusted_gross_income/count
5001800US1205,FL-05,75000.0,100000.0,39508.642933539995,1,adjusted_gross_income/count
5001800US1205,FL-05,100000.0,200000.0,75184.32182272905,1,adjusted_gross_income/count
5001800US1205,FL-05,200000.0,500000.0,31992.680964300213,1,adjusted_gross_income/count
5001800US1205,FL-05,500000.0,inf,8383.577235480787,1,adjusted_gross_income/count
5001800US1206,FL-06,-inf,1.0,-379033380.0686434,0,adjusted_gross_income/amount
5001800US1206,FL-06,1.0,10000.0,214966100.20427182,0,adjusted_gross_income/amount
5001800US1206,FL-06,10000.0,25000.0,1328047710.8327086,0,adjusted_gross_income/amount
5001800US1206,FL-06,25000.0,50000.0,3693879197.9959383,0,adjusted_gross_income/amount
5001800US1206,FL-06,50000.0,75000.0,3689970566.040905,0,adjusted_gross_income/amount
5001800US1206,FL-06,75000.0,100000.0,3347602479.1527133,0,adjusted_gross_income/amount
5001800US1206,FL-06,100000.0,200000.0,8113234362.800977,0,adjusted_gross_income/amount
5001800US1206,FL-06,200000.0,500000.0,4965807935.275794,0,adjusted_gross_income/amount
5001800US1206,FL-06,500000.0,inf,5681637688.94665,0,adjusted_gross_income/amount
5001800US1206,FL-06,-inf,1.0,8810.135864868493,1,adjusted_gross_income/count
5001800US1206,FL-06,1.0,10000.0,41797.810561016995,1,adjusted_gross_income/count
5001800US1206,FL-06,10000.0,25000.0,77169.50428316406,1,adjusted_gross_income/count
5001800US1206,FL-06,25000.0,50000.0,101225.80725026055,1,adjusted_gross_income/count
5001800US1206,FL-06,50000.0,75000.0,60014.27047291758,1,adjusted_gross_income/count
5001800US1206,FL-06,75000.0,100000.0,38636.23807477091,1,adjusted_gross_income/count
5001800US1206,FL-06,100000.0,200000.0,59731.69941337076,1,adjusted_gross_income/count
5001800US1206,FL-06,200000.0,500000.0,17460.803540197103,1,adjusted_gross_income/count
5001800US1206,FL-06,500000.0,inf,3870.8188160111645,1,adjusted_gross_income/count
5001800US1207,FL-07,-inf,1.0,-602930970.6256771,0,adjusted_gross_income/amount
5001800US1207,FL-07,1.0,10000.0,226099867.2583077,0,adjusted_gross_income/amount
5001800US1207,FL-07,10000.0,25000.0,1424513778.8388793,0,adjusted_gross_income/amount
5001800US1207,FL-07,25000.0,50000.0,4006779393.9891725,0,adjusted_gross_income/amount
5001800US1207,FL-07,50000.0,75000.0,4020098716.7963686,0,adjusted_gross_income/amount
5001800US1207,FL-07,75000.0,100000.0,3499532228.465189,0,adjusted_gross_income/amount
5001800US1207,FL-07,100000.0,200000.0,9186865839.325611,0,adjusted_gross_income/amount
5001800US1207,FL-07,200000.0,500000.0,7360844979.924571,0,adjusted_gross_income/amount
5001800US1207,FL-07,500000.0,inf,10480164957.570837,0,adjusted_gross_income/amount
5001800US1207,FL-07,-inf,1.0,8729.666055426169,1,adjusted_gross_income/count
5001800US1207,FL-07,1.0,10000.0,43929.75715130116,1,adjusted_gross_income/count
5001800US1207,FL-07,10000.0,25000.0,82825.16057942713,1,adjusted_gross_income/count
5001800US1207,FL-07,25000.0,50000.0,109615.09134996079,1,adjusted_gross_income/count
5001800US1207,FL-07,50000.0,75000.0,65453.39972946359,1,adjusted_gross_income/count
5001800US1207,FL-07,75000.0,100000.0,40406.03417966119,1,adjusted_gross_income/count
5001800US1207,FL-07,100000.0,200000.0,66760.46543749027,1,adjusted_gross_income/count
5001800US1207,FL-07,200000.0,500000.0,25499.545922291592,1,adjusted_gross_income/count
5001800US1207,FL-07,500000.0,inf,6647.192983838462,1,adjusted_gross_income/count
5001800US1208,FL-08,-inf,1.0,-442176350.7663441,0,adjusted_gross_income/amount
5001800US1208,FL-08,1.0,10000.0,204078184.18003905,0,adjusted_gross_income/amount
5001800US1208,FL-08,10000.0,25000.0,1230248716.469473,0,adjusted_gross_income/amount
5001800US1208,FL-08,25000.0,50000.0,3481289173.0748463,0,adjusted_gross_income/amount
5001800US1208,FL-08,50000.0,75000.0,3609008273.7964916,0,adjusted_gross_income/amount
5001800US1208,FL-08,75000.0,100000.0,3501308250.8631463,0,adjusted_gross_income/amount
5001800US1208,FL-08,100000.0,200000.0,9583351384.567942,0,adjusted_gross_income/amount
5001800US1208,FL-08,200000.0,500000.0,7045536440.611487,0,adjusted_gross_income/amount
5001800US1208,FL-08,500000.0,inf,11397599800.555695,0,adjusted_gross_income/amount
5001800US1208,FL-08,-inf,1.0,8365.519078145035,1,adjusted_gross_income/count
5001800US1208,FL-08,1.0,10000.0,40160.54436909905,1,adjusted_gross_income/count
5001800US1208,FL-08,10000.0,25000.0,71433.19506532348,1,adjusted_gross_income/count
5001800US1208,FL-08,25000.0,50000.0,95291.2588481322,1,adjusted_gross_income/count
5001800US1208,FL-08,50000.0,75000.0,58574.86953534819,1,adjusted_gross_income/count
5001800US1208,FL-08,75000.0,100000.0,40374.397884845435,1,adjusted_gross_income/count
5001800US1208,FL-08,100000.0,200000.0,69690.18115586025,1,adjusted_gross_income/count
5001800US1208,FL-08,200000.0,500000.0,24605.9820970137,1,adjusted_gross_income/count
5001800US1208,FL-08,500000.0,inf,6089.00251106726,1,adjusted_gross_income/count
5001800US1209,FL-09,-inf,1.0,-167789501.1141442,0,adjusted_gross_income/amount
5001800US1209,FL-09,1.0,10000.0,142547855.92777404,0,adjusted_gross_income/amount
5001800US1209,FL-09,10000.0,25000.0,1052294785.8315203,0,adjusted_gross_income/amount
5001800US1209,FL-09,25000.0,50000.0,2814469135.1326065,0,adjusted_gross_income/amount
5001800US1209,FL-09,50000.0,75000.0,2392781807.6832366,0,adjusted_gross_income/amount
5001800US1209,FL-09,75000.0,100000.0,1874374101.7645512,0,adjusted_gross_income/amount
5001800US1209,FL-09,100000.0,200000.0,4213400793.7738047,0,adjusted_gross_income/amount
5001800US1209,FL-09,200000.0,500000.0,2919966486.0941052,0,adjusted_gross_income/amount
5001800US1209,FL-09,500000.0,inf,3781735744.8582315,0,adjusted_gross_income/amount
5001800US1209,FL-09,-inf,1.0,4583.605869712213,1,adjusted_gross_income/count
5001800US1209,FL-09,1.0,10000.0,27360.63371803883,1,adjusted_gross_income/count
5001800US1209,FL-09,10000.0,25000.0,61143.37759238567,1,adjusted_gross_income/count
5001800US1209,FL-09,25000.0,50000.0,77774.77535788417,1,adjusted_gross_income/count
5001800US1209,FL-09,50000.0,75000.0,39139.85595276501,1,adjusted_gross_income/count
5001800US1209,FL-09,75000.0,100000.0,21691.97575770966,1,adjusted_gross_income/count
5001800US1209,FL-09,100000.0,200000.0,30990.437768776137,1,adjusted_gross_income/count
5001800US1209,FL-09,200000.0,500000.0,10249.915033005125,1,adjusted_gross_income/count
5001800US1209,FL-09,500000.0,inf,2346.0484854131973,1,adjusted_gross_income/count
5001800US1210,FL-10,-inf,1.0,-419527940.0829359,0,adjusted_gross_income/amount
5001800US1210,FL-10,1.0,10000.0,198263763.50887617,0,adjusted_gross_income/amount
5001800US1210,FL-10,10000.0,25000.0,1400735449.2886095,0,adjusted_gross_income/amount
5001800US1210,FL-10,25000.0,50000.0,3734922985.9629545,0,adjusted_gross_income/amount
5001800US1210,FL-10,50000.0,75000.0,3231761733.937435,0,adjusted_gross_income/amount
5001800US1210,FL-10,75000.0,100000.0,2541464588.0040994,0,adjusted_gross_income/amount
5001800US1210,FL-10,100000.0,200000.0,6437581411.312837,0,adjusted_gross_income/amount
5001800US1210,FL-10,200000.0,500000.0,5615374984.46352,0,adjusted_gross_income/amount
5001800US1210,FL-10,500000.0,inf,9004488528.469864,0,adjusted_gross_income/amount
5001800US1210,FL-10,-inf,1.0,6711.871732432396,1,adjusted_gross_income/count
5001800US1210,FL-10,1.0,10000.0,38496.99952846747,1,adjusted_gross_income/count
5001800US1210,FL-10,10000.0,25000.0,81458.13816225171,1,adjusted_gross_income/count
5001800US1210,FL-10,25000.0,50000.0,103163.27637090486,1,adjusted_gross_income/count
5001800US1210,FL-10,50000.0,75000.0,52831.46506674161,1,adjusted_gross_income/count
5001800US1210,FL-10,75000.0,100000.0,29399.369805210787,1,adjusted_gross_income/count
5001800US1210,FL-10,100000.0,200000.0,46679.903690124745,1,adjusted_gross_income/count
5001800US1210,FL-10,200000.0,500000.0,19384.532033195454,1,adjusted_gross_income/count
5001800US1210,FL-10,500000.0,inf,5252.340980595048,1,adjusted_gross_income/count
5001800US1211,FL-11,-inf,1.0,-296369476.3795148,0,adjusted_gross_income/amount
5001800US1211,FL-11,1.0,10000.0,146209608.3750401,0,adjusted_gross_income/amount
5001800US1211,FL-11,10000.0,25000.0,979736602.1060655,0,adjusted_gross_income/amount
5001800US1211,FL-11,25000.0,50000.0,2645899945.748983,0,adjusted_gross_income/amount
5001800US1211,FL-11,50000.0,75000.0,2433771734.008558,0,adjusted_gross_income/amount
5001800US1211,FL-11,75000.0,100000.0,2076466519.1415064,0,adjusted_gross_income/amount
5001800US1211,FL-11,100000.0,200000.0,4919319480.016064,0,adjusted_gross_income/amount
5001800US1211,FL-11,200000.0,500000.0,3308462667.2942924,0,adjusted_gross_income/amount
5001800US1211,FL-11,500000.0,inf,4495496022.536083,0,adjusted_gross_income/amount
5001800US1211,FL-11,-inf,1.0,5427.145798918152,1,adjusted_gross_income/count
5001800US1211,FL-11,1.0,10000.0,28448.03229030839,1,adjusted_gross_income/count
5001800US1211,FL-11,10000.0,25000.0,56903.09806061963,1,adjusted_gross_income/count
5001800US1211,FL-11,25000.0,50000.0,72943.2730931014,1,adjusted_gross_income/count
5001800US1211,FL-11,50000.0,75000.0,39665.69394706735,1,adjusted_gross_income/count
5001800US1211,FL-11,75000.0,100000.0,23990.05278563961,1,adjusted_gross_income/count
5001800US1211,FL-11,100000.0,200000.0,36168.42064771602,1,adjusted_gross_income/count
5001800US1211,FL-11,200000.0,500000.0,11587.052677964559,1,adjusted_gross_income/count
5001800US1211,FL-11,500000.0,inf,2762.0547854455986,1,adjusted_gross_income/count
5001800US1212,FL-12,-inf,1.0,-471818822.4759039,0,adjusted_gross_income/amount
5001800US1212,FL-12,1.0,10000.0,245314575.3275363,0,adjusted_gross_income/amount
5001800US1212,FL-12,10000.0,25000.0,1463267426.480966,0,adjusted_gross_income/amount
5001800US1212,FL-12,25000.0,50000.0,4131531946.6107974,0,adjusted_gross_income/amount
5001800US1212,FL-12,50000.0,75000.0,4357447119.91399,0,adjusted_gross_income/amount
5001800US1212,FL-12,75000.0,100000.0,4051189372.5833282,0,adjusted_gross_income/amount
5001800US1212,FL-12,100000.0,200000.0,10167702619.233097,0,adjusted_gross_income/amount
5001800US1212,FL-12,200000.0,500000.0,6430838419.220897,0,adjusted_gross_income/amount
5001800US1212,FL-12,500000.0,inf,6525239509.184657,0,adjusted_gross_income/amount
5001800US1212,FL-12,-inf,1.0,10029.148884957933,1,adjusted_gross_income/count
5001800US1212,FL-12,1.0,10000.0,48186.81617801282,1,adjusted_gross_income/count
5001800US1212,FL-12,10000.0,25000.0,84978.26194452083,1,adjusted_gross_income/count
5001800US1212,FL-12,25000.0,50000.0,112970.56299138577,1,adjusted_gross_income/count
5001800US1212,FL-12,50000.0,75000.0,70759.39943820114,1,adjusted_gross_income/count
5001800US1212,FL-12,75000.0,100000.0,46729.72516636647,1,adjusted_gross_income/count
5001800US1212,FL-12,100000.0,200000.0,74602.73794164136,1,adjusted_gross_income/count
5001800US1212,FL-12,200000.0,500000.0,22775.476783493483,1,adjusted_gross_income/count
5001800US1212,FL-12,500000.0,inf,4312.819389633386,1,adjusted_gross_income/count
5001800US1213,FL-13,-inf,1.0,-473721575.3432373,0,adjusted_gross_income/amount
5001800US1213,FL-13,1.0,10000.0,191761938.18766016,0,adjusted_gross_income/amount
5001800US1213,FL-13,10000.0,25000.0,1139750160.6548977,0,adjusted_gross_income/amount
5001800US1213,FL-13,25000.0,50000.0,3394780188.8193893,0,adjusted_gross_income/amount
5001800US1213,FL-13,50000.0,75000.0,3561119504.9694514,0,adjusted_gross_income/amount
5001800US1213,FL-13,75000.0,100000.0,3081535389.5552583,0,adjusted_gross_income/amount
5001800US1213,FL-13,100000.0,200000.0,7790746519.512351,0,adjusted_gross_income/amount
5001800US1213,FL-13,200000.0,500000.0,6269274329.999053,0,adjusted_gross_income/amount
5001800US1213,FL-13,500000.0,inf,11155604722.96516,0,adjusted_gross_income/amount
5001800US1213,FL-13,-inf,1.0,8193.40269011592,1,adjusted_gross_income/count
5001800US1213,FL-13,1.0,10000.0,37261.85898118722,1,adjusted_gross_income/count
5001800US1213,FL-13,10000.0,25000.0,66261.05993595981,1,adjusted_gross_income/count
5001800US1213,FL-13,25000.0,50000.0,92347.04583811955,1,adjusted_gross_income/count
5001800US1213,FL-13,50000.0,75000.0,58036.157664785846,1,adjusted_gross_income/count
5001800US1213,FL-13,75000.0,100000.0,35580.17432185843,1,adjusted_gross_income/count
5001800US1213,FL-13,100000.0,200000.0,56716.73926854333,1,adjusted_gross_income/count
5001800US1213,FL-13,200000.0,500000.0,21604.380547166475,1,adjusted_gross_income/count
5001800US1213,FL-13,500000.0,inf,6387.246388058443,1,adjusted_gross_income/count
5001800US1214,FL-14,-inf,1.0,-402177255.38865626,0,adjusted_gross_income/amount
5001800US1214,FL-14,1.0,10000.0,211013993.4581514,0,adjusted_gross_income/amount
5001800US1214,FL-14,10000.0,25000.0,1317309688.7917964,0,adjusted_gross_income/amount
5001800US1214,FL-14,25000.0,50000.0,3602529075.5046544,0,adjusted_gross_income/amount
5001800US1214,FL-14,50000.0,75000.0,3505128067.9444175,0,adjusted_gross_income/amount
5001800US1214,FL-14,75000.0,100000.0,2944745800.1663074,0,adjusted_gross_income/amount
5001800US1214,FL-14,100000.0,200000.0,7664616873.9248085,0,adjusted_gross_income/amount
5001800US1214,FL-14,200000.0,500000.0,7487413498.86372,0,adjusted_gross_income/amount
5001800US1214,FL-14,500000.0,inf,14535439744.306236,0,adjusted_gross_income/amount
5001800US1214,FL-14,-inf,1.0,7368.137853435971,1,adjusted_gross_income/count
5001800US1214,FL-14,1.0,10000.0,40485.18005859569,1,adjusted_gross_income/count
5001800US1214,FL-14,10000.0,25000.0,76991.05520502842,1,adjusted_gross_income/count
5001800US1214,FL-14,25000.0,50000.0,98352.73359973774,1,adjusted_gross_income/count
5001800US1214,FL-14,50000.0,75000.0,57210.78712501174,1,adjusted_gross_income/count
5001800US1214,FL-14,75000.0,100000.0,34015.81631114024,1,adjusted_gross_income/count
5001800US1214,FL-14,100000.0,200000.0,55438.67040899229,1,adjusted_gross_income/count
5001800US1214,FL-14,200000.0,500000.0,25408.701436317377,1,adjusted_gross_income/count
5001800US1214,FL-14,500000.0,inf,8421.403844194163,1,adjusted_gross_income/count
5001800US1215,FL-15,-inf,1.0,-297587028.3054965,0,adjusted_gross_income/amount
5001800US1215,FL-15,1.0,10000.0,216906077.87029168,0,adjusted_gross_income/amount
5001800US1215,FL-15,10000.0,25000.0,1398882618.9261,0,adjusted_gross_income/amount
5001800US1215,FL-15,25000.0,50000.0,3877187873.763952,0,adjusted_gross_income/amount
5001800US1215,FL-15,50000.0,75000.0,3781952118.1564145,0,adjusted_gross_income/amount
5001800US1215,FL-15,75000.0,100000.0,3238075573.9833436,0,adjusted_gross_income/amount
5001800US1215,FL-15,100000.0,200000.0,8171988523.443571,0,adjusted_gross_income/amount
5001800US1215,FL-15,200000.0,500000.0,6042815176.50055,0,adjusted_gross_income/amount
5001800US1215,FL-15,500000.0,inf,9008017862.880863,0,adjusted_gross_income/amount
5001800US1215,FL-15,-inf,1.0,7251.421561692597,1,adjusted_gross_income/count
5001800US1215,FL-15,1.0,10000.0,41290.5596648691,1,adjusted_gross_income/count
5001800US1215,FL-15,10000.0,25000.0,81528.62207678864,1,adjusted_gross_income/count
5001800US1215,FL-15,25000.0,50000.0,105978.06076290787,1,adjusted_gross_income/count
5001800US1215,FL-15,50000.0,75000.0,61674.17797675112,1,adjusted_gross_income/count
5001800US1215,FL-15,75000.0,100000.0,37404.1103277589,1,adjusted_gross_income/count
5001800US1215,FL-15,100000.0,200000.0,59675.81789367443,1,adjusted_gross_income/count
5001800US1215,FL-15,200000.0,500000.0,21050.055125439012,1,adjusted_gross_income/count
5001800US1215,FL-15,500000.0,inf,5494.285215961476,1,adjusted_gross_income/count
5001800US1216,FL-16,-inf,1.0,-540703566.8771164,0,adjusted_gross_income/amount
5001800US1216,FL-16,1.0,10000.0,188968012.81643003,0,adjusted_gross_income/amount
5001800US1216,FL-16,10000.0,25000.0,1157159997.4317925,0,adjusted_gross_income/amount
5001800US1216,FL-16,25000.0,50000.0,3389898228.7464657,0,adjusted_gross_income/amount
5001800US1216,FL-16,50000.0,75000.0,3574921607.676321,0,adjusted_gross_income/amount
5001800US1216,FL-16,75000.0,100000.0,3312116443.39651,0,adjusted_gross_income/amount
5001800US1216,FL-16,100000.0,200000.0,9353192964.494167,0,adjusted_gross_income/amount
5001800US1216,FL-16,200000.0,500000.0,7833406947.99978,0,adjusted_gross_income/amount
5001800US1216,FL-16,500000.0,inf,14825014479.651512,0,adjusted_gross_income/amount
5001800US1216,FL-16,-inf,1.0,7805.839765461282,1,adjusted_gross_income/count
5001800US1216,FL-16,1.0,10000.0,36736.63363008698,1,adjusted_gross_income/count
5001800US1216,FL-16,10000.0,25000.0,67338.61545652185,1,adjusted_gross_income/count
5001800US1216,FL-16,25000.0,50000.0,92218.88305040842,1,adjusted_gross_income/count
5001800US1216,FL-16,50000.0,75000.0,58146.35807322663,1,adjusted_gross_income/count
5001800US1216,FL-16,75000.0,100000.0,38179.459472355295,1,adjusted_gross_income/count
5001800US1216,FL-16,100000.0,200000.0,67776.35466694295,1,adjusted_gross_income/count
5001800US1216,FL-16,200000.0,500000.0,27002.42243626968,1,adjusted_gross_income/count
5001800US1216,FL-16,500000.0,inf,8128.963637738512,1,adjusted_gross_income/count
5001800US1217,FL-17,-inf,1.0,-546385034.1516032,0,adjusted_gross_income/amount
5001800US1217,FL-17,1.0,10000.0,194065226.80576152,0,adjusted_gross_income/amount
5001800US1217,FL-17,10000.0,25000.0,1179130318.429448,0,adjusted_gross_income/amount
5001800US1217,FL-17,25000.0,50000.0,3397057024.963921,0,adjusted_gross_income/amount
5001800US1217,FL-17,50000.0,75000.0,3573875792.134086,0,adjusted_gross_income/amount
5001800US1217,FL-17,75000.0,100000.0,3295758892.4360986,0,adjusted_gross_income/amount
5001800US1217,FL-17,100000.0,200000.0,8882716412.36609,0,adjusted_gross_income/amount
5001800US1217,FL-17,200000.0,500000.0,7082077323.156976,0,adjusted_gross_income/amount
5001800US1217,FL-17,500000.0,inf,14051253327.331078,0,adjusted_gross_income/amount
5001800US1217,FL-17,-inf,1.0,8673.58904605368,1,adjusted_gross_income/count
5001800US1217,FL-17,1.0,10000.0,38239.55478176233,1,adjusted_gross_income/count
5001800US1217,FL-17,10000.0,25000.0,68454.98793791686,1,adjusted_gross_income/count
5001800US1217,FL-17,25000.0,50000.0,92613.1243284935,1,adjusted_gross_income/count
5001800US1217,FL-17,50000.0,75000.0,58090.793679092676,1,adjusted_gross_income/count
5001800US1217,FL-17,75000.0,100000.0,38004.062107877195,1,adjusted_gross_income/count
5001800US1217,FL-17,100000.0,200000.0,64706.34346947481,1,adjusted_gross_income/count
5001800US1217,FL-17,200000.0,500000.0,24367.473581535698,1,adjusted_gross_income/count
5001800US1217,FL-17,500000.0,inf,7514.616735333918,1,adjusted_gross_income/count
5001800US1218,FL-18,-inf,1.0,-372781111.65219283,0,adjusted_gross_income/amount
5001800US1218,FL-18,1.0,10000.0,297332690.49643016,0,adjusted_gross_income/amount
5001800US1218,FL-18,10000.0,25000.0,2056416079.3596268,0,adjusted_gross_income/amount
5001800US1218,FL-18,25000.0,50000.0,5608568728.806806,0,adjusted_gross_income/amount
5001800US1218,FL-18,50000.0,75000.0,5167054259.662901,0,adjusted_gross_income/amount
5001800US1218,FL-18,75000.0,100000.0,4310695206.411589,0,adjusted_gross_income/amount
5001800US1218,FL-18,100000.0,200000.0,9890167889.001263,0,adjusted_gross_income/amount
5001800US1218,FL-18,200000.0,500000.0,6050592012.919754,0,adjusted_gross_income/amount
5001800US1218,FL-18,500000.0,inf,6862211729.903114,0,adjusted_gross_income/amount
5001800US1218,FL-18,-inf,1.0,10565.163667661076,1,adjusted_gross_income/count
5001800US1218,FL-18,1.0,10000.0,57230.00625584589,1,adjusted_gross_income/count
5001800US1218,FL-18,10000.0,25000.0,119537.47614053244,1,adjusted_gross_income/count
5001800US1218,FL-18,25000.0,50000.0,154214.51099388258,1,adjusted_gross_income/count
5001800US1218,FL-18,50000.0,75000.0,84321.3105475201,1,adjusted_gross_income/count
5001800US1218,FL-18,75000.0,100000.0,49827.58680291321,1,adjusted_gross_income/count
5001800US1218,FL-18,100000.0,200000.0,73008.30761172992,1,adjusted_gross_income/count
5001800US1218,FL-18,200000.0,500000.0,21368.41972577501,1,adjusted_gross_income/count
5001800US1218,FL-18,500000.0,inf,4654.892187714673,1,adjusted_gross_income/count
5001800US1219,FL-19,-inf,1.0,-1103304746.8772223,0,adjusted_gross_income/amount
5001800US1219,FL-19,1.0,10000.0,182042171.14608055,0,adjusted_gross_income/amount
5001800US1219,FL-19,10000.0,25000.0,1132078122.1350887,0,adjusted_gross_income/amount
5001800US1219,FL-19,25000.0,50000.0,3293362877.9198313,0,adjusted_gross_income/amount
5001800US1219,FL-19,50000.0,75000.0,3494313993.6101093,0,adjusted_gross_income/amount
5001800US1219,FL-19,75000.0,100000.0,3178034359.505573,0,adjusted_gross_income/amount
5001800US1219,FL-19,100000.0,200000.0,9232147991.55285,0,adjusted_gross_income/amount
5001800US1219,FL-19,200000.0,500000.0,10211804201.599766,0,adjusted_gross_income/amount
5001800US1219,FL-19,500000.0,inf,40673875538.04943,0,adjusted_gross_income/amount
5001800US1219,FL-19,-inf,1.0,8558.032903328232,1,adjusted_gross_income/count
5001800US1219,FL-19,1.0,10000.0,35858.19723585439,1,adjusted_gross_income/count
5001800US1219,FL-19,10000.0,25000.0,65851.72744143986,1,adjusted_gross_income/count
5001800US1219,FL-19,25000.0,50000.0,89788.38292090374,1,adjusted_gross_income/count
5001800US1219,FL-19,50000.0,75000.0,56798.4415398332,1,adjusted_gross_income/count
5001800US1219,FL-19,75000.0,100000.0,36670.78504308704,1,adjusted_gross_income/count
5001800US1219,FL-19,100000.0,200000.0,66484.32431562527,1,adjusted_gross_income/count
5001800US1219,FL-19,200000.0,500000.0,34084.579703136726,1,adjusted_gross_income/count
5001800US1219,FL-19,500000.0,inf,16763.938401523174,1,adjusted_gross_income/count
5001800US1220,FL-20,-inf,1.0,-842016964.5672652,0,adjusted_gross_income/amount
5001800US1220,FL-20,1.0,10000.0,254221493.67164427,0,adjusted_gross_income/amount
5001800US1220,FL-20,10000.0,25000.0,1852851272.283788,0,adjusted_gross_income/amount
5001800US1220,FL-20,25000.0,50000.0,4330625918.881946,0,adjusted_gross_income/amount
5001800US1220,FL-20,50000.0,75000.0,3798669041.8618817,0,adjusted_gross_income/amount
5001800US1220,FL-20,75000.0,100000.0,2903846305.4401903,0,adjusted_gross_income/amount
5001800US1220,FL-20,100000.0,200000.0,6496219870.583366,0,adjusted_gross_income/amount
5001800US1220,FL-20,200000.0,500000.0,5045619412.739252,0,adjusted_gross_income/amount
5001800US1220,FL-20,500000.0,inf,12268962918.799917,0,adjusted_gross_income/amount
5001800US1220,FL-20,-inf,1.0,8895.539336346472,1,adjusted_gross_income/count
5001800US1220,FL-20,1.0,10000.0,48562.16466160299,1,adjusted_gross_income/count
5001800US1220,FL-20,10000.0,25000.0,108726.9297623964,1,adjusted_gross_income/count
5001800US1220,FL-20,25000.0,50000.0,119759.38693705933,1,adjusted_gross_income/count
5001800US1220,FL-20,50000.0,75000.0,62087.54152114917,1,adjusted_gross_income/count
5001800US1220,FL-20,75000.0,100000.0,33678.50896649151,1,adjusted_gross_income/count
5001800US1220,FL-20,100000.0,200000.0,47434.11021854808,1,adjusted_gross_income/count
5001800US1220,FL-20,200000.0,500000.0,17368.295249553135,1,adjusted_gross_income/count
5001800US1220,FL-20,500000.0,inf,5521.694130392546,1,adjusted_gross_income/count
5001800US1221,FL-21,-inf,1.0,-981134393.5943788,0,adjusted_gross_income/amount
5001800US1221,FL-21,1.0,10000.0,201910277.0914343,0,adjusted_gross_income/amount
5001800US1221,FL-21,10000.0,25000.0,1224477027.9302785,0,adjusted_gross_income/amount
5001800US1221,FL-21,25000.0,50000.0,3330707462.5629997,0,adjusted_gross_income/amount
5001800US1221,FL-21,50000.0,75000.0,3612496014.516478,0,adjusted_gross_income/amount
5001800US1221,FL-21,75000.0,100000.0,3376943711.340353,0,adjusted_gross_income/amount
5001800US1221,FL-21,100000.0,200000.0,9587642935.84795,0,adjusted_gross_income/amount
5001800US1221,FL-21,200000.0,500000.0,9272913299.461643,0,adjusted_gross_income/amount
5001800US1221,FL-21,500000.0,inf,31161861873.750225,0,adjusted_gross_income/amount
5001800US1221,FL-21,-inf,1.0,9634.23411955288,1,adjusted_gross_income/count
5001800US1221,FL-21,1.0,10000.0,39756.57625610063,1,adjusted_gross_income/count
5001800US1221,FL-21,10000.0,25000.0,71379.69268099213,1,adjusted_gross_income/count
5001800US1221,FL-21,25000.0,50000.0,90882.07557308552,1,adjusted_gross_income/count
5001800US1221,FL-21,50000.0,75000.0,58635.194828659434,1,adjusted_gross_income/count
5001800US1221,FL-21,75000.0,100000.0,38945.25054286558,1,adjusted_gross_income/count
5001800US1221,FL-21,100000.0,200000.0,69165.24694483083,1,adjusted_gross_income/count
5001800US1221,FL-21,200000.0,500000.0,31467.99795740445,1,adjusted_gross_income/count
5001800US1221,FL-21,500000.0,inf,12828.445256112893,1,adjusted_gross_income/count
5001800US1222,FL-22,-inf,1.0,-2635919797.0347533,0,adjusted_gross_income/amount
5001800US1222,FL-22,1.0,10000.0,210276498.83858266,0,adjusted_gross_income/amount
5001800US1222,FL-22,10000.0,25000.0,1338580589.7164323,0,adjusted_gross_income/amount
5001800US1222,FL-22,25000.0,50000.0,3264936129.633424,0,adjusted_gross_income/amount
5001800US1222,FL-22,50000.0,75000.0,3351237537.502302,0,adjusted_gross_income/amount
5001800US1222,FL-22,75000.0,100000.0,2866213922.7331986,0,adjusted_gross_income/amount
5001800US1222,FL-22,100000.0,200000.0,8047493658.836315,0,adjusted_gross_income/amount
5001800US1222,FL-22,200000.0,500000.0,8213377136.968652,0,adjusted_gross_income/amount
5001800US1222,FL-22,500000.0,inf,43127438970.780426,0,adjusted_gross_income/amount
5001800US1222,FL-22,-inf,1.0,9738.051877925041,1,adjusted_gross_income/count
5001800US1222,FL-22,1.0,10000.0,42629.573182487635,1,adjusted_gross_income/count
5001800US1222,FL-22,10000.0,25000.0,78516.10193676414,1,adjusted_gross_income/count
5001800US1222,FL-22,25000.0,50000.0,89861.80937529805,1,adjusted_gross_income/count
5001800US1222,FL-22,50000.0,75000.0,54512.40966950037,1,adjusted_gross_income/count
5001800US1222,FL-22,75000.0,100000.0,33140.56630111104,1,adjusted_gross_income/count
5001800US1222,FL-22,100000.0,200000.0,57862.97083981988,1,adjusted_gross_income/count
5001800US1222,FL-22,200000.0,500000.0,27820.154792916735,1,adjusted_gross_income/count
5001800US1222,FL-22,500000.0,inf,11711.767069088906,1,adjusted_gross_income/count
5001800US1223,FL-23,-inf,1.0,-1695855818.5049818,0,adjusted_gross_income/amount
5001800US1223,FL-23,1.0,10000.0,204752127.09846172,0,adjusted_gross_income/amount
5001800US1223,FL-23,10000.0,25000.0,1230467632.3148134,0,adjusted_gross_income/amount
5001800US1223,FL-23,25000.0,50000.0,3109775919.961121,0,adjusted_gross_income/amount
5001800US1223,FL-23,50000.0,75000.0,3416294813.7125754,0,adjusted_gross_income/amount
5001800US1223,FL-23,75000.0,100000.0,3020025995.6511827,0,adjusted_gross_income/amount
5001800US1223,FL-23,100000.0,200000.0,8790584937.235245,0,adjusted_gross_income/amount
5001800US1223,FL-23,200000.0,500000.0,10539092900.514809,0,adjusted_gross_income/amount
5001800US1223,FL-23,500000.0,inf,40500742560.90702,0,adjusted_gross_income/amount
5001800US1223,FL-23,-inf,1.0,10945.22174714353,1,adjusted_gross_income/count
5001800US1223,FL-23,1.0,10000.0,42243.068527516676,1,adjusted_gross_income/count
5001800US1223,FL-23,10000.0,25000.0,72237.06217557394,1,adjusted_gross_income/count
5001800US1223,FL-23,25000.0,50000.0,85072.95827890937,1,adjusted_gross_income/count
5001800US1223,FL-23,50000.0,75000.0,55450.31182499102,1,adjusted_gross_income/count
5001800US1223,FL-23,75000.0,100000.0,34904.09803769547,1,adjusted_gross_income/count
5001800US1223,FL-23,100000.0,200000.0,62917.14305407103,1,adjusted_gross_income/count
5001800US1223,FL-23,200000.0,500000.0,35181.98740305107,1,adjusted_gross_income/count
5001800US1223,FL-23,500000.0,inf,15767.585450859458,1,adjusted_gross_income/count
5001800US1224,FL-24,-inf,1.0,-950292182.0880603,0,adjusted_gross_income/amount
5001800US1224,FL-24,1.0,10000.0,271867914.23808014,0,adjusted_gross_income/amount
5001800US1224,FL-24,10000.0,25000.0,1922409514.0953703,0,adjusted_gross_income/amount
5001800US1224,FL-24,25000.0,50000.0,4159645414.162124,0,adjusted_gross_income/amount
5001800US1224,FL-24,50000.0,75000.0,3387433623.3683696,0,adjusted_gross_income/amount
5001800US1224,FL-24,75000.0,100000.0,2465999997.4758654,0,adjusted_gross_income/amount
5001800US1224,FL-24,100000.0,200000.0,5409917076.675226,0,adjusted_gross_income/amount
5001800US1224,FL-24,200000.0,500000.0,5361369473.315651,0,adjusted_gross_income/amount
5001800US1224,FL-24,500000.0,inf,21494180043.21152,0,adjusted_gross_income/amount
5001800US1224,FL-24,-inf,1.0,9548.201586530628,1,adjusted_gross_income/count
5001800US1224,FL-24,1.0,10000.0,52590.221751764075,1,adjusted_gross_income/count
5001800US1224,FL-24,10000.0,25000.0,114089.37405999801,1,adjusted_gross_income/count
5001800US1224,FL-24,25000.0,50000.0,115720.38294031622,1,adjusted_gross_income/count
5001800US1224,FL-24,50000.0,75000.0,55513.277141083825,1,adjusted_gross_income/count
5001800US1224,FL-24,75000.0,100000.0,28609.54455330359,1,adjusted_gross_income/count
5001800US1224,FL-24,100000.0,200000.0,39345.88949645323,1,adjusted_gross_income/count
5001800US1224,FL-24,200000.0,500000.0,17938.778611735423,1,adjusted_gross_income/count
5001800US1224,FL-24,500000.0,inf,8032.749840788734,1,adjusted_gross_income/count
5001800US1225,FL-25,-inf,1.0,-1120857669.6830359,0,adjusted_gross_income/amount
5001800US1225,FL-25,1.0,10000.0,193692773.60139614,0,adjusted_gross_income/amount
5001800US1225,FL-25,10000.0,25000.0,1200594846.7923188,0,adjusted_gross_income/amount
5001800US1225,FL-25,25000.0,50000.0,2886519166.7535777,0,adjusted_gross_income/amount
5001800US1225,FL-25,50000.0,75000.0,2974441583.8816676,0,adjusted_gross_income/amount
5001800US1225,FL-25,75000.0,100000.0,2611190128.017772,0,adjusted_gross_income/amount
5001800US1225,FL-25,100000.0,200000.0,7387070161.233437,0,adjusted_gross_income/amount
5001800US1225,FL-25,200000.0,500000.0,7559099366.60318,0,adjusted_gross_income/amount
5001800US1225,FL-25,500000.0,inf,20357279195.7136,0,adjusted_gross_income/amount
5001800US1225,FL-25,-inf,1.0,9331.914188337865,1,adjusted_gross_income/count
5001800US1225,FL-25,1.0,10000.0,39066.30554065238,1,adjusted_gross_income/count
5001800US1225,FL-25,10000.0,25000.0,70948.13416824293,1,adjusted_gross_income/count
5001800US1225,FL-25,25000.0,50000.0,79281.30493496863,1,adjusted_gross_income/count
5001800US1225,FL-25,50000.0,75000.0,48404.481759562084,1,adjusted_gross_income/count
5001800US1225,FL-25,75000.0,100000.0,30176.321789428286,1,adjusted_gross_income/count
5001800US1225,FL-25,100000.0,200000.0,52946.852347726075,1,adjusted_gross_income/count
5001800US1225,FL-25,200000.0,500000.0,25615.20025364964,1,adjusted_gross_income/count
5001800US1225,FL-25,500000.0,inf,9199.03180524339,1,adjusted_gross_income/count
5001800US1226,FL-26,-inf,1.0,-484647751.15593,0,adjusted_gross_income/amount
5001800US1226,FL-26,1.0,10000.0,224296680.61382255,0,adjusted_gross_income/amount
5001800US1226,FL-26,10000.0,25000.0,1502108384.9276273,0,adjusted_gross_income/amount
5001800US1226,FL-26,25000.0,50000.0,3458718605.396014,0,adjusted_gross_income/amount
5001800US1226,FL-26,50000.0,75000.0,2936846616.608485,0,adjusted_gross_income/amount
5001800US1226,FL-26,75000.0,100000.0,2185579584.60636,0,adjusted_gross_income/amount
5001800US1226,FL-26,100000.0,200000.0,4981461427.283853,0,adjusted_gross_income/amount
5001800US1226,FL-26,200000.0,500000.0,4133243601.8555365,0,adjusted_gross_income/amount
5001800US1226,FL-26,500000.0,inf,8334345775.782821,0,adjusted_gross_income/amount
5001800US1226,FL-26,-inf,1.0,6776.740381645983,1,adjusted_gross_income/count
5001800US1226,FL-26,1.0,10000.0,43438.487326590846,1,adjusted_gross_income/count
5001800US1226,FL-26,10000.0,25000.0,89131.12716392138,1,adjusted_gross_income/count
5001800US1226,FL-26,25000.0,50000.0,95751.4096377428,1,adjusted_gross_income/count
5001800US1226,FL-26,50000.0,75000.0,48082.271777685084,1,adjusted_gross_income/count
5001800US1226,FL-26,75000.0,100000.0,25333.691785231953,1,adjusted_gross_income/count
5001800US1226,FL-26,100000.0,200000.0,36325.77687664095,1,adjusted_gross_income/count
5001800US1226,FL-26,200000.0,500000.0,14182.181695383286,1,adjusted_gross_income/count
5001800US1226,FL-26,500000.0,inf,4466.378812922528,1,adjusted_gross_income/count
5001800US1227,FL-27,-inf,1.0,-1980815747.1222014,0,adjusted_gross_income/amount
5001800US1227,FL-27,1.0,10000.0,236951310.55108425,0,adjusted_gross_income/amount
5001800US1227,FL-27,10000.0,25000.0,1429866728.8280108,0,adjusted_gross_income/amount
5001800US1227,FL-27,25000.0,50000.0,3280642721.2866707,0,adjusted_gross_income/amount
5001800US1227,FL-27,50000.0,75000.0,3092268286.8480554,0,adjusted_gross_income/amount
5001800US1227,FL-27,75000.0,100000.0,2566475676.097079,0,adjusted_gross_income/amount
5001800US1227,FL-27,100000.0,200000.0,6908544350.169745,0,adjusted_gross_income/amount
5001800US1227,FL-27,200000.0,500000.0,9122611446.95886,0,adjusted_gross_income/amount
5001800US1227,FL-27,500000.0,inf,51179994219.4462,0,adjusted_gross_income/amount
5001800US1227,FL-27,-inf,1.0,10390.029806788429,1,adjusted_gross_income/count
5001800US1227,FL-27,1.0,10000.0,48129.86384405206,1,adjusted_gross_income/count
5001800US1227,FL-27,10000.0,25000.0,85369.9044695486,1,adjusted_gross_income/count
5001800US1227,FL-27,25000.0,50000.0,90600.94346382863,1,adjusted_gross_income/count
5001800US1227,FL-27,50000.0,75000.0,50418.10313618522,1,adjusted_gross_income/count
5001800US1227,FL-27,75000.0,100000.0,29688.82431045629,1,adjusted_gross_income/count
5001800US1227,FL-27,100000.0,200000.0,49634.375904875524,1,adjusted_gross_income/count
5001800US1227,FL-27,200000.0,500000.0,29986.112339954067,1,adjusted_gross_income/count
5001800US1227,FL-27,500000.0,inf,16524.153122847463,1,adjusted_gross_income/count
5001800US1228,FL-28,-inf,1.0,-367171505.29313797,0,adjusted_gross_income/amount
5001800US1228,FL-28,1.0,10000.0,253342005.5388098,0,adjusted_gross_income/amount
5001800US1228,FL-28,10000.0,25000.0,1753829496.9835527,0,adjusted_gross_income/amount
5001800US1228,FL-28,25000.0,50000.0,3927587661.035569,0,adjusted_gross_income/amount
5001800US1228,FL-28,50000.0,75000.0,3474008906.8577423,0,adjusted_gross_income/amount
5001800US1228,FL-28,75000.0,100000.0,2707337858.368134,0,adjusted_gross_income/amount
5001800US1228,FL-28,100000.0,200000.0,6229164845.54771,0,adjusted_gross_income/amount
5001800US1228,FL-28,200000.0,500000.0,4001060614.4161263,0,adjusted_gross_income/amount
5001800US1228,FL-28,500000.0,inf,7569371444.316538,0,adjusted_gross_income/amount
5001800US1228,FL-28,-inf,1.0,7615.988252199433,1,adjusted_gross_income/count
5001800US1228,FL-28,1.0,10000.0,49102.31268543968,1,adjusted_gross_income/count
5001800US1228,FL-28,10000.0,25000.0,104221.91360810341,1,adjusted_gross_income/count
5001800US1228,FL-28,25000.0,50000.0,108745.24067128141,1,adjusted_gross_income/count
5001800US1228,FL-28,50000.0,75000.0,56778.85778716097,1,adjusted_gross_income/count
5001800US1228,FL-28,75000.0,100000.0,31347.24341617754,1,adjusted_gross_income/count
5001800US1228,FL-28,100000.0,200000.0,45647.26004183566,1,adjusted_gross_income/count
5001800US1228,FL-28,200000.0,500000.0,14156.11348014654,1,adjusted_gross_income/count
5001800US1228,FL-28,500000.0,inf,3498.297080281252,1,adjusted_gross_income/count
5001800US1301,GA-01,-inf,1.0,-230064304.39968583,0,adjusted_gross_income/amount
5001800US1301,GA-01,1.0,10000.0,179728426.12221214,0,adjusted_gross_income/amount
5001800US1301,GA-01,10000.0,25000.0,1138922390.660693,0,adjusted_gross_income/amount
5001800US1301,GA-01,25000.0,50000.0,3063569870.023307,0,adjusted_gross_income/amount
5001800US1301,GA-01,50000.0,75000.0,2973896835.357011,0,adjusted_gross_income/amount
5001800US1301,GA-01,75000.0,100000.0,2569940865.6746683,0,adjusted_gross_income/amount
5001800US1301,GA-01,100000.0,200000.0,6250888914.9297495,0,adjusted_gross_income/amount
5001800US1301,GA-01,200000.0,500000.0,3704909012.1801076,0,adjusted_gross_income/amount
5001800US1301,GA-01,500000.0,inf,4442517712.099425,0,adjusted_gross_income/amount
5001800US1301,GA-01,-inf,1.0,5878.759500770606,1,adjusted_gross_income/count
5001800US1301,GA-01,1.0,10000.0,33620.42828194643,1,adjusted_gross_income/count
5001800US1301,GA-01,10000.0,25000.0,66347.19802240698,1,adjusted_gross_income/count
5001800US1301,GA-01,25000.0,50000.0,84206.3039162957,1,adjusted_gross_income/count
5001800US1301,GA-01,50000.0,75000.0,48409.79374478818,1,adjusted_gross_income/count
5001800US1301,GA-01,75000.0,100000.0,29691.877517879748,1,adjusted_gross_income/count
5001800US1301,GA-01,100000.0,200000.0,45887.81854748615,1,adjusted_gross_income/count
5001800US1301,GA-01,200000.0,500000.0,13147.875505811031,1,adjusted_gross_income/count
5001800US1301,GA-01,500000.0,inf,3211.9941756174535,1,adjusted_gross_income/count
5001800US1302,GA-02,-inf,1.0,-245473948.91421455,0,adjusted_gross_income/amount
5001800US1302,GA-02,1.0,10000.0,195175823.12448636,0,adjusted_gross_income/amount
5001800US1302,GA-02,10000.0,25000.0,1473515275.3751466,0,adjusted_gross_income/amount
5001800US1302,GA-02,25000.0,50000.0,3095997357.2989993,0,adjusted_gross_income/amount
5001800US1302,GA-02,50000.0,75000.0,2483260686.783464,0,adjusted_gross_income/amount
5001800US1302,GA-02,75000.0,100000.0,1952056477.3454916,0,adjusted_gross_income/amount
5001800US1302,GA-02,100000.0,200000.0,4187578265.377956,0,adjusted_gross_income/amount
5001800US1302,GA-02,200000.0,500000.0,2065761985.637124,0,adjusted_gross_income/amount
5001800US1302,GA-02,500000.0,inf,2226816447.707475,0,adjusted_gross_income/amount
5001800US1302,GA-02,-inf,1.0,7559.467414674839,1,adjusted_gross_income/count
5001800US1302,GA-02,1.0,10000.0,35356.27975928917,1,adjusted_gross_income/count
5001800US1302,GA-02,10000.0,25000.0,86271.20301802822,1,adjusted_gross_income/count
5001800US1302,GA-02,25000.0,50000.0,86220.53571192983,1,adjusted_gross_income/count
5001800US1302,GA-02,50000.0,75000.0,40618.157370101006,1,adjusted_gross_income/count
5001800US1302,GA-02,75000.0,100000.0,22589.203368107006,1,adjusted_gross_income/count
5001800US1302,GA-02,100000.0,200000.0,31199.62014056807,1,adjusted_gross_income/count
5001800US1302,GA-02,200000.0,500000.0,7353.750902534897,1,adjusted_gross_income/count
5001800US1302,GA-02,500000.0,inf,1606.6015244530263,1,adjusted_gross_income/count
5001800US1303,GA-03,-inf,1.0,-249859104.63425264,0,adjusted_gross_income/amount
5001800US1303,GA-03,1.0,10000.0,215435465.94304803,0,adjusted_gross_income/amount
5001800US1303,GA-03,10000.0,25000.0,1360522878.5854394,0,adjusted_gross_income/amount
5001800US1303,GA-03,25000.0,50000.0,3449865063.244801,0,adjusted_gross_income/amount
5001800US1303,GA-03,50000.0,75000.0,3519483276.6890182,0,adjusted_gross_income/amount
5001800US1303,GA-03,75000.0,100000.0,3118299398.6552405,0,adjusted_gross_income/amount
5001800US1303,GA-03,100000.0,200000.0,8258727277.927761,0,adjusted_gross_income/amount
5001800US1303,GA-03,200000.0,500000.0,5377774394.317659,0,adjusted_gross_income/amount
5001800US1303,GA-03,500000.0,inf,4623744728.9948,0,adjusted_gross_income/amount
5001800US1303,GA-03,-inf,1.0,6039.464962269504,1,adjusted_gross_income/count
5001800US1303,GA-03,1.0,10000.0,41241.22938539191,1,adjusted_gross_income/count
5001800US1303,GA-03,10000.0,25000.0,79725.33744417879,1,adjusted_gross_income/count
5001800US1303,GA-03,25000.0,50000.0,94254.50901021532,1,adjusted_gross_income/count
5001800US1303,GA-03,50000.0,75000.0,57270.93830562644,1,adjusted_gross_income/count
5001800US1303,GA-03,75000.0,100000.0,35985.00909951393,1,adjusted_gross_income/count
5001800US1303,GA-03,100000.0,200000.0,60228.11499906698,1,adjusted_gross_income/count
5001800US1303,GA-03,200000.0,500000.0,18964.700298531872,1,adjusted_gross_income/count
5001800US1303,GA-03,500000.0,inf,3478.4738055823937,1,adjusted_gross_income/count
5001800US1304,GA-04,-inf,1.0,-301583399.5795909,0,adjusted_gross_income/amount
5001800US1304,GA-04,1.0,10000.0,224379707.09446967,0,adjusted_gross_income/amount
5001800US1304,GA-04,10000.0,25000.0,1359253712.226233,0,adjusted_gross_income/amount
5001800US1304,GA-04,25000.0,50000.0,3263890100.6372614,0,adjusted_gross_income/amount
5001800US1304,GA-04,50000.0,75000.0,3295020284.044449,0,adjusted_gross_income/amount
5001800US1304,GA-04,75000.0,100000.0,2847974787.8753214,0,adjusted_gross_income/amount
5001800US1304,GA-04,100000.0,200000.0,7876770898.672693,0,adjusted_gross_income/amount
5001800US1304,GA-04,200000.0,500000.0,8671201162.884588,0,adjusted_gross_income/amount
5001800US1304,GA-04,500000.0,inf,9155174411.448051,0,adjusted_gross_income/amount
5001800US1304,GA-04,-inf,1.0,6961.371381543338,1,adjusted_gross_income/count
5001800US1304,GA-04,1.0,10000.0,45474.18107188608,1,adjusted_gross_income/count
5001800US1304,GA-04,10000.0,25000.0,79999.30567885037,1,adjusted_gross_income/count
5001800US1304,GA-04,25000.0,50000.0,89304.7359793455,1,adjusted_gross_income/count
5001800US1304,GA-04,50000.0,75000.0,53654.417968910144,1,adjusted_gross_income/count
5001800US1304,GA-04,75000.0,100000.0,32942.5759908161,1,adjusted_gross_income/count
5001800US1304,GA-04,100000.0,200000.0,56412.65083511464,1,adjusted_gross_income/count
5001800US1304,GA-04,200000.0,500000.0,29576.865303248534,1,adjusted_gross_income/count
5001800US1304,GA-04,500000.0,inf,7113.792621625371,1,adjusted_gross_income/count
5001800US1305,GA-05,-inf,1.0,-518308953.8250124,0,adjusted_gross_income/amount
5001800US1305,GA-05,1.0,10000.0,250726084.85212716,0,adjusted_gross_income/amount
5001800US1305,GA-05,10000.0,25000.0,1737350197.0353496,0,adjusted_gross_income/amount
5001800US1305,GA-05,25000.0,50000.0,3931913117.0199347,0,adjusted_gross_income/amount
5001800US1305,GA-05,50000.0,75000.0,3919992592.5749555,0,adjusted_gross_income/amount
5001800US1305,GA-05,75000.0,100000.0,3319510401.0642495,0,adjusted_gross_income/amount
5001800US1305,GA-05,100000.0,200000.0,8125888818.063741,0,adjusted_gross_income/amount
5001800US1305,GA-05,200000.0,500000.0,8968958609.225983,0,adjusted_gross_income/amount
5001800US1305,GA-05,500000.0,inf,14730766908.626617,0,adjusted_gross_income/amount
5001800US1305,GA-05,-inf,1.0,8424.21548960794,1,adjusted_gross_income/count
5001800US1305,GA-05,1.0,10000.0,48078.67773547,1,adjusted_gross_income/count
5001800US1305,GA-05,10000.0,25000.0,102589.15712366355,1,adjusted_gross_income/count
5001800US1305,GA-05,25000.0,50000.0,108011.14169975244,1,adjusted_gross_income/count
5001800US1305,GA-05,50000.0,75000.0,63821.60389897025,1,adjusted_gross_income/count
5001800US1305,GA-05,75000.0,100000.0,38432.67227591183,1,adjusted_gross_income/count
5001800US1305,GA-05,100000.0,200000.0,58752.43195678062,1,adjusted_gross_income/count
5001800US1305,GA-05,200000.0,500000.0,30119.626429889475,1,adjusted_gross_income/count
5001800US1305,GA-05,500000.0,inf,9528.029811338296,1,adjusted_gross_income/count
5001800US1306,GA-06,-inf,1.0,-369543790.50517213,0,adjusted_gross_income/amount
5001800US1306,GA-06,1.0,10000.0,201017099.9993326,0,adjusted_gross_income/amount
5001800US1306,GA-06,10000.0,25000.0,1274415332.9427,0,adjusted_gross_income/amount
5001800US1306,GA-06,25000.0,50000.0,3166266014.413247,0,adjusted_gross_income/amount
5001800US1306,GA-06,50000.0,75000.0,3237616408.969222,0,adjusted_gross_income/amount
5001800US1306,GA-06,75000.0,100000.0,2786294289.1896076,0,adjusted_gross_income/amount
5001800US1306,GA-06,100000.0,200000.0,7285594899.440659,0,adjusted_gross_income/amount
5001800US1306,GA-06,200000.0,500000.0,6322725824.357432,0,adjusted_gross_income/amount
5001800US1306,GA-06,500000.0,inf,9226979005.920261,0,adjusted_gross_income/amount
5001800US1306,GA-06,-inf,1.0,6152.198140274999,1,adjusted_gross_income/count
5001800US1306,GA-06,1.0,10000.0,39530.29449076077,1,adjusted_gross_income/count
5001800US1306,GA-06,10000.0,25000.0,74820.87155632164,1,adjusted_gross_income/count
5001800US1306,GA-06,25000.0,50000.0,86413.92230730272,1,adjusted_gross_income/count
5001800US1306,GA-06,50000.0,75000.0,52726.86808760858,1,adjusted_gross_income/count
5001800US1306,GA-06,75000.0,100000.0,32232.05945009793,1,adjusted_gross_income/count
5001800US1306,GA-06,100000.0,200000.0,52706.607671019905,1,adjusted_gross_income/count
5001800US1306,GA-06,200000.0,500000.0,21855.82608434232,1,adjusted_gross_income/count
5001800US1306,GA-06,500000.0,inf,5722.94704440386,1,adjusted_gross_income/count
5001800US1307,GA-07,-inf,1.0,-403230673.67894804,0,adjusted_gross_income/amount
5001800US1307,GA-07,1.0,10000.0,240770820.45600197,0,adjusted_gross_income/amount
5001800US1307,GA-07,10000.0,25000.0,1286176686.8450382,0,adjusted_gross_income/amount
5001800US1307,GA-07,25000.0,50000.0,3337409914.5910845,0,adjusted_gross_income/amount
5001800US1307,GA-07,50000.0,75000.0,3563352940.281941,0,adjusted_gross_income/amount
5001800US1307,GA-07,75000.0,100000.0,3358695971.2724786,0,adjusted_gross_income/amount
5001800US1307,GA-07,100000.0,200000.0,10516771128.316505,0,adjusted_gross_income/amount
5001800US1307,GA-07,200000.0,500000.0,11551004744.271652,0,adjusted_gross_income/amount
5001800US1307,GA-07,500000.0,inf,11238491734.56711,0,adjusted_gross_income/amount
5001800US1307,GA-07,-inf,1.0,7354.464639138754,1,adjusted_gross_income/count
5001800US1307,GA-07,1.0,10000.0,49952.21092607905,1,adjusted_gross_income/count
5001800US1307,GA-07,10000.0,25000.0,75501.54453859302,1,adjusted_gross_income/count
5001800US1307,GA-07,25000.0,50000.0,90969.20118633949,1,adjusted_gross_income/count
5001800US1307,GA-07,50000.0,75000.0,57886.35200130403,1,adjusted_gross_income/count
5001800US1307,GA-07,75000.0,100000.0,38749.211678103944,1,adjusted_gross_income/count
5001800US1307,GA-07,100000.0,200000.0,74905.97626584824,1,adjusted_gross_income/count
5001800US1307,GA-07,200000.0,500000.0,39666.711046683806,1,adjusted_gross_income/count
5001800US1307,GA-07,500000.0,inf,8802.604455955081,1,adjusted_gross_income/count
5001800US1308,GA-08,-inf,1.0,-249547933.72878385,0,adjusted_gross_income/amount
5001800US1308,GA-08,1.0,10000.0,186923859.15832734,0,adjusted_gross_income/amount
5001800US1308,GA-08,10000.0,25000.0,1250302854.255253,0,adjusted_gross_income/amount
5001800US1308,GA-08,25000.0,50000.0,2927801058.489183,0,adjusted_gross_income/amount
5001800US1308,GA-08,50000.0,75000.0,2673751928.9642625,0,adjusted_gross_income/amount
5001800US1308,GA-08,75000.0,100000.0,2318541324.246205,0,adjusted_gross_income/amount
5001800US1308,GA-08,100000.0,200000.0,5497378463.057052,0,adjusted_gross_income/amount
5001800US1308,GA-08,200000.0,500000.0,2776109563.495376,0,adjusted_gross_income/amount
5001800US1308,GA-08,500000.0,inf,2901447578.9470077,0,adjusted_gross_income/amount
5001800US1308,GA-08,-inf,1.0,7028.797549868931,1,adjusted_gross_income/count
5001800US1308,GA-08,1.0,10000.0,34254.89368412762,1,adjusted_gross_income/count
5001800US1308,GA-08,10000.0,25000.0,73239.06794116358,1,adjusted_gross_income/count
5001800US1308,GA-08,25000.0,50000.0,80987.10809769652,1,adjusted_gross_income/count
5001800US1308,GA-08,50000.0,75000.0,43503.42995431279,1,adjusted_gross_income/count
5001800US1308,GA-08,75000.0,100000.0,26785.64651722628,1,adjusted_gross_income/count
5001800US1308,GA-08,100000.0,200000.0,40680.796732831885,1,adjusted_gross_income/count
5001800US1308,GA-08,200000.0,500000.0,9914.004378042551,1,adjusted_gross_income/count
5001800US1308,GA-08,500000.0,inf,2195.270026928542,1,adjusted_gross_income/count
5001800US1309,GA-09,-inf,1.0,-217830616.83618253,0,adjusted_gross_income/amount
5001800US1309,GA-09,1.0,10000.0,129885354.90985386,0,adjusted_gross_income/amount
5001800US1309,GA-09,10000.0,25000.0,723212612.0251234,0,adjusted_gross_income/amount
5001800US1309,GA-09,25000.0,50000.0,2034958385.175855,0,adjusted_gross_income/amount
5001800US1309,GA-09,50000.0,75000.0,2057114870.7957919,0,adjusted_gross_income/amount
5001800US1309,GA-09,75000.0,100000.0,1910949216.4072747,0,adjusted_gross_income/amount
5001800US1309,GA-09,100000.0,200000.0,5196661031.291455,0,adjusted_gross_income/amount
5001800US1309,GA-09,200000.0,500000.0,3729715898.992389,0,adjusted_gross_income/amount
5001800US1309,GA-09,500000.0,inf,3107992824.317211,0,adjusted_gross_income/amount
5001800US1309,GA-09,-inf,1.0,4104.902520480085,1,adjusted_gross_income/count
5001800US1309,GA-09,1.0,10000.0,25402.212337752095,1,adjusted_gross_income/count
5001800US1309,GA-09,10000.0,25000.0,42235.318015542194,1,adjusted_gross_income/count
5001800US1309,GA-09,25000.0,50000.0,55437.83465612315,1,adjusted_gross_income/count
5001800US1309,GA-09,50000.0,75000.0,33441.50124022611,1,adjusted_gross_income/count
5001800US1309,GA-09,75000.0,100000.0,22042.736267367636,1,adjusted_gross_income/count
5001800US1309,GA-09,100000.0,200000.0,37818.535001661316,1,adjusted_gross_income/count
5001800US1309,GA-09,200000.0,500000.0,13197.569126638657,1,adjusted_gross_income/count
5001800US1309,GA-09,500000.0,inf,2387.063383333382,1,adjusted_gross_income/count
5001800US1310,GA-10,-inf,1.0,-240279491.33665326,0,adjusted_gross_income/amount
5001800US1310,GA-10,1.0,10000.0,182510912.6243717,0,adjusted_gross_income/amount
5001800US1310,GA-10,10000.0,25000.0,1086290214.1345737,0,adjusted_gross_income/amount
5001800US1310,GA-10,25000.0,50000.0,2822183606.457854,0,adjusted_gross_income/amount
5001800US1310,GA-10,50000.0,75000.0,2838517941.065179,0,adjusted_gross_income/amount
5001800US1310,GA-10,75000.0,100000.0,2638623791.0661597,0,adjusted_gross_income/amount
5001800US1310,GA-10,100000.0,200000.0,7211698161.232224,0,adjusted_gross_income/amount
5001800US1310,GA-10,200000.0,500000.0,4655823682.276113,0,adjusted_gross_income/amount
5001800US1310,GA-10,500000.0,inf,4604972563.3547535,0,adjusted_gross_income/amount
5001800US1310,GA-10,-inf,1.0,5969.654623195744,1,adjusted_gross_income/count
5001800US1310,GA-10,1.0,10000.0,34777.18041492769,1,adjusted_gross_income/count
5001800US1310,GA-10,10000.0,25000.0,63576.41469462782,1,adjusted_gross_income/count
5001800US1310,GA-10,25000.0,50000.0,77258.07149319455,1,adjusted_gross_income/count
5001800US1310,GA-10,50000.0,75000.0,46134.762914823594,1,adjusted_gross_income/count
5001800US1310,GA-10,75000.0,100000.0,30429.1113017075,1,adjusted_gross_income/count
5001800US1310,GA-10,100000.0,200000.0,52616.42749371515,1,adjusted_gross_income/count
5001800US1310,GA-10,200000.0,500000.0,16490.169096355392,1,adjusted_gross_income/count
5001800US1310,GA-10,500000.0,inf,3383.865265970887,1,adjusted_gross_income/count
5001800US1311,GA-11,-inf,1.0,-538723814.3548583,0,adjusted_gross_income/amount
5001800US1311,GA-11,1.0,10000.0,188991333.43620837,0,adjusted_gross_income/amount
5001800US1311,GA-11,10000.0,25000.0,962830672.5337626,0,adjusted_gross_income/amount
5001800US1311,GA-11,25000.0,50000.0,2619975731.274115,0,adjusted_gross_income/amount
5001800US1311,GA-11,50000.0,75000.0,3047316682.217181,0,adjusted_gross_income/amount
5001800US1311,GA-11,75000.0,100000.0,3023295027.470607,0,adjusted_gross_income/amount
5001800US1311,GA-11,100000.0,200000.0,10058757691.465385,0,adjusted_gross_income/amount
5001800US1311,GA-11,200000.0,500000.0,12119088589.04851,0,adjusted_gross_income/amount
5001800US1311,GA-11,500000.0,inf,17902980820.89377,0,adjusted_gross_income/amount
5001800US1311,GA-11,-inf,1.0,6197.339512386094,1,adjusted_gross_income/count
5001800US1311,GA-11,1.0,10000.0,39617.49023218652,1,adjusted_gross_income/count
5001800US1311,GA-11,10000.0,25000.0,56451.81556571673,1,adjusted_gross_income/count
5001800US1311,GA-11,25000.0,50000.0,71090.94887789153,1,adjusted_gross_income/count
5001800US1311,GA-11,50000.0,75000.0,49349.48970868922,1,adjusted_gross_income/count
5001800US1311,GA-11,75000.0,100000.0,34855.06395023026,1,adjusted_gross_income/count
5001800US1311,GA-11,100000.0,200000.0,71408.28296227603,1,adjusted_gross_income/count
5001800US1311,GA-11,200000.0,500000.0,41022.87592384995,1,adjusted_gross_income/count
5001800US1311,GA-11,500000.0,inf,11947.218202957612,1,adjusted_gross_income/count
5001800US1312,GA-12,-inf,1.0,-269523048.5380723,0,adjusted_gross_income/amount
5001800US1312,GA-12,1.0,10000.0,226353300.0824675,0,adjusted_gross_income/amount
5001800US1312,GA-12,10000.0,25000.0,1447353721.7022524,0,adjusted_gross_income/amount
5001800US1312,GA-12,25000.0,50000.0,3441617860.948654,0,adjusted_gross_income/amount
5001800US1312,GA-12,50000.0,75000.0,3200456874.845001,0,adjusted_gross_income/amount
5001800US1312,GA-12,75000.0,100000.0,2785509698.1976714,0,adjusted_gross_income/amount
5001800US1312,GA-12,100000.0,200000.0,6927116598.300256,0,adjusted_gross_income/amount
5001800US1312,GA-12,200000.0,500000.0,3881768052.678681,0,adjusted_gross_income/amount
5001800US1312,GA-12,500000.0,inf,3630338708.754058,0,adjusted_gross_income/amount
5001800US1312,GA-12,-inf,1.0,7552.818430098032,1,adjusted_gross_income/count
5001800US1312,GA-12,1.0,10000.0,41843.94845298978,1,adjusted_gross_income/count
5001800US1312,GA-12,10000.0,25000.0,84973.07550063876,1,adjusted_gross_income/count
5001800US1312,GA-12,25000.0,50000.0,94970.18408832267,1,adjusted_gross_income/count
5001800US1312,GA-12,50000.0,75000.0,52123.28896507363,1,adjusted_gross_income/count
5001800US1312,GA-12,75000.0,100000.0,32166.526108956416,1,adjusted_gross_income/count
5001800US1312,GA-12,100000.0,200000.0,50924.27016295219,1,adjusted_gross_income/count
5001800US1312,GA-12,200000.0,500000.0,13853.698402225671,1,adjusted_gross_income/count
5001800US1312,GA-12,500000.0,inf,2791.484099917092,1,adjusted_gross_income/count
5001800US1313,GA-13,-inf,1.0,-128050546.27991119,0,adjusted_gross_income/amount
5001800US1313,GA-13,1.0,10000.0,146336508.19996864,0,adjusted_gross_income/amount
5001800US1313,GA-13,10000.0,25000.0,970887881.1594845,0,adjusted_gross_income/amount
5001800US1313,GA-13,25000.0,50000.0,2307720780.5642085,0,adjusted_gross_income/amount
5001800US1313,GA-13,50000.0,75000.0,2188963730.124642,0,adjusted_gross_income/amount
5001800US1313,GA-13,75000.0,100000.0,1746223249.8096054,0,adjusted_gross_income/amount
5001800US1313,GA-13,100000.0,200000.0,3977817355.766453,0,adjusted_gross_income/amount
5001800US1313,GA-13,200000.0,500000.0,2765437544.2831807,0,adjusted_gross_income/amount
5001800US1313,GA-13,500000.0,inf,2050171984.1463318,0,adjusted_gross_income/amount
5001800US1313,GA-13,-inf,1.0,4296.233971626744,1,adjusted_gross_income/count
5001800US1313,GA-13,1.0,10000.0,28568.144929779082,1,adjusted_gross_income/count
5001800US1313,GA-13,10000.0,25000.0,57079.53520299365,1,adjusted_gross_income/count
5001800US1313,GA-13,25000.0,50000.0,63222.28971889797,1,adjusted_gross_income/count
5001800US1313,GA-13,50000.0,75000.0,35743.44848598588,1,adjusted_gross_income/count
5001800US1313,GA-13,75000.0,100000.0,20239.606904745146,1,adjusted_gross_income/count
5001800US1313,GA-13,100000.0,200000.0,29049.538139392695,1,adjusted_gross_income/count
5001800US1313,GA-13,200000.0,500000.0,9809.915022343574,1,adjusted_gross_income/count
5001800US1313,GA-13,500000.0,inf,1606.0363289317088,1,adjusted_gross_income/count
5001800US1314,GA-14,-inf,1.0,-221644622.75164452,0,adjusted_gross_income/amount
5001800US1314,GA-14,1.0,10000.0,181804646.48907015,0,adjusted_gross_income/amount
5001800US1314,GA-14,10000.0,25000.0,1089132383.4494913,0,adjusted_gross_income/amount
5001800US1314,GA-14,25000.0,50000.0,3206920143.2104783,0,adjusted_gross_income/amount
5001800US1314,GA-14,50000.0,75000.0,3079863317.667026,0,adjusted_gross_income/amount
5001800US1314,GA-14,75000.0,100000.0,2724809207.3898225,0,adjusted_gross_income/amount
5001800US1314,GA-14,100000.0,200000.0,6296802470.093684,0,adjusted_gross_income/amount
5001800US1314,GA-14,200000.0,500000.0,3128153351.6128635,0,adjusted_gross_income/amount
5001800US1314,GA-14,500000.0,inf,3684685837.6615753,0,adjusted_gross_income/amount
5001800US1314,GA-14,-inf,1.0,5215.931347907577,1,adjusted_gross_income/count
5001800US1314,GA-14,1.0,10000.0,34384.2186584302,1,adjusted_gross_income/count
5001800US1314,GA-14,10000.0,25000.0,63470.29982055369,1,adjusted_gross_income/count
5001800US1314,GA-14,25000.0,50000.0,87555.10235455298,1,adjusted_gross_income/count
5001800US1314,GA-14,50000.0,75000.0,50072.57757418102,1,adjusted_gross_income/count
5001800US1314,GA-14,75000.0,100000.0,31479.752348194244,1,adjusted_gross_income/count
5001800US1314,GA-14,100000.0,200000.0,46593.75422919438,1,adjusted_gross_income/count
5001800US1314,GA-14,200000.0,500000.0,11218.108141949,1,adjusted_gross_income/count
5001800US1314,GA-14,500000.0,inf,2234.260369838496,1,adjusted_gross_income/count
5001800US1501,HI-01,-inf,1.0,-299740118.4986808,0,adjusted_gross_income/amount
5001800US1501,HI-01,1.0,10000.0,167499963.66701016,0,adjusted_gross_income/amount
5001800US1501,HI-01,10000.0,25000.0,787562060.4534625,0,adjusted_gross_income/amount
5001800US1501,HI-01,25000.0,50000.0,2926778102.4265814,0,adjusted_gross_income/amount
5001800US1501,HI-01,50000.0,75000.0,3481122358.8130984,0,adjusted_gross_income/amount
5001800US1501,HI-01,75000.0,100000.0,3300100728.0530314,0,adjusted_gross_income/amount
5001800US1501,HI-01,100000.0,200000.0,9131097976.344702,0,adjusted_gross_income/amount
5001800US1501,HI-01,200000.0,500000.0,5896609979.811643,0,adjusted_gross_income/amount
5001800US1501,HI-01,500000.0,inf,5675699750.717354,0,adjusted_gross_income/amount
5001800US1501,HI-01,-inf,1.0,7335.984171248742,1,adjusted_gross_income/count
5001800US1501,HI-01,1.0,10000.0,36452.75712177918,1,adjusted_gross_income/count
5001800US1501,HI-01,10000.0,25000.0,45522.45015281974,1,adjusted_gross_income/count
5001800US1501,HI-01,25000.0,50000.0,78452.88835164241,1,adjusted_gross_income/count
5001800US1501,HI-01,50000.0,75000.0,56514.096139201465,1,adjusted_gross_income/count
5001800US1501,HI-01,75000.0,100000.0,38023.32665330247,1,adjusted_gross_income/count
5001800US1501,HI-01,100000.0,200000.0,66316.34826124608,1,adjusted_gross_income/count
5001800US1501,HI-01,200000.0,500000.0,21004.06546138944,1,adjusted_gross_income/count
5001800US1501,HI-01,500000.0,inf,3761.6379314273827,1,adjusted_gross_income/count
5001800US1502,HI-02,-inf,1.0,-387546920.11440015,0,adjusted_gross_income/amount
5001800US1502,HI-02,1.0,10000.0,180089951.09278303,0,adjusted_gross_income/amount
5001800US1502,HI-02,10000.0,25000.0,841892842.8032478,0,adjusted_gross_income/amount
5001800US1502,HI-02,25000.0,50000.0,2981104440.032419,0,adjusted_gross_income/amount
5001800US1502,HI-02,50000.0,75000.0,3315420429.296984,0,adjusted_gross_income/amount
5001800US1502,HI-02,75000.0,100000.0,2959077592.6148906,0,adjusted_gross_income/amount
5001800US1502,HI-02,100000.0,200000.0,7700634788.340163,0,adjusted_gross_income/amount
5001800US1502,HI-02,200000.0,500000.0,4714710010.000444,0,adjusted_gross_income/amount
5001800US1502,HI-02,500000.0,inf,4667744978.172626,0,adjusted_gross_income/amount
5001800US1502,HI-02,-inf,1.0,8766.986241820214,1,adjusted_gross_income/count
5001800US1502,HI-02,1.0,10000.0,38666.011458151435,1,adjusted_gross_income/count
5001800US1502,HI-02,10000.0,25000.0,48880.98528761364,1,adjusted_gross_income/count
5001800US1502,HI-02,25000.0,50000.0,80273.88489878329,1,adjusted_gross_income/count
5001800US1502,HI-02,50000.0,75000.0,54004.36297563602,1,adjusted_gross_income/count
5001800US1502,HI-02,75000.0,100000.0,34142.975010176146,1,adjusted_gross_income/count
5001800US1502,HI-02,100000.0,200000.0,56274.67012032025,1,adjusted_gross_income/count
5001800US1502,HI-02,200000.0,500000.0,16669.40682281834,1,adjusted_gross_income/count
5001800US1502,HI-02,500000.0,inf,3197.9095405713715,1,adjusted_gross_income/count
5001800US1601,ID-01,-inf,1.0,-511385267.63222015,0,adjusted_gross_income/amount
5001800US1601,ID-01,1.0,10000.0,222841134.53223357,0,adjusted_gross_income/amount
5001800US1601,ID-01,10000.0,25000.0,1216258071.124383,0,adjusted_gross_income/amount
5001800US1601,ID-01,25000.0,50000.0,4064461387.687341,0,adjusted_gross_income/amount
5001800US1601,ID-01,50000.0,75000.0,4456020661.487018,0,adjusted_gross_income/amount
5001800US1601,ID-01,75000.0,100000.0,4400443989.708678,0,adjusted_gross_income/amount
5001800US1601,ID-01,100000.0,200000.0,11073541233.75995,0,adjusted_gross_income/amount
5001800US1601,ID-01,200000.0,500000.0,6817875751.610469,0,adjusted_gross_income/amount
5001800US1601,ID-01,500000.0,inf,7587797904.084794,0,adjusted_gross_income/amount
5001800US1601,ID-01,-inf,1.0,8631.409520908857,1,adjusted_gross_income/count
5001800US1601,ID-01,1.0,10000.0,43508.45652504368,1,adjusted_gross_income/count
5001800US1601,ID-01,10000.0,25000.0,70319.89335308738,1,adjusted_gross_income/count
5001800US1601,ID-01,25000.0,50000.0,110071.5607367545,1,adjusted_gross_income/count
5001800US1601,ID-01,50000.0,75000.0,72222.01491630517,1,adjusted_gross_income/count
5001800US1601,ID-01,75000.0,100000.0,50683.90429970301,1,adjusted_gross_income/count
5001800US1601,ID-01,100000.0,200000.0,81453.03783619592,1,adjusted_gross_income/count
5001800US1601,ID-01,200000.0,500000.0,23931.311154709598,1,adjusted_gross_income/count
5001800US1601,ID-01,500000.0,inf,5429.527293999701,1,adjusted_gross_income/count
5001800US1602,ID-02,-inf,1.0,-606886717.1545414,0,adjusted_gross_income/amount
5001800US1602,ID-02,1.0,10000.0,212151516.33538547,0,adjusted_gross_income/amount
5001800US1602,ID-02,10000.0,25000.0,1168040072.138746,0,adjusted_gross_income/amount
5001800US1602,ID-02,25000.0,50000.0,3724702283.22479,0,adjusted_gross_income/amount
5001800US1602,ID-02,50000.0,75000.0,3890083795.729948,0,adjusted_gross_income/amount
5001800US1602,ID-02,75000.0,100000.0,3600896586.4175706,0,adjusted_gross_income/amount
5001800US1602,ID-02,100000.0,200000.0,8488858863.660473,0,adjusted_gross_income/amount
5001800US1602,ID-02,200000.0,500000.0,5536064750.239992,0,adjusted_gross_income/amount
5001800US1602,ID-02,500000.0,inf,8004768446.947714,0,adjusted_gross_income/amount
5001800US1602,ID-02,-inf,1.0,7418.660200921373,1,adjusted_gross_income/count
5001800US1602,ID-02,1.0,10000.0,40843.40786984072,1,adjusted_gross_income/count
5001800US1602,ID-02,10000.0,25000.0,67362.24804428837,1,adjusted_gross_income/count
5001800US1602,ID-02,25000.0,50000.0,101212.61598238024,1,adjusted_gross_income/count
5001800US1602,ID-02,50000.0,75000.0,63215.304620318864,1,adjusted_gross_income/count
5001800US1602,ID-02,75000.0,100000.0,41549.22682897156,1,adjusted_gross_income/count
5001800US1602,ID-02,100000.0,200000.0,62680.75203626803,1,adjusted_gross_income/count
5001800US1602,ID-02,200000.0,500000.0,19040.77866186474,1,adjusted_gross_income/count
5001800US1602,ID-02,500000.0,inf,5075.450022224834,1,adjusted_gross_income/count
5001800US1701,IL-01,-inf,1.0,-175310922.95877478,0,adjusted_gross_income/amount
5001800US1701,IL-01,1.0,10000.0,186049009.51429397,0,adjusted_gross_income/amount
5001800US1701,IL-01,10000.0,25000.0,1160691338.588159,0,adjusted_gross_income/amount
5001800US1701,IL-01,25000.0,50000.0,3025648697.2879744,0,adjusted_gross_income/amount
5001800US1701,IL-01,50000.0,75000.0,3181623447.532871,0,adjusted_gross_income/amount
5001800US1701,IL-01,75000.0,100000.0,2938620566.022172,0,adjusted_gross_income/amount
5001800US1701,IL-01,100000.0,200000.0,7070787519.704267,0,adjusted_gross_income/amount
5001800US1701,IL-01,200000.0,500000.0,4151113796.030799,0,adjusted_gross_income/amount
5001800US1701,IL-01,500000.0,inf,4014574053.8011556,0,adjusted_gross_income/amount
5001800US1701,IL-01,-inf,1.0,5261.517166583678,1,adjusted_gross_income/count
5001800US1701,IL-01,1.0,10000.0,35313.763770049256,1,adjusted_gross_income/count
5001800US1701,IL-01,10000.0,25000.0,68204.82062851539,1,adjusted_gross_income/count
5001800US1701,IL-01,25000.0,50000.0,82173.28239031903,1,adjusted_gross_income/count
5001800US1701,IL-01,50000.0,75000.0,51734.02561907826,1,adjusted_gross_income/count
5001800US1701,IL-01,75000.0,100000.0,33969.43684009583,1,adjusted_gross_income/count
5001800US1701,IL-01,100000.0,200000.0,51601.39389055038,1,adjusted_gross_income/count
5001800US1701,IL-01,200000.0,500000.0,14949.576018268353,1,adjusted_gross_income/count
5001800US1701,IL-01,500000.0,inf,2496.6261699558945,1,adjusted_gross_income/count
5001800US1702,IL-02,-inf,1.0,-148217750.51526436,0,adjusted_gross_income/amount
5001800US1702,IL-02,1.0,10000.0,204153713.40911156,0,adjusted_gross_income/amount
5001800US1702,IL-02,10000.0,25000.0,1307354772.310947,0,adjusted_gross_income/amount
5001800US1702,IL-02,25000.0,50000.0,3423477266.9316154,0,adjusted_gross_income/amount
5001800US1702,IL-02,50000.0,75000.0,3426438196.470669,0,adjusted_gross_income/amount
5001800US1702,IL-02,75000.0,100000.0,3060633296.432271,0,adjusted_gross_income/amount
5001800US1702,IL-02,100000.0,200000.0,6267240197.235866,0,adjusted_gross_income/amount
5001800US1702,IL-02,200000.0,500000.0,2498183381.5921407,0,adjusted_gross_income/amount
5001800US1702,IL-02,500000.0,inf,2090835328.174457,0,adjusted_gross_income/amount
5001800US1702,IL-02,-inf,1.0,5622.782000295841,1,adjusted_gross_income/count
5001800US1702,IL-02,1.0,10000.0,38128.420609967776,1,adjusted_gross_income/count
5001800US1702,IL-02,10000.0,25000.0,76775.96284091116,1,adjusted_gross_income/count
5001800US1702,IL-02,25000.0,50000.0,93097.23204843662,1,adjusted_gross_income/count
5001800US1702,IL-02,50000.0,75000.0,55748.360334300734,1,adjusted_gross_income/count
5001800US1702,IL-02,75000.0,100000.0,35420.73970942828,1,adjusted_gross_income/count
5001800US1702,IL-02,100000.0,200000.0,46656.94936873464,1,adjusted_gross_income/count
5001800US1702,IL-02,200000.0,500000.0,9200.03326667344,1,adjusted_gross_income/count
5001800US1702,IL-02,500000.0,inf,1272.1154496888983,1,adjusted_gross_income/count
5001800US1703,IL-03,-inf,1.0,-318305734.59594595,0,adjusted_gross_income/amount
5001800US1703,IL-03,1.0,10000.0,179890706.01800293,0,adjusted_gross_income/amount
5001800US1703,IL-03,10000.0,25000.0,953936492.8080013,0,adjusted_gross_income/amount
5001800US1703,IL-03,25000.0,50000.0,3259937461.471699,0,adjusted_gross_income/amount
5001800US1703,IL-03,50000.0,75000.0,3591826672.4883065,0,adjusted_gross_income/amount
5001800US1703,IL-03,75000.0,100000.0,3177719683.638346,0,adjusted_gross_income/amount
5001800US1703,IL-03,100000.0,200000.0,8228690047.295914,0,adjusted_gross_income/amount
5001800US1703,IL-03,200000.0,500000.0,7758913012.695328,0,adjusted_gross_income/amount
5001800US1703,IL-03,500000.0,inf,9749991540.79541,0,adjusted_gross_income/amount
5001800US1703,IL-03,-inf,1.0,5097.5693125015405,1,adjusted_gross_income/count
5001800US1703,IL-03,1.0,10000.0,35653.644522906274,1,adjusted_gross_income/count
5001800US1703,IL-03,10000.0,25000.0,55409.134537839884,1,adjusted_gross_income/count
5001800US1703,IL-03,25000.0,50000.0,87783.52317099393,1,adjusted_gross_income/count
5001800US1703,IL-03,50000.0,75000.0,58373.40267548282,1,adjusted_gross_income/count
5001800US1703,IL-03,75000.0,100000.0,36736.920356466086,1,adjusted_gross_income/count
5001800US1703,IL-03,100000.0,200000.0,59374.241408372,1,adjusted_gross_income/count
5001800US1703,IL-03,200000.0,500000.0,26665.970915351925,1,adjusted_gross_income/count
5001800US1703,IL-03,500000.0,inf,6767.055747218778,1,adjusted_gross_income/count
5001800US1704,IL-04,-inf,1.0,-220024273.07140127,0,adjusted_gross_income/amount
5001800US1704,IL-04,1.0,10000.0,181190889.20780414,0,adjusted_gross_income/amount
5001800US1704,IL-04,10000.0,25000.0,1039103409.6885108,0,adjusted_gross_income/amount
5001800US1704,IL-04,25000.0,50000.0,3413409083.178305,0,adjusted_gross_income/amount
5001800US1704,IL-04,50000.0,75000.0,3541175345.161771,0,adjusted_gross_income/amount
5001800US1704,IL-04,75000.0,100000.0,3024164374.5312343,0,adjusted_gross_income/amount
5001800US1704,IL-04,100000.0,200000.0,7081054233.160217,0,adjusted_gross_income/amount
5001800US1704,IL-04,200000.0,500000.0,5688062711.9947195,0,adjusted_gross_income/amount
5001800US1704,IL-04,500000.0,inf,6529757893.15506,0,adjusted_gross_income/amount
5001800US1704,IL-04,-inf,1.0,4843.589826130879,1,adjusted_gross_income/count
5001800US1704,IL-04,1.0,10000.0,35321.315704972825,1,adjusted_gross_income/count
5001800US1704,IL-04,10000.0,25000.0,60332.30313219271,1,adjusted_gross_income/count
5001800US1704,IL-04,25000.0,50000.0,92161.49730579562,1,adjusted_gross_income/count
5001800US1704,IL-04,50000.0,75000.0,57660.16055236594,1,adjusted_gross_income/count
5001800US1704,IL-04,75000.0,100000.0,34988.5256680526,1,adjusted_gross_income/count
5001800US1704,IL-04,100000.0,200000.0,51553.88970424005,1,adjusted_gross_income/count
5001800US1704,IL-04,200000.0,500000.0,19804.917050780943,1,adjusted_gross_income/count
5001800US1704,IL-04,500000.0,inf,4429.260516742976,1,adjusted_gross_income/count
5001800US1705,IL-05,-inf,1.0,-562789101.7317587,0,adjusted_gross_income/amount
5001800US1705,IL-05,1.0,10000.0,176503431.26056904,0,adjusted_gross_income/amount
5001800US1705,IL-05,10000.0,25000.0,804746728.3475654,0,adjusted_gross_income/amount
5001800US1705,IL-05,25000.0,50000.0,2635015473.564291,0,adjusted_gross_income/amount
5001800US1705,IL-05,50000.0,75000.0,3498113801.003237,0,adjusted_gross_income/amount
5001800US1705,IL-05,75000.0,100000.0,3520881188.108135,0,adjusted_gross_income/amount
5001800US1705,IL-05,100000.0,200000.0,10186365186.02992,0,adjusted_gross_income/amount
5001800US1705,IL-05,200000.0,500000.0,12043307311.079859,0,adjusted_gross_income/amount
5001800US1705,IL-05,500000.0,inf,21380565224.61125,0,adjusted_gross_income/amount
5001800US1705,IL-05,-inf,1.0,5577.072000069984,1,adjusted_gross_income/count
5001800US1705,IL-05,1.0,10000.0,36009.844665259785,1,adjusted_gross_income/count
5001800US1705,IL-05,10000.0,25000.0,47041.75298933045,1,adjusted_gross_income/count
5001800US1705,IL-05,25000.0,50000.0,70566.30479468725,1,adjusted_gross_income/count
5001800US1705,IL-05,50000.0,75000.0,56520.713919746144,1,adjusted_gross_income/count
5001800US1705,IL-05,75000.0,100000.0,40634.697609949995,1,adjusted_gross_income/count
5001800US1705,IL-05,100000.0,200000.0,72845.31249235422,1,adjusted_gross_income/count
5001800US1705,IL-05,200000.0,500000.0,40529.15564398628,1,adjusted_gross_income/count
5001800US1705,IL-05,500000.0,inf,13503.82242264034,1,adjusted_gross_income/count
5001800US1706,IL-06,-inf,1.0,-325388251.0570877,0,adjusted_gross_income/amount
5001800US1706,IL-06,1.0,10000.0,195626901.0536941,0,adjusted_gross_income/amount
5001800US1706,IL-06,10000.0,25000.0,975094841.3134803,0,adjusted_gross_income/amount
5001800US1706,IL-06,25000.0,50000.0,2963600254.2948995,0,adjusted_gross_income/amount
5001800US1706,IL-06,50000.0,75000.0,3481166379.6110773,0,adjusted_gross_income/amount
5001800US1706,IL-06,75000.0,100000.0,3385688223.6206713,0,adjusted_gross_income/amount
5001800US1706,IL-06,100000.0,200000.0,9812133886.995651,0,adjusted_gross_income/amount
5001800US1706,IL-06,200000.0,500000.0,8587184839.450219,0,adjusted_gross_income/amount
5001800US1706,IL-06,500000.0,inf,9414544664.899158,0,adjusted_gross_income/amount
5001800US1706,IL-06,-inf,1.0,5185.254415550054,1,adjusted_gross_income/count
5001800US1706,IL-06,1.0,10000.0,38805.204127915815,1,adjusted_gross_income/count
5001800US1706,IL-06,10000.0,25000.0,56999.87916771156,1,adjusted_gross_income/count
5001800US1706,IL-06,25000.0,50000.0,79814.24684582408,1,adjusted_gross_income/count
5001800US1706,IL-06,50000.0,75000.0,56428.44386319516,1,adjusted_gross_income/count
5001800US1706,IL-06,75000.0,100000.0,39042.468416821575,1,adjusted_gross_income/count
5001800US1706,IL-06,100000.0,200000.0,70487.75432324877,1,adjusted_gross_income/count
5001800US1706,IL-06,200000.0,500000.0,29936.222076243077,1,adjusted_gross_income/count
5001800US1706,IL-06,500000.0,inf,6670.398628636634,1,adjusted_gross_income/count
5001800US1707,IL-07,-inf,1.0,-434750699.98396325,0,adjusted_gross_income/amount
5001800US1707,IL-07,1.0,10000.0,160132601.19262135,0,adjusted_gross_income/amount
5001800US1707,IL-07,10000.0,25000.0,1057960870.9124907,0,adjusted_gross_income/amount
5001800US1707,IL-07,25000.0,50000.0,2835472368.8537273,0,adjusted_gross_income/amount
5001800US1707,IL-07,50000.0,75000.0,3081741865.6016693,0,adjusted_gross_income/amount
5001800US1707,IL-07,75000.0,100000.0,2928364782.3302636,0,adjusted_gross_income/amount
5001800US1707,IL-07,100000.0,200000.0,7464536544.470276,0,adjusted_gross_income/amount
5001800US1707,IL-07,200000.0,500000.0,8059740866.32791,0,adjusted_gross_income/amount
5001800US1707,IL-07,500000.0,inf,16129442752.138554,0,adjusted_gross_income/amount
5001800US1707,IL-07,-inf,1.0,5870.896982329641,1,adjusted_gross_income/count
5001800US1707,IL-07,1.0,10000.0,30725.916643757708,1,adjusted_gross_income/count
5001800US1707,IL-07,10000.0,25000.0,62134.43231924089,1,adjusted_gross_income/count
5001800US1707,IL-07,25000.0,50000.0,77070.48723669857,1,adjusted_gross_income/count
5001800US1707,IL-07,50000.0,75000.0,49977.92694852649,1,adjusted_gross_income/count
5001800US1707,IL-07,75000.0,100000.0,33855.816060248166,1,adjusted_gross_income/count
5001800US1707,IL-07,100000.0,200000.0,53870.54290342012,1,adjusted_gross_income/count
5001800US1707,IL-07,200000.0,500000.0,27213.69700454956,1,adjusted_gross_income/count
5001800US1707,IL-07,500000.0,inf,8506.947838747963,1,adjusted_gross_income/count
5001800US1708,IL-08,-inf,1.0,-308921439.4029054,0,adjusted_gross_income/amount
5001800US1708,IL-08,1.0,10000.0,173542564.2049828,0,adjusted_gross_income/amount
5001800US1708,IL-08,10000.0,25000.0,833931873.7631165,0,adjusted_gross_income/amount
5001800US1708,IL-08,25000.0,50000.0,2852061890.6822877,0,adjusted_gross_income/amount
5001800US1708,IL-08,50000.0,75000.0,3430646351.6921296,0,adjusted_gross_income/amount
5001800US1708,IL-08,75000.0,100000.0,3246711661.993772,0,adjusted_gross_income/amount
5001800US1708,IL-08,100000.0,200000.0,9100157732.83366,0,adjusted_gross_income/amount
5001800US1708,IL-08,200000.0,500000.0,7207677767.742078,0,adjusted_gross_income/amount
5001800US1708,IL-08,500000.0,inf,7379964682.609608,0,adjusted_gross_income/amount
5001800US1708,IL-08,-inf,1.0,4856.4826982459435,1,adjusted_gross_income/count
5001800US1708,IL-08,1.0,10000.0,34938.90641808955,1,adjusted_gross_income/count
5001800US1708,IL-08,10000.0,25000.0,48531.303206252276,1,adjusted_gross_income/count
5001800US1708,IL-08,25000.0,50000.0,76465.41320723185,1,adjusted_gross_income/count
5001800US1708,IL-08,50000.0,75000.0,55614.54736833575,1,adjusted_gross_income/count
5001800US1708,IL-08,75000.0,100000.0,37449.184767405524,1,adjusted_gross_income/count
5001800US1708,IL-08,100000.0,200000.0,65688.59962644482,1,adjusted_gross_income/count
5001800US1708,IL-08,200000.0,500000.0,25276.747182922714,1,adjusted_gross_income/count
5001800US1708,IL-08,500000.0,inf,5214.745316535892,1,adjusted_gross_income/count
5001800US1709,IL-09,-inf,1.0,-606738555.3945577,0,adjusted_gross_income/amount
5001800US1709,IL-09,1.0,10000.0,197182657.92013833,0,adjusted_gross_income/amount
5001800US1709,IL-09,10000.0,25000.0,824570548.0380782,0,adjusted_gross_income/amount
5001800US1709,IL-09,25000.0,50000.0,2589112526.2734904,0,adjusted_gross_income/amount
5001800US1709,IL-09,50000.0,75000.0,3241359819.309316,0,adjusted_gross_income/amount
5001800US1709,IL-09,75000.0,100000.0,3290737823.531244,0,adjusted_gross_income/amount
5001800US1709,IL-09,100000.0,200000.0,10443473724.241652,0,adjusted_gross_income/amount
5001800US1709,IL-09,200000.0,500000.0,12213339710.706656,0,adjusted_gross_income/amount
5001800US1709,IL-09,500000.0,inf,21604363575.110054,0,adjusted_gross_income/amount
5001800US1709,IL-09,-inf,1.0,6097.376950326999,1,adjusted_gross_income/count
5001800US1709,IL-09,1.0,10000.0,41072.29071999126,1,adjusted_gross_income/count
5001800US1709,IL-09,10000.0,25000.0,48375.77888473199,1,adjusted_gross_income/count
5001800US1709,IL-09,25000.0,50000.0,69518.37804086163,1,adjusted_gross_income/count
5001800US1709,IL-09,50000.0,75000.0,52455.014411617936,1,adjusted_gross_income/count
5001800US1709,IL-09,75000.0,100000.0,37934.46835601345,1,adjusted_gross_income/count
5001800US1709,IL-09,100000.0,200000.0,74195.99531485172,1,adjusted_gross_income/count
5001800US1709,IL-09,200000.0,500000.0,41407.565227168125,1,adjusted_gross_income/count
5001800US1709,IL-09,500000.0,inf,13070.42638322327,1,adjusted_gross_income/count
5001800US1710,IL-10,-inf,1.0,-495122660.2707584,0,adjusted_gross_income/amount
5001800US1710,IL-10,1.0,10000.0,202156575.33288366,0,adjusted_gross_income/amount
5001800US1710,IL-10,10000.0,25000.0,879712464.4030476,0,adjusted_gross_income/amount
5001800US1710,IL-10,25000.0,50000.0,2863322617.1913385,0,adjusted_gross_income/amount
5001800US1710,IL-10,50000.0,75000.0,3285836508.2147317,0,adjusted_gross_income/amount
5001800US1710,IL-10,75000.0,100000.0,3191722045.7950883,0,adjusted_gross_income/amount
5001800US1710,IL-10,100000.0,200000.0,10284571797.944984,0,adjusted_gross_income/amount
5001800US1710,IL-10,200000.0,500000.0,11998505669.85317,0,adjusted_gross_income/amount
5001800US1710,IL-10,500000.0,inf,21999186688.4873,0,adjusted_gross_income/amount
5001800US1710,IL-10,-inf,1.0,5698.263839637982,1,adjusted_gross_income/count
5001800US1710,IL-10,1.0,10000.0,41584.647812815645,1,adjusted_gross_income/count
5001800US1710,IL-10,10000.0,25000.0,51389.8952895386,1,adjusted_gross_income/count
5001800US1710,IL-10,25000.0,50000.0,77063.76421540987,1,adjusted_gross_income/count
5001800US1710,IL-10,50000.0,75000.0,53343.06359807847,1,adjusted_gross_income/count
5001800US1710,IL-10,75000.0,100000.0,36784.75875028312,1,adjusted_gross_income/count
5001800US1710,IL-10,100000.0,200000.0,73080.06061487361,1,adjusted_gross_income/count
5001800US1710,IL-10,200000.0,500000.0,40632.63373278254,1,adjusted_gross_income/count
5001800US1710,IL-10,500000.0,inf,12332.020248537618,1,adjusted_gross_income/count
5001800US1711,IL-11,-inf,1.0,-284178193.85085547,0,adjusted_gross_income/amount
5001800US1711,IL-11,1.0,10000.0,215044269.22694853,0,adjusted_gross_income/amount
5001800US1711,IL-11,10000.0,25000.0,970606210.5372837,0,adjusted_gross_income/amount
5001800US1711,IL-11,25000.0,50000.0,3056582914.9142694,0,adjusted_gross_income/amount
5001800US1711,IL-11,50000.0,75000.0,3630948689.685633,0,adjusted_gross_income/amount
5001800US1711,IL-11,75000.0,100000.0,3709427141.547256,0,adjusted_gross_income/amount
5001800US1711,IL-11,100000.0,200000.0,12270778140.87671,0,adjusted_gross_income/amount
5001800US1711,IL-11,200000.0,500000.0,10121657731.37434,0,adjusted_gross_income/amount
5001800US1711,IL-11,500000.0,inf,7354563780.405388,0,adjusted_gross_income/amount
5001800US1711,IL-11,-inf,1.0,5120.6142760918,1,adjusted_gross_income/count
5001800US1711,IL-11,1.0,10000.0,42625.35354867786,1,adjusted_gross_income/count
5001800US1711,IL-11,10000.0,25000.0,56714.556756958365,1,adjusted_gross_income/count
5001800US1711,IL-11,25000.0,50000.0,82276.77229397038,1,adjusted_gross_income/count
5001800US1711,IL-11,50000.0,75000.0,58834.18998036278,1,adjusted_gross_income/count
5001800US1711,IL-11,75000.0,100000.0,42686.412490482115,1,adjusted_gross_income/count
5001800US1711,IL-11,100000.0,200000.0,87573.839085284,1,adjusted_gross_income/count
5001800US1711,IL-11,200000.0,500000.0,35808.85154568795,1,adjusted_gross_income/count
5001800US1711,IL-11,500000.0,inf,5845.372253321018,1,adjusted_gross_income/count
5001800US1712,IL-12,-inf,1.0,-155580246.18640342,0,adjusted_gross_income/amount
5001800US1712,IL-12,1.0,10000.0,198233503.0575233,0,adjusted_gross_income/amount
5001800US1712,IL-12,10000.0,25000.0,1031470982.7308325,0,adjusted_gross_income/amount
5001800US1712,IL-12,25000.0,50000.0,3004040150.751913,0,adjusted_gross_income/amount
5001800US1712,IL-12,50000.0,75000.0,3162326443.8458085,0,adjusted_gross_income/amount
5001800US1712,IL-12,75000.0,100000.0,3047588961.237762,0,adjusted_gross_income/amount
5001800US1712,IL-12,100000.0,200000.0,7779085749.156627,0,adjusted_gross_income/amount
5001800US1712,IL-12,200000.0,500000.0,3530671825.955983,0,adjusted_gross_income/amount
5001800US1712,IL-12,500000.0,inf,2230169246.9846582,0,adjusted_gross_income/amount
5001800US1712,IL-12,-inf,1.0,4960.437216852752,1,adjusted_gross_income/count
5001800US1712,IL-12,1.0,10000.0,38078.75558893211,1,adjusted_gross_income/count
5001800US1712,IL-12,10000.0,25000.0,60051.62679798347,1,adjusted_gross_income/count
5001800US1712,IL-12,25000.0,50000.0,81759.58234341136,1,adjusted_gross_income/count
5001800US1712,IL-12,50000.0,75000.0,51415.51580345,1,adjusted_gross_income/count
5001800US1712,IL-12,75000.0,100000.0,35111.59746788169,1,adjusted_gross_income/count
5001800US1712,IL-12,100000.0,200000.0,57354.82309164022,1,adjusted_gross_income/count
5001800US1712,IL-12,200000.0,500000.0,12868.859636653979,1,adjusted_gross_income/count
5001800US1712,IL-12,500000.0,inf,1903.367540613343,1,adjusted_gross_income/count
5001800US1713,IL-13,-inf,1.0,-131081939.08785824,0,adjusted_gross_income/amount
5001800US1713,IL-13,1.0,10000.0,185759526.1731906,0,adjusted_gross_income/amount
5001800US1713,IL-13,10000.0,25000.0,996383370.275849,0,adjusted_gross_income/amount
5001800US1713,IL-13,25000.0,50000.0,2934858216.059001,0,adjusted_gross_income/amount
5001800US1713,IL-13,50000.0,75000.0,3047919269.663923,0,adjusted_gross_income/amount
5001800US1713,IL-13,75000.0,100000.0,2879400223.430873,0,adjusted_gross_income/amount
5001800US1713,IL-13,100000.0,200000.0,7680808928.792012,0,adjusted_gross_income/amount
5001800US1713,IL-13,200000.0,500000.0,4056349981.158495,0,adjusted_gross_income/amount
5001800US1713,IL-13,500000.0,inf,2581557260.122073,0,adjusted_gross_income/amount
5001800US1713,IL-13,-inf,1.0,4370.290431081232,1,adjusted_gross_income/count
5001800US1713,IL-13,1.0,10000.0,35695.260055165745,1,adjusted_gross_income/count
5001800US1713,IL-13,10000.0,25000.0,57950.18035487987,1,adjusted_gross_income/count
5001800US1713,IL-13,25000.0,50000.0,80036.14511726562,1,adjusted_gross_income/count
5001800US1713,IL-13,50000.0,75000.0,49540.675694877464,1,adjusted_gross_income/count
5001800US1713,IL-13,75000.0,100000.0,33195.13749551498,1,adjusted_gross_income/count
5001800US1713,IL-13,100000.0,200000.0,56224.92755474224,1,adjusted_gross_income/count
5001800US1713,IL-13,200000.0,500000.0,14640.49590396701,1,adjusted_gross_income/count
5001800US1713,IL-13,500000.0,inf,2264.3762046346965,1,adjusted_gross_income/count
5001800US1714,IL-14,-inf,1.0,-174012823.14519665,0,adjusted_gross_income/amount
5001800US1714,IL-14,1.0,10000.0,152437554.42601073,0,adjusted_gross_income/amount
5001800US1714,IL-14,10000.0,25000.0,726945353.1706697,0,adjusted_gross_income/amount
5001800US1714,IL-14,25000.0,50000.0,2283912043.659617,0,adjusted_gross_income/amount
5001800US1714,IL-14,50000.0,75000.0,2637154203.170696,0,adjusted_gross_income/amount
5001800US1714,IL-14,75000.0,100000.0,2645401259.15445,0,adjusted_gross_income/amount
5001800US1714,IL-14,100000.0,200000.0,8080623473.647984,0,adjusted_gross_income/amount
5001800US1714,IL-14,200000.0,500000.0,5731001764.196528,0,adjusted_gross_income/amount
5001800US1714,IL-14,500000.0,inf,3850367376.65647,0,adjusted_gross_income/amount
5001800US1714,IL-14,-inf,1.0,3660.502007005743,1,adjusted_gross_income/count
5001800US1714,IL-14,1.0,10000.0,29986.628097663768,1,adjusted_gross_income/count
5001800US1714,IL-14,10000.0,25000.0,42401.378222314495,1,adjusted_gross_income/count
5001800US1714,IL-14,25000.0,50000.0,61558.97704327654,1,adjusted_gross_income/count
5001800US1714,IL-14,50000.0,75000.0,42747.516439189116,1,adjusted_gross_income/count
5001800US1714,IL-14,75000.0,100000.0,30458.256018437954,1,adjusted_gross_income/count
5001800US1714,IL-14,100000.0,200000.0,58162.49711470958,1,adjusted_gross_income/count
5001800US1714,IL-14,200000.0,500000.0,20453.635480097444,1,adjusted_gross_income/count
5001800US1714,IL-14,500000.0,inf,3106.699188146318,1,adjusted_gross_income/count
5001800US1715,IL-15,-inf,1.0,-168409844.84613195,0,adjusted_gross_income/amount
5001800US1715,IL-15,1.0,10000.0,204369580.55121502,0,adjusted_gross_income/amount
5001800US1715,IL-15,10000.0,25000.0,1005934609.5042883,0,adjusted_gross_income/amount
5001800US1715,IL-15,25000.0,50000.0,3088292361.119627,0,adjusted_gross_income/amount
5001800US1715,IL-15,50000.0,75000.0,3412946328.2935853,0,adjusted_gross_income/amount
5001800US1715,IL-15,75000.0,100000.0,3392018445.1057205,0,adjusted_gross_income/amount
5001800US1715,IL-15,100000.0,200000.0,9318643689.411812,0,adjusted_gross_income/amount
5001800US1715,IL-15,200000.0,500000.0,5261931596.060706,0,adjusted_gross_income/amount
5001800US1715,IL-15,500000.0,inf,3649174225.970362,0,adjusted_gross_income/amount
5001800US1715,IL-15,-inf,1.0,4823.131523067494,1,adjusted_gross_income/count
5001800US1715,IL-15,1.0,10000.0,39594.53672386581,1,adjusted_gross_income/count
5001800US1715,IL-15,10000.0,25000.0,58706.97011611093,1,adjusted_gross_income/count
5001800US1715,IL-15,25000.0,50000.0,83818.7172441761,1,adjusted_gross_income/count
5001800US1715,IL-15,50000.0,75000.0,55370.47590602233,1,adjusted_gross_income/count
5001800US1715,IL-15,75000.0,100000.0,39041.958517630956,1,adjusted_gross_income/count
5001800US1715,IL-15,100000.0,200000.0,68138.0542273478,1,adjusted_gross_income/count
5001800US1715,IL-15,200000.0,500000.0,18826.2542982721,1,adjusted_gross_income/count
5001800US1715,IL-15,500000.0,inf,3121.783197315956,1,adjusted_gross_income/count
5001800US1716,IL-16,-inf,1.0,-182559901.32046574,0,adjusted_gross_income/amount
5001800US1716,IL-16,1.0,10000.0,185770621.93979558,0,adjusted_gross_income/amount
5001800US1716,IL-16,10000.0,25000.0,914543721.4340287,0,adjusted_gross_income/amount
5001800US1716,IL-16,25000.0,50000.0,2860410717.964739,0,adjusted_gross_income/amount
5001800US1716,IL-16,50000.0,75000.0,3211286055.720853,0,adjusted_gross_income/amount
5001800US1716,IL-16,75000.0,100000.0,3213254523.4674473,0,adjusted_gross_income/amount
5001800US1716,IL-16,100000.0,200000.0,8939241554.558111,0,adjusted_gross_income/amount
5001800US1716,IL-16,200000.0,500000.0,4864391319.638588,0,adjusted_gross_income/amount
5001800US1716,IL-16,500000.0,inf,3172108113.433006,0,adjusted_gross_income/amount
5001800US1716,IL-16,-inf,1.0,4485.911297005441,1,adjusted_gross_income/count
5001800US1716,IL-16,1.0,10000.0,36142.95665787644,1,adjusted_gross_income/count
5001800US1716,IL-16,10000.0,25000.0,53346.22007028751,1,adjusted_gross_income/count
5001800US1716,IL-16,25000.0,50000.0,77375.18391796057,1,adjusted_gross_income/count
5001800US1716,IL-16,50000.0,75000.0,52019.780747136465,1,adjusted_gross_income/count
5001800US1716,IL-16,75000.0,100000.0,36986.66532635939,1,adjusted_gross_income/count
5001800US1716,IL-16,100000.0,200000.0,65255.588522490194,1,adjusted_gross_income/count
5001800US1716,IL-16,200000.0,500000.0,17510.786322555065,1,adjusted_gross_income/count
5001800US1716,IL-16,500000.0,inf,2707.2411740714156,1,adjusted_gross_income/count
5001800US1717,IL-17,-inf,1.0,-173136519.34398517,0,adjusted_gross_income/amount
5001800US1717,IL-17,1.0,10000.0,208078295.168792,0,adjusted_gross_income/amount
5001800US1717,IL-17,10000.0,25000.0,1117579490.3315039,0,adjusted_gross_income/amount
5001800US1717,IL-17,25000.0,50000.0,3266076174.5010667,0,adjusted_gross_income/amount
5001800US1717,IL-17,50000.0,75000.0,3322507782.076201,0,adjusted_gross_income/amount
5001800US1717,IL-17,75000.0,100000.0,3110329370.7713857,0,adjusted_gross_income/amount
5001800US1717,IL-17,100000.0,200000.0,7382428960.083065,0,adjusted_gross_income/amount
5001800US1717,IL-17,200000.0,500000.0,3318277081.923633,0,adjusted_gross_income/amount
5001800US1717,IL-17,500000.0,inf,2155670134.294904,0,adjusted_gross_income/amount
5001800US1717,IL-17,-inf,1.0,4950.358094296363,1,adjusted_gross_income/count
5001800US1717,IL-17,1.0,10000.0,39578.76560686661,1,adjusted_gross_income/count
5001800US1717,IL-17,10000.0,25000.0,65205.408519095145,1,adjusted_gross_income/count
5001800US1717,IL-17,25000.0,50000.0,88931.25514012294,1,adjusted_gross_income/count
5001800US1717,IL-17,50000.0,75000.0,54013.553497546505,1,adjusted_gross_income/count
5001800US1717,IL-17,75000.0,100000.0,35857.32868563471,1,adjusted_gross_income/count
5001800US1717,IL-17,100000.0,200000.0,54633.99237029212,1,adjusted_gross_income/count
5001800US1717,IL-17,200000.0,500000.0,12016.791118315554,1,adjusted_gross_income/count
5001800US1717,IL-17,500000.0,inf,1847.6854920738895,1,adjusted_gross_income/count
5001800US1801,IN-01,-inf,1.0,-222361406.28170812,0,adjusted_gross_income/amount
5001800US1801,IN-01,1.0,10000.0,213295429.59531826,0,adjusted_gross_income/amount
5001800US1801,IN-01,10000.0,25000.0,1071283664.4849501,0,adjusted_gross_income/amount
5001800US1801,IN-01,25000.0,50000.0,2925807989.2923236,0,adjusted_gross_income/amount
5001800US1801,IN-01,50000.0,75000.0,3175312777.72671,0,adjusted_gross_income/amount
5001800US1801,IN-01,75000.0,100000.0,3134151054.3243804,0,adjusted_gross_income/amount
5001800US1801,IN-01,100000.0,200000.0,8602987158.08565,0,adjusted_gross_income/amount
5001800US1801,IN-01,200000.0,500000.0,4304510330.202135,0,adjusted_gross_income/amount
5001800US1801,IN-01,500000.0,inf,3169178212.939158,0,adjusted_gross_income/amount
5001800US1801,IN-01,-inf,1.0,5203.969324466415,1,adjusted_gross_income/count
5001800US1801,IN-01,1.0,10000.0,42220.69271363278,1,adjusted_gross_income/count
5001800US1801,IN-01,10000.0,25000.0,63017.44339567862,1,adjusted_gross_income/count
5001800US1801,IN-01,25000.0,50000.0,79603.15881511809,1,adjusted_gross_income/count
5001800US1801,IN-01,50000.0,75000.0,51497.35875802283,1,adjusted_gross_income/count
5001800US1801,IN-01,75000.0,100000.0,36113.412865277,1,adjusted_gross_income/count
5001800US1801,IN-01,100000.0,200000.0,62722.25129261472,1,adjusted_gross_income/count
5001800US1801,IN-01,200000.0,500000.0,15717.282667954982,1,adjusted_gross_income/count
5001800US1801,IN-01,500000.0,inf,2563.77073959537,1,adjusted_gross_income/count
5001800US1802,IN-02,-inf,1.0,-186595491.8622936,0,adjusted_gross_income/amount
5001800US1802,IN-02,1.0,10000.0,229382097.11566478,0,adjusted_gross_income/amount
5001800US1802,IN-02,10000.0,25000.0,1006780524.6977189,0,adjusted_gross_income/amount
5001800US1802,IN-02,25000.0,50000.0,3321553063.0657787,0,adjusted_gross_income/amount
5001800US1802,IN-02,50000.0,75000.0,3692624335.0266027,0,adjusted_gross_income/amount
5001800US1802,IN-02,75000.0,100000.0,3213110078.9876137,0,adjusted_gross_income/amount
5001800US1802,IN-02,100000.0,200000.0,6855870301.992127,0,adjusted_gross_income/amount
5001800US1802,IN-02,200000.0,500000.0,3254417194.2966547,0,adjusted_gross_income/amount
5001800US1802,IN-02,500000.0,inf,4693391636.747121,0,adjusted_gross_income/amount
5001800US1802,IN-02,-inf,1.0,5360.645868107265,1,adjusted_gross_income/count
5001800US1802,IN-02,1.0,10000.0,45938.96901163823,1,adjusted_gross_income/count
5001800US1802,IN-02,10000.0,25000.0,59077.85627338935,1,adjusted_gross_income/count
5001800US1802,IN-02,25000.0,50000.0,89103.50039445667,1,adjusted_gross_income/count
5001800US1802,IN-02,50000.0,75000.0,60091.59541340274,1,adjusted_gross_income/count
5001800US1802,IN-02,75000.0,100000.0,37094.26840114596,1,adjusted_gross_income/count
5001800US1802,IN-02,100000.0,200000.0,51348.57741934888,1,adjusted_gross_income/count
5001800US1802,IN-02,200000.0,500000.0,11460.487683417752,1,adjusted_gross_income/count
5001800US1802,IN-02,500000.0,inf,2984.201835813824,1,adjusted_gross_income/count
5001800US1803,IN-03,-inf,1.0,-219416202.6608352,0,adjusted_gross_income/amount
5001800US1803,IN-03,1.0,10000.0,237164904.6558501,0,adjusted_gross_income/amount
5001800US1803,IN-03,10000.0,25000.0,1036556035.2781036,0,adjusted_gross_income/amount
5001800US1803,IN-03,25000.0,50000.0,3436951099.1974645,0,adjusted_gross_income/amount
5001800US1803,IN-03,50000.0,75000.0,3666918685.8503723,0,adjusted_gross_income/amount
5001800US1803,IN-03,75000.0,100000.0,3445836982.6172447,0,adjusted_gross_income/amount
5001800US1803,IN-03,100000.0,200000.0,7674581366.845377,0,adjusted_gross_income/amount
5001800US1803,IN-03,200000.0,500000.0,3882155975.937663,0,adjusted_gross_income/amount
5001800US1803,IN-03,500000.0,inf,5137748857.198825,0,adjusted_gross_income/amount
5001800US1803,IN-03,-inf,1.0,5109.099930802221,1,adjusted_gross_income/count
5001800US1803,IN-03,1.0,10000.0,47397.4332999669,1,adjusted_gross_income/count
5001800US1803,IN-03,10000.0,25000.0,60787.65560049321,1,adjusted_gross_income/count
5001800US1803,IN-03,25000.0,50000.0,92381.7627758907,1,adjusted_gross_income/count
5001800US1803,IN-03,50000.0,75000.0,59645.14360114886,1,adjusted_gross_income/count
5001800US1803,IN-03,75000.0,100000.0,39722.01600771973,1,adjusted_gross_income/count
5001800US1803,IN-03,100000.0,200000.0,57187.03528381338,1,adjusted_gross_income/count
5001800US1803,IN-03,200000.0,500000.0,13718.036755358093,1,adjusted_gross_income/count
5001800US1803,IN-03,500000.0,inf,3400.181204015449,1,adjusted_gross_income/count
5001800US1804,IN-04,-inf,1.0,-144198502.07667136,0,adjusted_gross_income/amount
5001800US1804,IN-04,1.0,10000.0,200998342.90764037,0,adjusted_gross_income/amount
5001800US1804,IN-04,10000.0,25000.0,876819804.5050781,0,adjusted_gross_income/amount
5001800US1804,IN-04,25000.0,50000.0,2799024168.562848,0,adjusted_gross_income/amount
5001800US1804,IN-04,50000.0,75000.0,3095249401.063009,0,adjusted_gross_income/amount
5001800US1804,IN-04,75000.0,100000.0,2969493099.185234,0,adjusted_gross_income/amount
5001800US1804,IN-04,100000.0,200000.0,7721614426.851262,0,adjusted_gross_income/amount
5001800US1804,IN-04,200000.0,500000.0,3967092059.6026535,0,adjusted_gross_income/amount
5001800US1804,IN-04,500000.0,inf,2697688422.5980873,0,adjusted_gross_income/amount
5001800US1804,IN-04,-inf,1.0,4547.320735319088,1,adjusted_gross_income/count
5001800US1804,IN-04,1.0,10000.0,40575.41275290244,1,adjusted_gross_income/count
5001800US1804,IN-04,10000.0,25000.0,51314.68561547281,1,adjusted_gross_income/count
5001800US1804,IN-04,25000.0,50000.0,75302.95039781995,1,adjusted_gross_income/count
5001800US1804,IN-04,50000.0,75000.0,50322.65631830942,1,adjusted_gross_income/count
5001800US1804,IN-04,75000.0,100000.0,34205.13102477298,1,adjusted_gross_income/count
5001800US1804,IN-04,100000.0,200000.0,56769.81741414787,1,adjusted_gross_income/count
5001800US1804,IN-04,200000.0,500000.0,14254.053488999283,1,adjusted_gross_income/count
5001800US1804,IN-04,500000.0,inf,2253.1366652749953,1,adjusted_gross_income/count
5001800US1805,IN-05,-inf,1.0,-297226240.85221577,0,adjusted_gross_income/amount
5001800US1805,IN-05,1.0,10000.0,202511643.8702396,0,adjusted_gross_income/amount
5001800US1805,IN-05,10000.0,25000.0,848172353.59476,0,adjusted_gross_income/amount
5001800US1805,IN-05,25000.0,50000.0,2675919413.7651343,0,adjusted_gross_income/amount
5001800US1805,IN-05,50000.0,75000.0,3081802966.838315,0,adjusted_gross_income/amount
5001800US1805,IN-05,75000.0,100000.0,2990310401.027096,0,adjusted_gross_income/amount
5001800US1805,IN-05,100000.0,200000.0,9195773984.134853,0,adjusted_gross_income/amount
5001800US1805,IN-05,200000.0,500000.0,8139305770.222007,0,adjusted_gross_income/amount
5001800US1805,IN-05,500000.0,inf,10409476038.88307,0,adjusted_gross_income/amount
5001800US1805,IN-05,-inf,1.0,5044.099564171816,1,adjusted_gross_income/count
5001800US1805,IN-05,1.0,10000.0,41192.45434643244,1,adjusted_gross_income/count
5001800US1805,IN-05,10000.0,25000.0,49732.29661804708,1,adjusted_gross_income/count
5001800US1805,IN-05,25000.0,50000.0,72052.59497221737,1,adjusted_gross_income/count
5001800US1805,IN-05,50000.0,75000.0,50041.86378796868,1,adjusted_gross_income/count
5001800US1805,IN-05,75000.0,100000.0,34472.16019149607,1,adjusted_gross_income/count
5001800US1805,IN-05,100000.0,200000.0,66192.13519466884,1,adjusted_gross_income/count
5001800US1805,IN-05,200000.0,500000.0,28145.577546945853,1,adjusted_gross_income/count
5001800US1805,IN-05,500000.0,inf,7182.058810393369,1,adjusted_gross_income/count
5001800US1806,IN-06,-inf,1.0,-128087347.86347638,0,adjusted_gross_income/amount
5001800US1806,IN-06,1.0,10000.0,189578590.0941567,0,adjusted_gross_income/amount
5001800US1806,IN-06,10000.0,25000.0,900979761.9318256,0,adjusted_gross_income/amount
5001800US1806,IN-06,25000.0,50000.0,2822181747.9603047,0,adjusted_gross_income/amount
5001800US1806,IN-06,50000.0,75000.0,2901255346.726899,0,adjusted_gross_income/amount
5001800US1806,IN-06,75000.0,100000.0,2550503404.653185,0,adjusted_gross_income/amount
5001800US1806,IN-06,100000.0,200000.0,5905664080.985036,0,adjusted_gross_income/amount
5001800US1806,IN-06,200000.0,500000.0,2701240029.049474,0,adjusted_gross_income/amount
5001800US1806,IN-06,500000.0,inf,2320799003.6756077,0,adjusted_gross_income/amount
5001800US1806,IN-06,-inf,1.0,4385.6674657780095,1,adjusted_gross_income/count
5001800US1806,IN-06,1.0,10000.0,37651.27738937644,1,adjusted_gross_income/count
5001800US1806,IN-06,10000.0,25000.0,52827.872264514575,1,adjusted_gross_income/count
5001800US1806,IN-06,25000.0,50000.0,76111.44845067788,1,adjusted_gross_income/count
5001800US1806,IN-06,50000.0,75000.0,47281.13013485052,1,adjusted_gross_income/count
5001800US1806,IN-06,75000.0,100000.0,29428.187171329537,1,adjusted_gross_income/count
5001800US1806,IN-06,100000.0,200000.0,43882.54240171188,1,adjusted_gross_income/count
5001800US1806,IN-06,200000.0,500000.0,9766.900764583592,1,adjusted_gross_income/count
5001800US1806,IN-06,500000.0,inf,1654.59371077468,1,adjusted_gross_income/count
5001800US1807,IN-07,-inf,1.0,-219859231.5197438,0,adjusted_gross_income/amount
5001800US1807,IN-07,1.0,10000.0,250728593.10603452,0,adjusted_gross_income/amount
5001800US1807,IN-07,10000.0,25000.0,1331184722.6219087,0,adjusted_gross_income/amount
5001800US1807,IN-07,25000.0,50000.0,4124652292.570028,0,adjusted_gross_income/amount
5001800US1807,IN-07,50000.0,75000.0,3976001798.2193727,0,adjusted_gross_income/amount
5001800US1807,IN-07,75000.0,100000.0,3118639788.283016,0,adjusted_gross_income/amount
5001800US1807,IN-07,100000.0,200000.0,7371581466.489323,0,adjusted_gross_income/amount
5001800US1807,IN-07,200000.0,500000.0,5176281664.145065,0,adjusted_gross_income/amount
5001800US1807,IN-07,500000.0,inf,6901698534.28535,0,adjusted_gross_income/amount
5001800US1807,IN-07,-inf,1.0,5887.167239879403,1,adjusted_gross_income/count
5001800US1807,IN-07,1.0,10000.0,50002.92765969375,1,adjusted_gross_income/count
5001800US1807,IN-07,10000.0,25000.0,78025.0943584229,1,adjusted_gross_income/count
5001800US1807,IN-07,25000.0,50000.0,111171.1311937288,1,adjusted_gross_income/count
5001800US1807,IN-07,50000.0,75000.0,65093.13310881234,1,adjusted_gross_income/count
5001800US1807,IN-07,75000.0,100000.0,36096.481226966025,1,adjusted_gross_income/count
5001800US1807,IN-07,100000.0,200000.0,53938.22873295721,1,adjusted_gross_income/count
5001800US1807,IN-07,200000.0,500000.0,18083.79957479296,1,adjusted_gross_income/count
5001800US1807,IN-07,500000.0,inf,4372.849048054701,1,adjusted_gross_income/count
5001800US1808,IN-08,-inf,1.0,-149656967.26011625,0,adjusted_gross_income/amount
5001800US1808,IN-08,1.0,10000.0,246812013.55427045,0,adjusted_gross_income/amount
5001800US1808,IN-08,10000.0,25000.0,1046053615.6345578,0,adjusted_gross_income/amount
5001800US1808,IN-08,25000.0,50000.0,3172580194.5277505,0,adjusted_gross_income/amount
5001800US1808,IN-08,50000.0,75000.0,3428673362.866566,0,adjusted_gross_income/amount
5001800US1808,IN-08,75000.0,100000.0,3254938254.130572,0,adjusted_gross_income/amount
5001800US1808,IN-08,100000.0,200000.0,7533051163.499082,0,adjusted_gross_income/amount
5001800US1808,IN-08,200000.0,500000.0,3273310042.4397445,0,adjusted_gross_income/amount
5001800US1808,IN-08,500000.0,inf,3636280773.664459,0,adjusted_gross_income/amount
5001800US1808,IN-08,-inf,1.0,5284.772787526987,1,adjusted_gross_income/count
5001800US1808,IN-08,1.0,10000.0,49019.48562131296,1,adjusted_gross_income/count
5001800US1808,IN-08,10000.0,25000.0,61443.040534096515,1,adjusted_gross_income/count
5001800US1808,IN-08,25000.0,50000.0,85722.32882807312,1,adjusted_gross_income/count
5001800US1808,IN-08,50000.0,75000.0,55705.29345410109,1,adjusted_gross_income/count
5001800US1808,IN-08,75000.0,100000.0,37490.29722655661,1,adjusted_gross_income/count
5001800US1808,IN-08,100000.0,200000.0,56213.40774844315,1,adjusted_gross_income/count
5001800US1808,IN-08,200000.0,500000.0,11674.756024680559,1,adjusted_gross_income/count
5001800US1808,IN-08,500000.0,inf,2535.4864473376315,1,adjusted_gross_income/count
5001800US1809,IN-09,-inf,1.0,-202050150.80812657,0,adjusted_gross_income/amount
5001800US1809,IN-09,1.0,10000.0,238588969.07968262,0,adjusted_gross_income/amount
5001800US1809,IN-09,10000.0,25000.0,1069902575.7573009,0,adjusted_gross_income/amount
5001800US1809,IN-09,25000.0,50000.0,3442021602.860143,0,adjusted_gross_income/amount
5001800US1809,IN-09,50000.0,75000.0,3724773981.6592717,0,adjusted_gross_income/amount
5001800US1809,IN-09,75000.0,100000.0,3470967209.240054,0,adjusted_gross_income/amount
5001800US1809,IN-09,100000.0,200000.0,8676191393.717108,0,adjusted_gross_income/amount
5001800US1809,IN-09,200000.0,500000.0,4340007542.061809,0,adjusted_gross_income/amount
5001800US1809,IN-09,500000.0,inf,3267598118.3757205,0,adjusted_gross_income/amount
5001800US1809,IN-09,-inf,1.0,5348.98039711103,1,adjusted_gross_income/count
5001800US1809,IN-09,1.0,10000.0,47433.70029879016,1,adjusted_gross_income/count
5001800US1809,IN-09,10000.0,25000.0,62608.00907864038,1,adjusted_gross_income/count
5001800US1809,IN-09,25000.0,50000.0,92770.99063339195,1,adjusted_gross_income/count
5001800US1809,IN-09,50000.0,75000.0,60516.24326134846,1,adjusted_gross_income/count
5001800US1809,IN-09,75000.0,100000.0,40010.961379969776,1,adjusted_gross_income/count
5001800US1809,IN-09,100000.0,200000.0,64134.700895516246,1,adjusted_gross_income/count
5001800US1809,IN-09,200000.0,500000.0,15646.962525054896,1,adjusted_gross_income/count
5001800US1809,IN-09,500000.0,inf,2568.66742144007,1,adjusted_gross_income/count
5001800US1901,IA-01,-inf,1.0,-276865723.1661469,0,adjusted_gross_income/amount
5001800US1901,IA-01,1.0,10000.0,179902709.37089366,0,adjusted_gross_income/amount
5001800US1901,IA-01,10000.0,25000.0,948487723.2074835,0,adjusted_gross_income/amount
5001800US1901,IA-01,25000.0,50000.0,3051732526.5211573,0,adjusted_gross_income/amount
5001800US1901,IA-01,50000.0,75000.0,3505472882.388828,0,adjusted_gross_income/amount
5001800US1901,IA-01,75000.0,100000.0,3241399647.0332565,0,adjusted_gross_income/amount
5001800US1901,IA-01,100000.0,200000.0,8427948474.569961,0,adjusted_gross_income/amount
5001800US1901,IA-01,200000.0,500000.0,4547125567.106958,0,adjusted_gross_income/amount
5001800US1901,IA-01,500000.0,inf,4250935872.1172743,0,adjusted_gross_income/amount
5001800US1901,IA-01,-inf,1.0,5269.400799635045,1,adjusted_gross_income/count
5001800US1901,IA-01,1.0,10000.0,33175.4516012257,1,adjusted_gross_income/count
5001800US1901,IA-01,10000.0,25000.0,55158.75948844053,1,adjusted_gross_income/count
5001800US1901,IA-01,25000.0,50000.0,82238.38138245486,1,adjusted_gross_income/count
5001800US1901,IA-01,50000.0,75000.0,57012.68781080716,1,adjusted_gross_income/count
5001800US1901,IA-01,75000.0,100000.0,37349.03283938114,1,adjusted_gross_income/count
5001800US1901,IA-01,100000.0,200000.0,62174.55613047902,1,adjusted_gross_income/count
5001800US1901,IA-01,200000.0,500000.0,16161.027150575706,1,adjusted_gross_income/count
5001800US1901,IA-01,500000.0,inf,3149.6710221961,1,adjusted_gross_income/count
5001800US1902,IA-02,-inf,1.0,-310830742.9277903,0,adjusted_gross_income/amount
5001800US1902,IA-02,1.0,10000.0,188562790.321736,0,adjusted_gross_income/amount
5001800US1902,IA-02,10000.0,25000.0,979067527.0860378,0,adjusted_gross_income/amount
5001800US1902,IA-02,25000.0,50000.0,3336798207.471474,0,adjusted_gross_income/amount
5001800US1902,IA-02,50000.0,75000.0,3769987823.3213873,0,adjusted_gross_income/amount
5001800US1902,IA-02,75000.0,100000.0,3603940835.825061,0,adjusted_gross_income/amount
5001800US1902,IA-02,100000.0,200000.0,9213833620.850622,0,adjusted_gross_income/amount
5001800US1902,IA-02,200000.0,500000.0,4503951508.939795,0,adjusted_gross_income/amount
5001800US1902,IA-02,500000.0,inf,4374977269.907669,0,adjusted_gross_income/amount
5001800US1902,IA-02,-inf,1.0,5403.211153043132,1,adjusted_gross_income/count
5001800US1902,IA-02,1.0,10000.0,34611.06738373789,1,adjusted_gross_income/count
5001800US1902,IA-02,10000.0,25000.0,56929.11775466289,1,adjusted_gross_income/count
5001800US1902,IA-02,25000.0,50000.0,89412.3022139422,1,adjusted_gross_income/count
5001800US1902,IA-02,50000.0,75000.0,61376.964756792484,1,adjusted_gross_income/count
5001800US1902,IA-02,75000.0,100000.0,41492.60395965351,1,adjusted_gross_income/count
5001800US1902,IA-02,100000.0,200000.0,68388.72555466914,1,adjusted_gross_income/count
5001800US1902,IA-02,200000.0,500000.0,16046.071256780055,1,adjusted_gross_income/count
5001800US1902,IA-02,500000.0,inf,3161.002744753226,1,adjusted_gross_income/count
5001800US1903,IA-03,-inf,1.0,-266150798.18723163,0,adjusted_gross_income/amount
5001800US1903,IA-03,1.0,10000.0,180888545.2497769,0,adjusted_gross_income/amount
5001800US1903,IA-03,10000.0,25000.0,922551946.2815343,0,adjusted_gross_income/amount
5001800US1903,IA-03,25000.0,50000.0,3256670746.5768166,0,adjusted_gross_income/amount
5001800US1903,IA-03,50000.0,75000.0,3832974634.9321837,0,adjusted_gross_income/amount
5001800US1903,IA-03,75000.0,100000.0,3491172051.2059116,0,adjusted_gross_income/amount
5001800US1903,IA-03,100000.0,200000.0,9991528259.093891,0,adjusted_gross_income/amount
5001800US1903,IA-03,200000.0,500000.0,6536656632.218357,0,adjusted_gross_income/amount
5001800US1903,IA-03,500000.0,inf,6782547901.72954,0,adjusted_gross_income/amount
5001800US1903,IA-03,-inf,1.0,5384.1337100938135,1,adjusted_gross_income/count
5001800US1903,IA-03,1.0,10000.0,33721.13781362823,1,adjusted_gross_income/count
5001800US1903,IA-03,10000.0,25000.0,53523.142468712336,1,adjusted_gross_income/count
5001800US1903,IA-03,25000.0,50000.0,87258.89778715892,1,adjusted_gross_income/count
5001800US1903,IA-03,50000.0,75000.0,62345.21663640237,1,adjusted_gross_income/count
5001800US1903,IA-03,75000.0,100000.0,40241.81514150647,1,adjusted_gross_income/count
5001800US1903,IA-03,100000.0,200000.0,72674.96727146266,1,adjusted_gross_income/count
5001800US1903,IA-03,200000.0,500000.0,23133.694144867735,1,adjusted_gross_income/count
5001800US1903,IA-03,500000.0,inf,4573.298047022324,1,adjusted_gross_income/count
5001800US1904,IA-04,-inf,1.0,-343754275.5845194,0,adjusted_gross_income/amount
5001800US1904,IA-04,1.0,10000.0,189561390.30365434,0,adjusted_gross_income/amount
5001800US1904,IA-04,10000.0,25000.0,962666270.6259494,0,adjusted_gross_income/amount
5001800US1904,IA-04,25000.0,50000.0,3340980430.9948196,0,adjusted_gross_income/amount
5001800US1904,IA-04,50000.0,75000.0,3910393994.069414,0,adjusted_gross_income/amount
5001800US1904,IA-04,75000.0,100000.0,3651348841.3477535,0,adjusted_gross_income/amount
5001800US1904,IA-04,100000.0,200000.0,9263609728.115717,0,adjusted_gross_income/amount
5001800US1904,IA-04,200000.0,500000.0,5188096744.129002,0,adjusted_gross_income/amount
5001800US1904,IA-04,500000.0,inf,4662767990.023059,0,adjusted_gross_income/amount
5001800US1904,IA-04,-inf,1.0,6404.88783719213,1,adjusted_gross_income/count
5001800US1904,IA-04,1.0,10000.0,34854.95433923591,1,adjusted_gross_income/count
5001800US1904,IA-04,10000.0,25000.0,56056.72563171548,1,adjusted_gross_income/count
5001800US1904,IA-04,25000.0,50000.0,89467.76509439363,1,adjusted_gross_income/count
5001800US1904,IA-04,50000.0,75000.0,63674.77548091834,1,adjusted_gross_income/count
5001800US1904,IA-04,75000.0,100000.0,42033.41295010176,1,adjusted_gross_income/count
5001800US1904,IA-04,100000.0,200000.0,68576.11435141989,1,adjusted_gross_income/count
5001800US1904,IA-04,200000.0,500000.0,18226.540435112594,1,adjusted_gross_income/count
5001800US1904,IA-04,500000.0,inf,3691.684212289893,1,adjusted_gross_income/count
5001800US2001,KS-01,-inf,1.0,-287374595.42170686,0,adjusted_gross_income/amount
5001800US2001,KS-01,1.0,10000.0,192131133.22635424,0,adjusted_gross_income/amount
5001800US2001,KS-01,10000.0,25000.0,940662466.0436214,0,adjusted_gross_income/amount
5001800US2001,KS-01,25000.0,50000.0,3062321544.7947955,0,adjusted_gross_income/amount
5001800US2001,KS-01,50000.0,75000.0,3322275659.106144,0,adjusted_gross_income/amount
5001800US2001,KS-01,75000.0,100000.0,2886298575.330827,0,adjusted_gross_income/amount
5001800US2001,KS-01,100000.0,200000.0,6421504754.367408,0,adjusted_gross_income/amount
5001800US2001,KS-01,200000.0,500000.0,3076818528.3185453,0,adjusted_gross_income/amount
5001800US2001,KS-01,500000.0,inf,2438807123.2839684,0,adjusted_gross_income/amount
5001800US2001,KS-01,-inf,1.0,6200.334809266665,1,adjusted_gross_income/count
5001800US2001,KS-01,1.0,10000.0,38172.38399345363,1,adjusted_gross_income/count
5001800US2001,KS-01,10000.0,25000.0,54581.840387225704,1,adjusted_gross_income/count
5001800US2001,KS-01,25000.0,50000.0,82980.38784458017,1,adjusted_gross_income/count
5001800US2001,KS-01,50000.0,75000.0,54117.47033316554,1,adjusted_gross_income/count
5001800US2001,KS-01,75000.0,100000.0,33281.01353673853,1,adjusted_gross_income/count
5001800US2001,KS-01,100000.0,200000.0,48057.10998990149,1,adjusted_gross_income/count
5001800US2001,KS-01,200000.0,500000.0,10856.557525242875,1,adjusted_gross_income/count
5001800US2001,KS-01,500000.0,inf,2066.94103606509,1,adjusted_gross_income/count
5001800US2002,KS-02,-inf,1.0,-248895304.47329843,0,adjusted_gross_income/amount
5001800US2002,KS-02,1.0,10000.0,199118078.70216092,0,adjusted_gross_income/amount
5001800US2002,KS-02,10000.0,25000.0,949800244.6067365,0,adjusted_gross_income/amount
5001800US2002,KS-02,25000.0,50000.0,3096427216.0856905,0,adjusted_gross_income/amount
5001800US2002,KS-02,50000.0,75000.0,3303395080.423035,0,adjusted_gross_income/amount
5001800US2002,KS-02,75000.0,100000.0,3041361242.9400797,0,adjusted_gross_income/amount
5001800US2002,KS-02,100000.0,200000.0,7860671260.589011,0,adjusted_gross_income/amount
5001800US2002,KS-02,200000.0,500000.0,4609564620.991181,0,adjusted_gross_income/amount
5001800US2002,KS-02,500000.0,inf,4344967900.826037,0,adjusted_gross_income/amount
5001800US2002,KS-02,-inf,1.0,5722.672894134959,1,adjusted_gross_income/count
5001800US2002,KS-02,1.0,10000.0,39556.05796694235,1,adjusted_gross_income/count
5001800US2002,KS-02,10000.0,25000.0,55317.71467666687,1,adjusted_gross_income/count
5001800US2002,KS-02,25000.0,50000.0,83743.0550290977,1,adjusted_gross_income/count
5001800US2002,KS-02,50000.0,75000.0,53671.71752654816,1,adjusted_gross_income/count
5001800US2002,KS-02,75000.0,100000.0,35044.972883043854,1,adjusted_gross_income/count
5001800US2002,KS-02,100000.0,200000.0,57759.38083179037,1,adjusted_gross_income/count
5001800US2002,KS-02,200000.0,500000.0,16348.962851890874,1,adjusted_gross_income/count
5001800US2002,KS-02,500000.0,inf,3162.3685523769927,1,adjusted_gross_income/count
5001800US2003,KS-03,-inf,1.0,-324511503.8701435,0,adjusted_gross_income/amount
5001800US2003,KS-03,1.0,10000.0,172319272.0897319,0,adjusted_gross_income/amount
5001800US2003,KS-03,10000.0,25000.0,777886854.4400426,0,adjusted_gross_income/amount
5001800US2003,KS-03,25000.0,50000.0,2652376054.4875317,0,adjusted_gross_income/amount
5001800US2003,KS-03,50000.0,75000.0,3111532128.061637,0,adjusted_gross_income/amount
5001800US2003,KS-03,75000.0,100000.0,2956955378.0989494,0,adjusted_gross_income/amount
5001800US2003,KS-03,100000.0,200000.0,9583673331.443949,0,adjusted_gross_income/amount
5001800US2003,KS-03,200000.0,500000.0,8869354924.334324,0,adjusted_gross_income/amount
5001800US2003,KS-03,500000.0,inf,10840715495.33999,0,adjusted_gross_income/amount
5001800US2003,KS-03,-inf,1.0,4344.240211412243,1,adjusted_gross_income/count
5001800US2003,KS-03,1.0,10000.0,33900.29224991236,1,adjusted_gross_income/count
5001800US2003,KS-03,10000.0,25000.0,45338.76866658629,1,adjusted_gross_income/count
5001800US2003,KS-03,25000.0,50000.0,71163.65186153635,1,adjusted_gross_income/count
5001800US2003,KS-03,50000.0,75000.0,50479.6294354952,1,adjusted_gross_income/count
5001800US2003,KS-03,75000.0,100000.0,34070.77242283741,1,adjusted_gross_income/count
5001800US2003,KS-03,100000.0,200000.0,68349.38304137511,1,adjusted_gross_income/count
5001800US2003,KS-03,200000.0,500000.0,30762.990622807538,1,adjusted_gross_income/count
5001800US2003,KS-03,500000.0,inf,7560.595534899293,1,adjusted_gross_income/count
5001800US2004,KS-04,-inf,1.0,-308799299.10231364,0,adjusted_gross_income/amount
5001800US2004,KS-04,1.0,10000.0,194262258.32778868,0,adjusted_gross_income/amount
5001800US2004,KS-04,10000.0,25000.0,1023903058.6408564,0,adjusted_gross_income/amount
5001800US2004,KS-04,25000.0,50000.0,3106394031.690688,0,adjusted_gross_income/amount
5001800US2004,KS-04,50000.0,75000.0,3221498515.690754,0,adjusted_gross_income/amount
5001800US2004,KS-04,75000.0,100000.0,2873334988.071163,0,adjusted_gross_income/amount
5001800US2004,KS-04,100000.0,200000.0,7229196858.160548,0,adjusted_gross_income/amount
5001800US2004,KS-04,200000.0,500000.0,3893206407.9507546,0,adjusted_gross_income/amount
5001800US2004,KS-04,500000.0,inf,4229574970.5955057,0,adjusted_gross_income/amount
5001800US2004,KS-04,-inf,1.0,5083.471069136956,1,adjusted_gross_income/count
5001800US2004,KS-04,1.0,10000.0,38002.027759084966,1,adjusted_gross_income/count
5001800US2004,KS-04,10000.0,25000.0,59226.350078435935,1,adjusted_gross_income/count
5001800US2004,KS-04,25000.0,50000.0,84859.35289845004,1,adjusted_gross_income/count
5001800US2004,KS-04,50000.0,75000.0,52366.83606864379,1,adjusted_gross_income/count
5001800US2004,KS-04,75000.0,100000.0,33132.13791056213,1,adjusted_gross_income/count
5001800US2004,KS-04,100000.0,200000.0,53288.048057136904,1,adjusted_gross_income/count
5001800US2004,KS-04,200000.0,500000.0,13899.644828059056,1,adjusted_gross_income/count
5001800US2004,KS-04,500000.0,inf,2886.7533331783156,1,adjusted_gross_income/count
5001800US2101,KY-01,-inf,1.0,-247149107.8321508,0,adjusted_gross_income/amount
5001800US2101,KY-01,1.0,10000.0,196544377.20313036,0,adjusted_gross_income/amount
5001800US2101,KY-01,10000.0,25000.0,1022993496.4430549,0,adjusted_gross_income/amount
5001800US2101,KY-01,25000.0,50000.0,2898597598.8880963,0,adjusted_gross_income/amount
5001800US2101,KY-01,50000.0,75000.0,2742992944.6665545,0,adjusted_gross_income/amount
5001800US2101,KY-01,75000.0,100000.0,2527640206.4859324,0,adjusted_gross_income/amount
5001800US2101,KY-01,100000.0,200000.0,5095696862.542594,0,adjusted_gross_income/amount
5001800US2101,KY-01,200000.0,500000.0,2065712725.6558287,0,adjusted_gross_income/amount
5001800US2101,KY-01,500000.0,inf,2045379077.4612625,0,adjusted_gross_income/amount
5001800US2101,KY-01,-inf,1.0,5784.01504558726,1,adjusted_gross_income/count
5001800US2101,KY-01,1.0,10000.0,37021.643630399434,1,adjusted_gross_income/count
5001800US2101,KY-01,10000.0,25000.0,59704.320256820756,1,adjusted_gross_income/count
5001800US2101,KY-01,25000.0,50000.0,79540.16301723105,1,adjusted_gross_income/count
5001800US2101,KY-01,50000.0,75000.0,44662.73701863453,1,adjusted_gross_income/count
5001800US2101,KY-01,75000.0,100000.0,29168.95329383326,1,adjusted_gross_income/count
5001800US2101,KY-01,100000.0,200000.0,38362.9580557622,1,adjusted_gross_income/count
5001800US2101,KY-01,200000.0,500000.0,7341.8367024663385,1,adjusted_gross_income/count
5001800US2101,KY-01,500000.0,inf,1571.400809990362,1,adjusted_gross_income/count
5001800US2102,KY-02,-inf,1.0,-208022048.1152494,0,adjusted_gross_income/amount
5001800US2102,KY-02,1.0,10000.0,203919544.264185,0,adjusted_gross_income/amount
5001800US2102,KY-02,10000.0,25000.0,1057669187.3935665,0,adjusted_gross_income/amount
5001800US2102,KY-02,25000.0,50000.0,3158427353.3665977,0,adjusted_gross_income/amount
5001800US2102,KY-02,50000.0,75000.0,3214090665.7631736,0,adjusted_gross_income/amount
5001800US2102,KY-02,75000.0,100000.0,2954393633.7050896,0,adjusted_gross_income/amount
5001800US2102,KY-02,100000.0,200000.0,6496616087.208189,0,adjusted_gross_income/amount
5001800US2102,KY-02,200000.0,500000.0,2778983338.387435,0,adjusted_gross_income/amount
5001800US2102,KY-02,500000.0,inf,2497565812.978263,0,adjusted_gross_income/amount
5001800US2102,KY-02,-inf,1.0,5546.393471014644,1,adjusted_gross_income/count
5001800US2102,KY-02,1.0,10000.0,38681.62635316101,1,adjusted_gross_income/count
5001800US2102,KY-02,10000.0,25000.0,61664.31866062185,1,adjusted_gross_income/count
5001800US2102,KY-02,25000.0,50000.0,86028.15448877458,1,adjusted_gross_income/count
5001800US2102,KY-02,50000.0,75000.0,52239.29338995705,1,adjusted_gross_income/count
5001800US2102,KY-02,75000.0,100000.0,34091.11622603644,1,adjusted_gross_income/count
5001800US2102,KY-02,100000.0,200000.0,48595.75753297101,1,adjusted_gross_income/count
5001800US2102,KY-02,200000.0,500000.0,9917.949861843965,1,adjusted_gross_income/count
5001800US2102,KY-02,500000.0,inf,2029.4963335994614,1,adjusted_gross_income/count
5001800US2103,KY-03,-inf,1.0,-179742177.0792873,0,adjusted_gross_income/amount
5001800US2103,KY-03,1.0,10000.0,204622759.7246416,0,adjusted_gross_income/amount
5001800US2103,KY-03,10000.0,25000.0,1123386124.396989,0,adjusted_gross_income/amount
5001800US2103,KY-03,25000.0,50000.0,3587223595.21011,0,adjusted_gross_income/amount
5001800US2103,KY-03,50000.0,75000.0,3404711160.4438868,0,adjusted_gross_income/amount
5001800US2103,KY-03,75000.0,100000.0,2772066104.7945805,0,adjusted_gross_income/amount
5001800US2103,KY-03,100000.0,200000.0,6806842183.977078,0,adjusted_gross_income/amount
5001800US2103,KY-03,200000.0,500000.0,4898961337.088938,0,adjusted_gross_income/amount
5001800US2103,KY-03,500000.0,inf,5423884067.784141,0,adjusted_gross_income/amount
5001800US2103,KY-03,-inf,1.0,4317.96663760277,1,adjusted_gross_income/count
5001800US2103,KY-03,1.0,10000.0,38741.17663096697,1,adjusted_gross_income/count
5001800US2103,KY-03,10000.0,25000.0,65503.974554936045,1,adjusted_gross_income/count
5001800US2103,KY-03,25000.0,50000.0,97079.96917503001,1,adjusted_gross_income/count
5001800US2103,KY-03,50000.0,75000.0,55520.52935668795,1,adjusted_gross_income/count
5001800US2103,KY-03,75000.0,100000.0,32076.536248418233,1,adjusted_gross_income/count
5001800US2103,KY-03,100000.0,200000.0,49740.14283319409,1,adjusted_gross_income/count
5001800US2103,KY-03,200000.0,500000.0,17000.121703281467,1,adjusted_gross_income/count
5001800US2103,KY-03,500000.0,inf,4021.7935451315648,1,adjusted_gross_income/count
5001800US2104,KY-04,-inf,1.0,-195439785.87819296,0,adjusted_gross_income/amount
5001800US2104,KY-04,1.0,10000.0,194604990.89854077,0,adjusted_gross_income/amount
5001800US2104,KY-04,10000.0,25000.0,929081271.7983335,0,adjusted_gross_income/amount
5001800US2104,KY-04,25000.0,50000.0,2918742511.365605,0,adjusted_gross_income/amount
5001800US2104,KY-04,50000.0,75000.0,3267951900.139035,0,adjusted_gross_income/amount
5001800US2104,KY-04,75000.0,100000.0,3092736777.4395103,0,adjusted_gross_income/amount
5001800US2104,KY-04,100000.0,200000.0,8743254517.312305,0,adjusted_gross_income/amount
5001800US2104,KY-04,200000.0,500000.0,5883287782.570605,0,adjusted_gross_income/amount
5001800US2104,KY-04,500000.0,inf,4923033812.677824,0,adjusted_gross_income/amount
5001800US2104,KY-04,-inf,1.0,4702.922004994384,1,adjusted_gross_income/count
5001800US2104,KY-04,1.0,10000.0,37153.3607854816,1,adjusted_gross_income/count
5001800US2104,KY-04,10000.0,25000.0,54318.28563125739,1,adjusted_gross_income/count
5001800US2104,KY-04,25000.0,50000.0,78631.39380060472,1,adjusted_gross_income/count
5001800US2104,KY-04,50000.0,75000.0,53106.5550120899,1,adjusted_gross_income/count
5001800US2104,KY-04,75000.0,100000.0,35623.55331973339,1,adjusted_gross_income/count
5001800US2104,KY-04,100000.0,200000.0,63650.891779352394,1,adjusted_gross_income/count
5001800US2104,KY-04,200000.0,500000.0,20661.356385869825,1,adjusted_gross_income/count
5001800US2104,KY-04,500000.0,inf,3906.8061809521164,1,adjusted_gross_income/count
5001800US2105,KY-05,-inf,1.0,-194884284.65684193,0,adjusted_gross_income/amount
5001800US2105,KY-05,1.0,10000.0,190037234.15079367,0,adjusted_gross_income/amount
5001800US2105,KY-05,10000.0,25000.0,1025939268.5573523,0,adjusted_gross_income/amount
5001800US2105,KY-05,25000.0,50000.0,2635207325.392643,0,adjusted_gross_income/amount
5001800US2105,KY-05,50000.0,75000.0,2405537025.6514525,0,adjusted_gross_income/amount
5001800US2105,KY-05,75000.0,100000.0,2132697286.741003,0,adjusted_gross_income/amount
5001800US2105,KY-05,100000.0,200000.0,4031441616.801714,0,adjusted_gross_income/amount
5001800US2105,KY-05,200000.0,500000.0,1611401988.37301,0,adjusted_gross_income/amount
5001800US2105,KY-05,500000.0,inf,1591156264.0609186,0,adjusted_gross_income/amount
5001800US2105,KY-05,-inf,1.0,5701.28447077134,1,adjusted_gross_income/count
5001800US2105,KY-05,1.0,10000.0,35764.60382257372,1,adjusted_gross_income/count
5001800US2105,KY-05,10000.0,25000.0,60013.86718507965,1,adjusted_gross_income/count
5001800US2105,KY-05,25000.0,50000.0,72540.24005998972,1,adjusted_gross_income/count
5001800US2105,KY-05,50000.0,75000.0,39168.71874178144,1,adjusted_gross_income/count
5001800US2105,KY-05,75000.0,100000.0,24655.953407396126,1,adjusted_gross_income/count
5001800US2105,KY-05,100000.0,200000.0,30547.734108393095,1,adjusted_gross_income/count
5001800US2105,KY-05,200000.0,500000.0,5709.270509624946,1,adjusted_gross_income/count
5001800US2105,KY-05,500000.0,inf,1296.6946327273722,1,adjusted_gross_income/count
5001800US2106,KY-06,-inf,1.0,-457731872.83315665,0,adjusted_gross_income/amount
5001800US2106,KY-06,1.0,10000.0,203851743.7301986,0,adjusted_gross_income/amount
5001800US2106,KY-06,10000.0,25000.0,1072214779.4083593,0,adjusted_gross_income/amount
5001800US2106,KY-06,25000.0,50000.0,3253760088.609171,0,adjusted_gross_income/amount
5001800US2106,KY-06,50000.0,75000.0,3267206627.210126,0,adjusted_gross_income/amount
5001800US2106,KY-06,75000.0,100000.0,2956188902.6319795,0,adjusted_gross_income/amount
5001800US2106,KY-06,100000.0,200000.0,7282698232.733332,0,adjusted_gross_income/amount
5001800US2106,KY-06,200000.0,500000.0,4185476766.946249,0,adjusted_gross_income/amount
5001800US2106,KY-06,500000.0,inf,4626303210.944678,0,adjusted_gross_income/amount
5001800US2106,KY-06,-inf,1.0,5804.214633991908,1,adjusted_gross_income/count
5001800US2106,KY-06,1.0,10000.0,38782.70226481742,1,adjusted_gross_income/count
5001800US2106,KY-06,10000.0,25000.0,62495.09252260818,1,adjusted_gross_income/count
5001800US2106,KY-06,25000.0,50000.0,88654.16612749152,1,adjusted_gross_income/count
5001800US2106,KY-06,50000.0,75000.0,53153.83132095484,1,adjusted_gross_income/count
5001800US2106,KY-06,75000.0,100000.0,34100.250717558294,1,adjusted_gross_income/count
5001800US2106,KY-06,100000.0,200000.0,53615.67020804364,1,adjusted_gross_income/count
5001800US2106,KY-06,200000.0,500000.0,14827.006735226629,1,adjusted_gross_income/count
5001800US2106,KY-06,500000.0,inf,3022.1829294801755,1,adjusted_gross_income/count
5001800US2201,LA-01,-inf,1.0,-929734922.2620068,0,adjusted_gross_income/amount
5001800US2201,LA-01,1.0,10000.0,184664299.1441264,0,adjusted_gross_income/amount
5001800US2201,LA-01,10000.0,25000.0,1106839370.9369845,0,adjusted_gross_income/amount
5001800US2201,LA-01,25000.0,50000.0,2669488625.0408382,0,adjusted_gross_income/amount
5001800US2201,LA-01,50000.0,75000.0,2852602601.100461,0,adjusted_gross_income/amount
5001800US2201,LA-01,75000.0,100000.0,2588474510.008354,0,adjusted_gross_income/amount
5001800US2201,LA-01,100000.0,200000.0,7424742562.987571,0,adjusted_gross_income/amount
5001800US2201,LA-01,200000.0,500000.0,5760876428.546176,0,adjusted_gross_income/amount
5001800US2201,LA-01,500000.0,inf,7137246131.25935,0,adjusted_gross_income/amount
5001800US2201,LA-01,-inf,1.0,6028.119973098608,1,adjusted_gross_income/count
5001800US2201,LA-01,1.0,10000.0,37108.63347969681,1,adjusted_gross_income/count
5001800US2201,LA-01,10000.0,25000.0,64648.01638894963,1,adjusted_gross_income/count
5001800US2201,LA-01,25000.0,50000.0,73087.81693885298,1,adjusted_gross_income/count
5001800US2201,LA-01,50000.0,75000.0,46383.77859556632,1,adjusted_gross_income/count
5001800US2201,LA-01,75000.0,100000.0,29882.777020843678,1,adjusted_gross_income/count
5001800US2201,LA-01,100000.0,200000.0,53688.72087924635,1,adjusted_gross_income/count
5001800US2201,LA-01,200000.0,500000.0,19978.998912879648,1,adjusted_gross_income/count
5001800US2201,LA-01,500000.0,inf,5052.10779964719,1,adjusted_gross_income/count
5001800US2202,LA-02,-inf,1.0,-405829171.0175703,0,adjusted_gross_income/amount
5001800US2202,LA-02,1.0,10000.0,194337620.4917999,0,adjusted_gross_income/amount
5001800US2202,LA-02,10000.0,25000.0,1506408136.2839818,0,adjusted_gross_income/amount
5001800US2202,LA-02,25000.0,50000.0,3024852029.123913,0,adjusted_gross_income/amount
5001800US2202,LA-02,50000.0,75000.0,2644479689.0014973,0,adjusted_gross_income/amount
5001800US2202,LA-02,75000.0,100000.0,2029545572.570593,0,adjusted_gross_income/amount
5001800US2202,LA-02,100000.0,200000.0,4908151364.847675,0,adjusted_gross_income/amount
5001800US2202,LA-02,200000.0,500000.0,3194658134.1887155,0,adjusted_gross_income/amount
5001800US2202,LA-02,500000.0,inf,3155396792.9900637,0,adjusted_gross_income/amount
5001800US2202,LA-02,-inf,1.0,5289.918941493432,1,adjusted_gross_income/count
5001800US2202,LA-02,1.0,10000.0,36643.31142825144,1,adjusted_gross_income/count
5001800US2202,LA-02,10000.0,25000.0,88152.71469741345,1,adjusted_gross_income/count
5001800US2202,LA-02,25000.0,50000.0,83836.33194552994,1,adjusted_gross_income/count
5001800US2202,LA-02,50000.0,75000.0,43288.58429069781,1,adjusted_gross_income/count
5001800US2202,LA-02,75000.0,100000.0,23496.466370102815,1,adjusted_gross_income/count
5001800US2202,LA-02,100000.0,200000.0,35825.02519346926,1,adjusted_gross_income/count
5001800US2202,LA-02,200000.0,500000.0,11265.393444870138,1,adjusted_gross_income/count
5001800US2202,LA-02,500000.0,inf,2431.5562714290045,1,adjusted_gross_income/count
5001800US2203,LA-03,-inf,1.0,-369815240.5207592,0,adjusted_gross_income/amount
5001800US2203,LA-03,1.0,10000.0,199662031.80067652,0,adjusted_gross_income/amount
5001800US2203,LA-03,10000.0,25000.0,1307158468.1350968,0,adjusted_gross_income/amount
5001800US2203,LA-03,25000.0,50000.0,2853492348.6835623,0,adjusted_gross_income/amount
5001800US2203,LA-03,50000.0,75000.0,2750494861.065992,0,adjusted_gross_income/amount
5001800US2203,LA-03,75000.0,100000.0,2512922956.1241856,0,adjusted_gross_income/amount
5001800US2203,LA-03,100000.0,200000.0,6776033987.714496,0,adjusted_gross_income/amount
5001800US2203,LA-03,200000.0,500000.0,4094441615.5732765,0,adjusted_gross_income/amount
5001800US2203,LA-03,500000.0,inf,4655259286.310999,0,adjusted_gross_income/amount
5001800US2203,LA-03,-inf,1.0,6056.247357170941,1,adjusted_gross_income/count
5001800US2203,LA-03,1.0,10000.0,37311.27677065258,1,adjusted_gross_income/count
5001800US2203,LA-03,10000.0,25000.0,76575.33764977266,1,adjusted_gross_income/count
5001800US2203,LA-03,25000.0,50000.0,78755.53612811433,1,adjusted_gross_income/count
5001800US2203,LA-03,50000.0,75000.0,44764.976728447735,1,adjusted_gross_income/count
5001800US2203,LA-03,75000.0,100000.0,28974.596080452953,1,adjusted_gross_income/count
5001800US2203,LA-03,100000.0,200000.0,49409.06285065324,1,adjusted_gross_income/count
5001800US2203,LA-03,200000.0,500000.0,14566.209856537984,1,adjusted_gross_income/count
5001800US2203,LA-03,500000.0,inf,3320.0153317433396,1,adjusted_gross_income/count
5001800US2204,LA-04,-inf,1.0,-252376954.15038577,0,adjusted_gross_income/amount
5001800US2204,LA-04,1.0,10000.0,185963485.64351535,0,adjusted_gross_income/amount
5001800US2204,LA-04,10000.0,25000.0,1278639203.9066553,0,adjusted_gross_income/amount
5001800US2204,LA-04,25000.0,50000.0,2796418390.7215176,0,adjusted_gross_income/amount
5001800US2204,LA-04,50000.0,75000.0,2586985338.111006,0,adjusted_gross_income/amount
5001800US2204,LA-04,75000.0,100000.0,2217070568.076391,0,adjusted_gross_income/amount
5001800US2204,LA-04,100000.0,200000.0,5393702389.258017,0,adjusted_gross_income/amount
5001800US2204,LA-04,200000.0,500000.0,2861433612.636086,0,adjusted_gross_income/amount
5001800US2204,LA-04,500000.0,inf,3608156491.382029,0,adjusted_gross_income/amount
5001800US2204,LA-04,-inf,1.0,5589.8275717926135,1,adjusted_gross_income/count
5001800US2204,LA-04,1.0,10000.0,34057.874333355576,1,adjusted_gross_income/count
5001800US2204,LA-04,10000.0,25000.0,74553.55954848541,1,adjusted_gross_income/count
5001800US2204,LA-04,25000.0,50000.0,77689.67659308456,1,adjusted_gross_income/count
5001800US2204,LA-04,50000.0,75000.0,42183.09085192947,1,adjusted_gross_income/count
5001800US2204,LA-04,75000.0,100000.0,25599.94626152154,1,adjusted_gross_income/count
5001800US2204,LA-04,100000.0,200000.0,39769.78641225565,1,adjusted_gross_income/count
5001800US2204,LA-04,200000.0,500000.0,10152.980621724913,1,adjusted_gross_income/count
5001800US2204,LA-04,500000.0,inf,2620.05902693742,1,adjusted_gross_income/count
5001800US2205,LA-05,-inf,1.0,-250256358.93075347,0,adjusted_gross_income/amount
5001800US2205,LA-05,1.0,10000.0,166170499.73765776,0,adjusted_gross_income/amount
5001800US2205,LA-05,10000.0,25000.0,1153712605.279695,0,adjusted_gross_income/amount
5001800US2205,LA-05,25000.0,50000.0,2488638987.795714,0,adjusted_gross_income/amount
5001800US2205,LA-05,50000.0,75000.0,2354103251.545799,0,adjusted_gross_income/amount
5001800US2205,LA-05,75000.0,100000.0,2099452299.5611987,0,adjusted_gross_income/amount
5001800US2205,LA-05,100000.0,200000.0,5466465169.140122,0,adjusted_gross_income/amount
5001800US2205,LA-05,200000.0,500000.0,3195719162.295413,0,adjusted_gross_income/amount
5001800US2205,LA-05,500000.0,inf,3425712616.0497475,0,adjusted_gross_income/amount
5001800US2205,LA-05,-inf,1.0,5504.489803087432,1,adjusted_gross_income/count
5001800US2205,LA-05,1.0,10000.0,30636.56457938471,1,adjusted_gross_income/count
5001800US2205,LA-05,10000.0,25000.0,67443.56440709873,1,adjusted_gross_income/count
5001800US2205,LA-05,25000.0,50000.0,68800.01409479926,1,adjusted_gross_income/count
5001800US2205,LA-05,50000.0,75000.0,38385.8190919548,1,adjusted_gross_income/count
5001800US2205,LA-05,75000.0,100000.0,24224.985226731977,1,adjusted_gross_income/count
5001800US2205,LA-05,100000.0,200000.0,39943.60249108007,1,adjusted_gross_income/count
5001800US2205,LA-05,200000.0,500000.0,11375.90578460603,1,adjusted_gross_income/count
5001800US2205,LA-05,500000.0,inf,2439.709899275977,1,adjusted_gross_income/count
5001800US2206,LA-06,-inf,1.0,-320691315.7681381,0,adjusted_gross_income/amount
5001800US2206,LA-06,1.0,10000.0,212253950.3948487,0,adjusted_gross_income/amount
5001800US2206,LA-06,10000.0,25000.0,1468505805.8628693,0,adjusted_gross_income/amount
5001800US2206,LA-06,25000.0,50000.0,3259182724.746948,0,adjusted_gross_income/amount
5001800US2206,LA-06,50000.0,75000.0,3124862789.6872153,0,adjusted_gross_income/amount
5001800US2206,LA-06,75000.0,100000.0,2725695975.99091,0,adjusted_gross_income/amount
5001800US2206,LA-06,100000.0,200000.0,7242242553.569054,0,adjusted_gross_income/amount
5001800US2206,LA-06,200000.0,500000.0,4365838096.761239,0,adjusted_gross_income/amount
5001800US2206,LA-06,500000.0,inf,4876100699.315426,0,adjusted_gross_income/amount
5001800US2206,LA-06,-inf,1.0,6234.249805962874,1,adjusted_gross_income/count
5001800US2206,LA-06,1.0,10000.0,39344.144429542626,1,adjusted_gross_income/count
5001800US2206,LA-06,10000.0,25000.0,85725.48907264322,1,adjusted_gross_income/count
5001800US2206,LA-06,25000.0,50000.0,90003.60524256148,1,adjusted_gross_income/count
5001800US2206,LA-06,50000.0,75000.0,50948.87234838471,1,adjusted_gross_income/count
5001800US2206,LA-06,75000.0,100000.0,31457.740852332703,1,adjusted_gross_income/count
5001800US2206,LA-06,100000.0,200000.0,52766.58410615063,1,adjusted_gross_income/count
5001800US2206,LA-06,200000.0,500000.0,15548.182986269185,1,adjusted_gross_income/count
5001800US2206,LA-06,500000.0,inf,3489.9521881653495,1,adjusted_gross_income/count
5001800US2301,ME-01,-inf,1.0,-185539744.20235905,0,adjusted_gross_income/amount
5001800US2301,ME-01,1.0,10000.0,195350763.39663377,0,adjusted_gross_income/amount
5001800US2301,ME-01,10000.0,25000.0,863513853.2115335,0,adjusted_gross_income/amount
5001800US2301,ME-01,25000.0,50000.0,3163717067.5169077,0,adjusted_gross_income/amount
5001800US2301,ME-01,50000.0,75000.0,3792193144.5904593,0,adjusted_gross_income/amount
5001800US2301,ME-01,75000.0,100000.0,3377730963.569288,0,adjusted_gross_income/amount
5001800US2301,ME-01,100000.0,200000.0,9088857784.915615,0,adjusted_gross_income/amount
5001800US2301,ME-01,200000.0,500000.0,6463222812.365807,0,adjusted_gross_income/amount
5001800US2301,ME-01,500000.0,inf,5950121206.180385,0,adjusted_gross_income/amount
5001800US2301,ME-01,-inf,1.0,6648.264608615925,1,adjusted_gross_income/count
5001800US2301,ME-01,1.0,10000.0,40500.1052942953,1,adjusted_gross_income/count
5001800US2301,ME-01,10000.0,25000.0,50344.08454609668,1,adjusted_gross_income/count
5001800US2301,ME-01,25000.0,50000.0,84191.22729322406,1,adjusted_gross_income/count
5001800US2301,ME-01,50000.0,75000.0,61666.60647343886,1,adjusted_gross_income/count
5001800US2301,ME-01,75000.0,100000.0,38978.69073304923,1,adjusted_gross_income/count
5001800US2301,ME-01,100000.0,200000.0,66206.78502550215,1,adjusted_gross_income/count
5001800US2301,ME-01,200000.0,500000.0,22447.519204150958,1,adjusted_gross_income/count
5001800US2301,ME-01,500000.0,inf,4994.420869131548,1,adjusted_gross_income/count
5001800US2302,ME-02,-inf,1.0,-123597858.88578255,0,adjusted_gross_income/amount
5001800US2302,ME-02,1.0,10000.0,198779225.2685858,0,adjusted_gross_income/amount
5001800US2302,ME-02,10000.0,25000.0,947545557.4061462,0,adjusted_gross_income/amount
5001800US2302,ME-02,25000.0,50000.0,3301614280.103567,0,adjusted_gross_income/amount
5001800US2302,ME-02,50000.0,75000.0,3336389106.5115247,0,adjusted_gross_income/amount
5001800US2302,ME-02,75000.0,100000.0,2839179744.50243,0,adjusted_gross_income/amount
5001800US2302,ME-02,100000.0,200000.0,6200785561.418931,0,adjusted_gross_income/amount
5001800US2302,ME-02,200000.0,500000.0,2927027983.5062857,0,adjusted_gross_income/amount
5001800US2302,ME-02,500000.0,inf,2401535225.0611606,0,adjusted_gross_income/amount
5001800US2302,ME-02,-inf,1.0,6947.213039737302,1,adjusted_gross_income/count
5001800US2302,ME-02,1.0,10000.0,42446.06324267173,1,adjusted_gross_income/count
5001800US2302,ME-02,10000.0,25000.0,54969.442507437794,1,adjusted_gross_income/count
5001800US2302,ME-02,25000.0,50000.0,88907.73100664222,1,adjusted_gross_income/count
5001800US2302,ME-02,50000.0,75000.0,54444.038481420845,1,adjusted_gross_income/count
5001800US2302,ME-02,75000.0,100000.0,32786.07357244648,1,adjusted_gross_income/count
5001800US2302,ME-02,100000.0,200000.0,46365.74037008294,1,adjusted_gross_income/count
5001800US2302,ME-02,200000.0,500000.0,10419.996380870454,1,adjusted_gross_income/count
5001800US2302,ME-02,500000.0,inf,1904.5209645043726,1,adjusted_gross_income/count
5001800US2401,MD-01,-inf,1.0,-325587363.2532634,0,adjusted_gross_income/amount
5001800US2401,MD-01,1.0,10000.0,216067146.4596182,0,adjusted_gross_income/amount
5001800US2401,MD-01,10000.0,25000.0,989864262.1174549,0,adjusted_gross_income/amount
5001800US2401,MD-01,25000.0,50000.0,3030734123.8412766,0,adjusted_gross_income/amount
5001800US2401,MD-01,50000.0,75000.0,3434769717.1150193,0,adjusted_gross_income/amount
5001800US2401,MD-01,75000.0,100000.0,3428055291.9526763,0,adjusted_gross_income/amount
5001800US2401,MD-01,100000.0,200000.0,10802503461.700502,0,adjusted_gross_income/amount
5001800US2401,MD-01,200000.0,500000.0,7460343741.684766,0,adjusted_gross_income/amount
5001800US2401,MD-01,500000.0,inf,4973503406.307875,0,adjusted_gross_income/amount
5001800US2401,MD-01,-inf,1.0,5321.249323775868,1,adjusted_gross_income/count
5001800US2401,MD-01,1.0,10000.0,42789.67585266328,1,adjusted_gross_income/count
5001800US2401,MD-01,10000.0,25000.0,57939.62675502316,1,adjusted_gross_income/count
5001800US2401,MD-01,25000.0,50000.0,82189.25493525292,1,adjusted_gross_income/count
5001800US2401,MD-01,50000.0,75000.0,55698.69531834942,1,adjusted_gross_income/count
5001800US2401,MD-01,75000.0,100000.0,39481.40147614985,1,adjusted_gross_income/count
5001800US2401,MD-01,100000.0,200000.0,77389.01164056257,1,adjusted_gross_income/count
5001800US2401,MD-01,200000.0,500000.0,26998.37959758751,1,adjusted_gross_income/count
5001800US2401,MD-01,500000.0,inf,4000.1200080570147,1,adjusted_gross_income/count
5001800US2402,MD-02,-inf,1.0,-333455811.7401521,0,adjusted_gross_income/amount
5001800US2402,MD-02,1.0,10000.0,215625083.19304565,0,adjusted_gross_income/amount
5001800US2402,MD-02,10000.0,25000.0,1027749563.0716294,0,adjusted_gross_income/amount
5001800US2402,MD-02,25000.0,50000.0,3138287186.813533,0,adjusted_gross_income/amount
5001800US2402,MD-02,50000.0,75000.0,3635066784.906175,0,adjusted_gross_income/amount
5001800US2402,MD-02,75000.0,100000.0,3495250263.943525,0,adjusted_gross_income/amount
5001800US2402,MD-02,100000.0,200000.0,10250499969.889824,0,adjusted_gross_income/amount
5001800US2402,MD-02,200000.0,500000.0,8570171779.593526,0,adjusted_gross_income/amount
5001800US2402,MD-02,500000.0,inf,7326786550.695267,0,adjusted_gross_income/amount
5001800US2402,MD-02,-inf,1.0,5474.3448913139455,1,adjusted_gross_income/count
5001800US2402,MD-02,1.0,10000.0,44774.71235779121,1,adjusted_gross_income/count
5001800US2402,MD-02,10000.0,25000.0,60334.246790603625,1,adjusted_gross_income/count
5001800US2402,MD-02,25000.0,50000.0,84772.78841794886,1,adjusted_gross_income/count
5001800US2402,MD-02,50000.0,75000.0,58938.25112140868,1,adjusted_gross_income/count
5001800US2402,MD-02,75000.0,100000.0,40288.32400500281,1,adjusted_gross_income/count
5001800US2402,MD-02,100000.0,200000.0,73668.4415177277,1,adjusted_gross_income/count
5001800US2402,MD-02,200000.0,500000.0,30275.89850720488,1,adjusted_gross_income/count
5001800US2402,MD-02,500000.0,inf,5549.718875558754,1,adjusted_gross_income/count
5001800US2403,MD-03,-inf,1.0,-211987003.69140437,0,adjusted_gross_income/amount
5001800US2403,MD-03,1.0,10000.0,164535396.15345114,0,adjusted_gross_income/amount
5001800US2403,MD-03,10000.0,25000.0,790658870.8412706,0,adjusted_gross_income/amount
5001800US2403,MD-03,25000.0,50000.0,2388138962.3508463,0,adjusted_gross_income/amount
5001800US2403,MD-03,50000.0,75000.0,2834650270.32071,0,adjusted_gross_income/amount
5001800US2403,MD-03,75000.0,100000.0,2698655688.7570148,0,adjusted_gross_income/amount
5001800US2403,MD-03,100000.0,200000.0,7771421685.320633,0,adjusted_gross_income/amount
5001800US2403,MD-03,200000.0,500000.0,7033557540.910011,0,adjusted_gross_income/amount
5001800US2403,MD-03,500000.0,inf,5996021015.395856,0,adjusted_gross_income/amount
5001800US2403,MD-03,-inf,1.0,4159.973312528319,1,adjusted_gross_income/count
5001800US2403,MD-03,1.0,10000.0,34731.93389564534,1,adjusted_gross_income/count
5001800US2403,MD-03,10000.0,25000.0,46453.55650741327,1,adjusted_gross_income/count
5001800US2403,MD-03,25000.0,50000.0,64474.470874360515,1,adjusted_gross_income/count
5001800US2403,MD-03,50000.0,75000.0,45945.35053744096,1,adjusted_gross_income/count
5001800US2403,MD-03,75000.0,100000.0,31115.108539817244,1,adjusted_gross_income/count
5001800US2403,MD-03,100000.0,200000.0,55835.752687209446,1,adjusted_gross_income/count
5001800US2403,MD-03,200000.0,500000.0,24675.559815086755,1,adjusted_gross_income/count
5001800US2403,MD-03,500000.0,inf,4507.66583381233,1,adjusted_gross_income/count
5001800US2404,MD-04,-inf,1.0,-153523604.48864257,0,adjusted_gross_income/amount
5001800US2404,MD-04,1.0,10000.0,226773397.39146027,0,adjusted_gross_income/amount
5001800US2404,MD-04,10000.0,25000.0,1084086081.1639202,0,adjusted_gross_income/amount
5001800US2404,MD-04,25000.0,50000.0,3324694207.8748546,0,adjusted_gross_income/amount
5001800US2404,MD-04,50000.0,75000.0,4138229829.641634,0,adjusted_gross_income/amount
5001800US2404,MD-04,75000.0,100000.0,4107978789.341151,0,adjusted_gross_income/amount
5001800US2404,MD-04,100000.0,200000.0,11618244528.593334,0,adjusted_gross_income/amount
5001800US2404,MD-04,200000.0,500000.0,8122442720.627601,0,adjusted_gross_income/amount
5001800US2404,MD-04,500000.0,inf,3624590299.5353594,0,adjusted_gross_income/amount
5001800US2404,MD-04,-inf,1.0,5410.512035762851,1,adjusted_gross_income/count
5001800US2404,MD-04,1.0,10000.0,49776.42476904631,1,adjusted_gross_income/count
5001800US2404,MD-04,10000.0,25000.0,63492.53969292754,1,adjusted_gross_income/count
5001800US2404,MD-04,25000.0,50000.0,89610.59981901933,1,adjusted_gross_income/count
5001800US2404,MD-04,50000.0,75000.0,67002.3846103101,1,adjusted_gross_income/count
5001800US2404,MD-04,75000.0,100000.0,47293.599767101696,1,adjusted_gross_income/count
5001800US2404,MD-04,100000.0,200000.0,84109.55948409981,1,adjusted_gross_income/count
5001800US2404,MD-04,200000.0,500000.0,29534.04796714302,1,adjusted_gross_income/count
5001800US2404,MD-04,500000.0,inf,3183.094567723988,1,adjusted_gross_income/count
5001800US2405,MD-05,-inf,1.0,-131403157.63384193,0,adjusted_gross_income/amount
5001800US2405,MD-05,1.0,10000.0,175876180.5462784,0,adjusted_gross_income/amount
5001800US2405,MD-05,10000.0,25000.0,821914849.1255089,0,adjusted_gross_income/amount
5001800US2405,MD-05,25000.0,50000.0,2548255070.7990537,0,adjusted_gross_income/amount
5001800US2405,MD-05,50000.0,75000.0,3279348257.1556396,0,adjusted_gross_income/amount
5001800US2405,MD-05,75000.0,100000.0,3528007192.6334915,0,adjusted_gross_income/amount
5001800US2405,MD-05,100000.0,200000.0,11001400365.647976,0,adjusted_gross_income/amount
5001800US2405,MD-05,200000.0,500000.0,7249317157.698612,0,adjusted_gross_income/amount
5001800US2405,MD-05,500000.0,inf,2665023409.291143,0,adjusted_gross_income/amount
5001800US2405,MD-05,-inf,1.0,4818.24104707178,1,adjusted_gross_income/count
5001800US2405,MD-05,1.0,10000.0,37357.44189883279,1,adjusted_gross_income/count
5001800US2405,MD-05,10000.0,25000.0,48061.1966969023,1,adjusted_gross_income/count
5001800US2405,MD-05,25000.0,50000.0,68677.20270803802,1,adjusted_gross_income/count
5001800US2405,MD-05,50000.0,75000.0,52959.954434658655,1,adjusted_gross_income/count
5001800US2405,MD-05,75000.0,100000.0,40553.79684076066,1,adjusted_gross_income/count
5001800US2405,MD-05,100000.0,200000.0,79232.3861966026,1,adjusted_gross_income/count
5001800US2405,MD-05,200000.0,500000.0,26866.33012675396,1,adjusted_gross_income/count
5001800US2405,MD-05,500000.0,inf,2332.7379707977248,1,adjusted_gross_income/count
5001800US2406,MD-06,-inf,1.0,-294039017.434552,0,adjusted_gross_income/amount
5001800US2406,MD-06,1.0,10000.0,209337163.6747153,0,adjusted_gross_income/amount
5001800US2406,MD-06,10000.0,25000.0,905573455.7851334,0,adjusted_gross_income/amount
5001800US2406,MD-06,25000.0,50000.0,2697934855.239067,0,adjusted_gross_income/amount
5001800US2406,MD-06,50000.0,75000.0,3145784789.1239624,0,adjusted_gross_income/amount
5001800US2406,MD-06,75000.0,100000.0,3152611916.1867537,0,adjusted_gross_income/amount
5001800US2406,MD-06,100000.0,200000.0,10385459123.51543,0,adjusted_gross_income/amount
5001800US2406,MD-06,200000.0,500000.0,10889959729.764914,0,adjusted_gross_income/amount
5001800US2406,MD-06,500000.0,inf,9332727344.902586,0,adjusted_gross_income/amount
5001800US2406,MD-06,-inf,1.0,5610.300403401232,1,adjusted_gross_income/count
5001800US2406,MD-06,1.0,10000.0,46242.373214267805,1,adjusted_gross_income/count
5001800US2406,MD-06,10000.0,25000.0,53111.43574725325,1,adjusted_gross_income/count
5001800US2406,MD-06,25000.0,50000.0,73073.2819945662,1,adjusted_gross_income/count
5001800US2406,MD-06,50000.0,75000.0,50948.403391320324,1,adjusted_gross_income/count
5001800US2406,MD-06,75000.0,100000.0,36291.13852679598,1,adjusted_gross_income/count
5001800US2406,MD-06,100000.0,200000.0,73914.69370063709,1,adjusted_gross_income/count
5001800US2406,MD-06,200000.0,500000.0,37770.846177273495,1,adjusted_gross_income/count
5001800US2406,MD-06,500000.0,inf,7413.465084546304,1,adjusted_gross_income/count
5001800US2407,MD-07,-inf,1.0,-279604192.79039973,0,adjusted_gross_income/amount
5001800US2407,MD-07,1.0,10000.0,226491188.39295366,0,adjusted_gross_income/amount
5001800US2407,MD-07,10000.0,25000.0,1108633783.6654294,0,adjusted_gross_income/amount
5001800US2407,MD-07,25000.0,50000.0,3296746037.0641704,0,adjusted_gross_income/amount
5001800US2407,MD-07,50000.0,75000.0,3699563187.616232,0,adjusted_gross_income/amount
5001800US2407,MD-07,75000.0,100000.0,3409259861.2619386,0,adjusted_gross_income/amount
5001800US2407,MD-07,100000.0,200000.0,9701144044.814941,0,adjusted_gross_income/amount
5001800US2407,MD-07,200000.0,500000.0,9038015747.208822,0,adjusted_gross_income/amount
5001800US2407,MD-07,500000.0,inf,7749859082.186606,0,adjusted_gross_income/amount
5001800US2407,MD-07,-inf,1.0,5958.2944348285355,1,adjusted_gross_income/count
5001800US2407,MD-07,1.0,10000.0,46327.74879469187,1,adjusted_gross_income/count
5001800US2407,MD-07,10000.0,25000.0,65201.32032853952,1,adjusted_gross_income/count
5001800US2407,MD-07,25000.0,50000.0,89150.1023300484,1,adjusted_gross_income/count
5001800US2407,MD-07,50000.0,75000.0,60059.680759370916,1,adjusted_gross_income/count
5001800US2407,MD-07,75000.0,100000.0,39341.17012984417,1,adjusted_gross_income/count
5001800US2407,MD-07,100000.0,200000.0,69659.52545529442,1,adjusted_gross_income/count
5001800US2407,MD-07,200000.0,500000.0,31607.830097351853,1,adjusted_gross_income/count
5001800US2407,MD-07,500000.0,inf,5796.978467161443,1,adjusted_gross_income/count
5001800US2408,MD-08,-inf,1.0,-387244695.8393504,0,adjusted_gross_income/amount
5001800US2408,MD-08,1.0,10000.0,212767947.272019,0,adjusted_gross_income/amount
5001800US2408,MD-08,10000.0,25000.0,869537935.8551086,0,adjusted_gross_income/amount
5001800US2408,MD-08,25000.0,50000.0,2581501276.651634,0,adjusted_gross_income/amount
5001800US2408,MD-08,50000.0,75000.0,3221465003.7174397,0,adjusted_gross_income/amount
5001800US2408,MD-08,75000.0,100000.0,3335767911.2109,0,adjusted_gross_income/amount
5001800US2408,MD-08,100000.0,200000.0,11799188519.09107,0,adjusted_gross_income/amount
5001800US2408,MD-08,200000.0,500000.0,13981248076.777908,0,adjusted_gross_income/amount
5001800US2408,MD-08,500000.0,inf,15273796484.54432,0,adjusted_gross_income/amount
5001800US2408,MD-08,-inf,1.0,6128.384869430791,1,adjusted_gross_income/count
5001800US2408,MD-08,1.0,10000.0,47239.2630107238,1,adjusted_gross_income/count
5001800US2408,MD-08,10000.0,25000.0,51182.77651276773,1,adjusted_gross_income/count
5001800US2408,MD-08,25000.0,50000.0,69722.11736260653,1,adjusted_gross_income/count
5001800US2408,MD-08,50000.0,75000.0,52077.29008398357,1,adjusted_gross_income/count
5001800US2408,MD-08,75000.0,100000.0,38372.83197951762,1,adjusted_gross_income/count
5001800US2408,MD-08,100000.0,200000.0,83345.01184700611,1,adjusted_gross_income/count
5001800US2408,MD-08,200000.0,500000.0,48092.78606745196,1,adjusted_gross_income/count
5001800US2408,MD-08,500000.0,inf,11508.839895846853,1,adjusted_gross_income/count
5001800US2501,MA-01,-inf,1.0,-141775612.80345473,0,adjusted_gross_income/amount
5001800US2501,MA-01,1.0,10000.0,233343980.52219352,0,adjusted_gross_income/amount
5001800US2501,MA-01,10000.0,25000.0,1090770406.3007205,0,adjusted_gross_income/amount
5001800US2501,MA-01,25000.0,50000.0,3567449414.443366,0,adjusted_gross_income/amount
5001800US2501,MA-01,50000.0,75000.0,4000213883.460829,0,adjusted_gross_income/amount
5001800US2501,MA-01,75000.0,100000.0,3478068243.381284,0,adjusted_gross_income/amount
5001800US2501,MA-01,100000.0,200000.0,8870150789.302649,0,adjusted_gross_income/amount
5001800US2501,MA-01,200000.0,500000.0,5382881978.275639,0,adjusted_gross_income/amount
5001800US2501,MA-01,500000.0,inf,5089426398.683185,0,adjusted_gross_income/amount
5001800US2501,MA-01,-inf,1.0,5570.224765832829,1,adjusted_gross_income/count
5001800US2501,MA-01,1.0,10000.0,46281.244293275886,1,adjusted_gross_income/count
5001800US2501,MA-01,10000.0,25000.0,63617.35583790643,1,adjusted_gross_income/count
5001800US2501,MA-01,25000.0,50000.0,95786.13690825245,1,adjusted_gross_income/count
5001800US2501,MA-01,50000.0,75000.0,65019.891373025,1,adjusted_gross_income/count
5001800US2501,MA-01,75000.0,100000.0,40192.41925245533,1,adjusted_gross_income/count
5001800US2501,MA-01,100000.0,200000.0,64712.117028248234,1,adjusted_gross_income/count
5001800US2501,MA-01,200000.0,500000.0,19200.742899225334,1,adjusted_gross_income/count
5001800US2501,MA-01,500000.0,inf,3402.6445238573247,1,adjusted_gross_income/count
5001800US2502,MA-02,-inf,1.0,-183078720.52617922,0,adjusted_gross_income/amount
5001800US2502,MA-02,1.0,10000.0,216787076.74055767,0,adjusted_gross_income/amount
5001800US2502,MA-02,10000.0,25000.0,899975630.5036163,0,adjusted_gross_income/amount
5001800US2502,MA-02,25000.0,50000.0,2978049389.3275337,0,adjusted_gross_income/amount
5001800US2502,MA-02,50000.0,75000.0,3715253218.150156,0,adjusted_gross_income/amount
5001800US2502,MA-02,75000.0,100000.0,3501505891.7949314,0,adjusted_gross_income/amount
5001800US2502,MA-02,100000.0,200000.0,10266413480.447817,0,adjusted_gross_income/amount
5001800US2502,MA-02,200000.0,500000.0,8818243314.874846,0,adjusted_gross_income/amount
5001800US2502,MA-02,500000.0,inf,10333847114.96135,0,adjusted_gross_income/amount
5001800US2502,MA-02,-inf,1.0,5306.938020305566,1,adjusted_gross_income/count
5001800US2502,MA-02,1.0,10000.0,44079.41415334782,1,adjusted_gross_income/count
5001800US2502,MA-02,10000.0,25000.0,52669.92662455828,1,adjusted_gross_income/count
5001800US2502,MA-02,25000.0,50000.0,79661.93826609732,1,adjusted_gross_income/count
5001800US2502,MA-02,50000.0,75000.0,60159.531761697915,1,adjusted_gross_income/count
5001800US2502,MA-02,75000.0,100000.0,40436.54920618091,1,adjusted_gross_income/count
5001800US2502,MA-02,100000.0,200000.0,73646.99700896833,1,adjusted_gross_income/count
5001800US2502,MA-02,200000.0,500000.0,30786.298107118477,1,adjusted_gross_income/count
5001800US2502,MA-02,500000.0,inf,5553.797773527695,1,adjusted_gross_income/count
5001800US2503,MA-03,-inf,1.0,-203826628.77294368,0,adjusted_gross_income/amount
5001800US2503,MA-03,1.0,10000.0,219989215.02404422,0,adjusted_gross_income/amount
5001800US2503,MA-03,10000.0,25000.0,930783737.6949917,0,adjusted_gross_income/amount
5001800US2503,MA-03,25000.0,50000.0,3083861327.970974,0,adjusted_gross_income/amount
5001800US2503,MA-03,50000.0,75000.0,3635538787.526329,0,adjusted_gross_income/amount
5001800US2503,MA-03,75000.0,100000.0,3351879830.0660877,0,adjusted_gross_income/amount
5001800US2503,MA-03,100000.0,200000.0,9828552549.877237,0,adjusted_gross_income/amount
5001800US2503,MA-03,200000.0,500000.0,10251214938.948244,0,adjusted_gross_income/amount
5001800US2503,MA-03,500000.0,inf,9253406316.225138,0,adjusted_gross_income/amount
5001800US2503,MA-03,-inf,1.0,4631.324455898003,1,adjusted_gross_income/count
5001800US2503,MA-03,1.0,10000.0,45052.721208548486,1,adjusted_gross_income/count
5001800US2503,MA-03,10000.0,25000.0,54322.28496730591,1,adjusted_gross_income/count
5001800US2503,MA-03,25000.0,50000.0,82640.52573287679,1,adjusted_gross_income/count
5001800US2503,MA-03,50000.0,75000.0,59060.23920064688,1,adjusted_gross_income/count
5001800US2503,MA-03,75000.0,100000.0,38705.65786082982,1,adjusted_gross_income/count
5001800US2503,MA-03,100000.0,200000.0,70022.50168422199,1,adjusted_gross_income/count
5001800US2503,MA-03,200000.0,500000.0,35179.4207382453,1,adjusted_gross_income/count
5001800US2503,MA-03,500000.0,inf,7265.076448664856,1,adjusted_gross_income/count
5001800US2504,MA-04,-inf,1.0,-324728863.182358,0,adjusted_gross_income/amount
5001800US2504,MA-04,1.0,10000.0,216655430.57852137,0,adjusted_gross_income/amount
5001800US2504,MA-04,10000.0,25000.0,759118571.9632291,0,adjusted_gross_income/amount
5001800US2504,MA-04,25000.0,50000.0,2408749391.864735,0,adjusted_gross_income/amount
5001800US2504,MA-04,50000.0,75000.0,3262934911.9251914,0,adjusted_gross_income/amount
5001800US2504,MA-04,75000.0,100000.0,3339015542.575369,0,adjusted_gross_income/amount
5001800US2504,MA-04,100000.0,200000.0,11327529785.328106,0,adjusted_gross_income/amount
5001800US2504,MA-04,200000.0,500000.0,15176671359.992996,0,adjusted_gross_income/amount
5001800US2504,MA-04,500000.0,inf,29808004245.481174,0,adjusted_gross_income/amount
5001800US2504,MA-04,-inf,1.0,5021.069807741276,1,adjusted_gross_income/count
5001800US2504,MA-04,1.0,10000.0,45222.85316118558,1,adjusted_gross_income/count
5001800US2504,MA-04,10000.0,25000.0,44809.97750541699,1,adjusted_gross_income/count
5001800US2504,MA-04,25000.0,50000.0,64278.956374858026,1,adjusted_gross_income/count
5001800US2504,MA-04,50000.0,75000.0,52697.44190100439,1,adjusted_gross_income/count
5001800US2504,MA-04,75000.0,100000.0,38473.223606653686,1,adjusted_gross_income/count
5001800US2504,MA-04,100000.0,200000.0,79880.38752967784,1,adjusted_gross_income/count
5001800US2504,MA-04,200000.0,500000.0,50641.19628574538,1,adjusted_gross_income/count
5001800US2504,MA-04,500000.0,inf,18603.979767450972,1,adjusted_gross_income/count
5001800US2505,MA-05,-inf,1.0,-319229301.0448787,0,adjusted_gross_income/amount
5001800US2505,MA-05,1.0,10000.0,191502857.14942452,0,adjusted_gross_income/amount
5001800US2505,MA-05,10000.0,25000.0,742426316.5964321,0,adjusted_gross_income/amount
5001800US2505,MA-05,25000.0,50000.0,2358425166.7550755,0,adjusted_gross_income/amount
5001800US2505,MA-05,50000.0,75000.0,3431927168.5192003,0,adjusted_gross_income/amount
5001800US2505,MA-05,75000.0,100000.0,3530813862.0699096,0,adjusted_gross_income/amount
5001800US2505,MA-05,100000.0,200000.0,11203479997.735119,0,adjusted_gross_income/amount
5001800US2505,MA-05,200000.0,500000.0,16443614269.060537,0,adjusted_gross_income/amount
5001800US2505,MA-05,500000.0,inf,25666343849.891575,0,adjusted_gross_income/amount
5001800US2505,MA-05,-inf,1.0,5941.708819444617,1,adjusted_gross_income/count
5001800US2505,MA-05,1.0,10000.0,41013.971875449584,1,adjusted_gross_income/count
5001800US2505,MA-05,10000.0,25000.0,43542.26165929177,1,adjusted_gross_income/count
5001800US2505,MA-05,25000.0,50000.0,62837.83856533438,1,adjusted_gross_income/count
5001800US2505,MA-05,50000.0,75000.0,55406.50292347301,1,adjusted_gross_income/count
5001800US2505,MA-05,75000.0,100000.0,40694.4044546132,1,adjusted_gross_income/count
5001800US2505,MA-05,100000.0,200000.0,79266.58063968117,1,adjusted_gross_income/count
5001800US2505,MA-05,200000.0,500000.0,54612.25537810735,1,adjusted_gross_income/count
5001800US2505,MA-05,500000.0,inf,17009.13959795807,1,adjusted_gross_income/count
5001800US2506,MA-06,-inf,1.0,-244004922.31057206,0,adjusted_gross_income/amount
5001800US2506,MA-06,1.0,10000.0,214519378.61707196,0,adjusted_gross_income/amount
5001800US2506,MA-06,10000.0,25000.0,799306192.7792106,0,adjusted_gross_income/amount
5001800US2506,MA-06,25000.0,50000.0,2523101026.993352,0,adjusted_gross_income/amount
5001800US2506,MA-06,50000.0,75000.0,3487495614.3098273,0,adjusted_gross_income/amount
5001800US2506,MA-06,75000.0,100000.0,3600428005.687237,0,adjusted_gross_income/amount
5001800US2506,MA-06,100000.0,200000.0,12017005903.769484,0,adjusted_gross_income/amount
5001800US2506,MA-06,200000.0,500000.0,13501408407.950047,0,adjusted_gross_income/amount
5001800US2506,MA-06,500000.0,inf,14762694085.979406,0,adjusted_gross_income/amount
5001800US2506,MA-06,-inf,1.0,4973.44406334721,1,adjusted_gross_income/count
5001800US2506,MA-06,1.0,10000.0,44177.50132667667,1,adjusted_gross_income/count
5001800US2506,MA-06,10000.0,25000.0,47177.00675115476,1,adjusted_gross_income/count
5001800US2506,MA-06,25000.0,50000.0,67234.84959215729,1,adjusted_gross_income/count
5001800US2506,MA-06,50000.0,75000.0,56369.09459910456,1,adjusted_gross_income/count
5001800US2506,MA-06,75000.0,100000.0,41523.09234662207,1,adjusted_gross_income/count
5001800US2506,MA-06,100000.0,200000.0,84811.67942567557,1,adjusted_gross_income/count
5001800US2506,MA-06,200000.0,500000.0,46419.96860254281,1,adjusted_gross_income/count
5001800US2506,MA-06,500000.0,inf,10418.233616484045,1,adjusted_gross_income/count
5001800US2507,MA-07,-inf,1.0,-193619032.90596873,0,adjusted_gross_income/amount
5001800US2507,MA-07,1.0,10000.0,173373851.50061676,0,adjusted_gross_income/amount
5001800US2507,MA-07,10000.0,25000.0,924496741.8914204,0,adjusted_gross_income/amount
5001800US2507,MA-07,25000.0,50000.0,3104317307.3259354,0,adjusted_gross_income/amount
5001800US2507,MA-07,50000.0,75000.0,3908382455.457263,0,adjusted_gross_income/amount
5001800US2507,MA-07,75000.0,100000.0,3302661702.7584834,0,adjusted_gross_income/amount
5001800US2507,MA-07,100000.0,200000.0,7391004125.673915,0,adjusted_gross_income/amount
5001800US2507,MA-07,200000.0,500000.0,6895073920.46046,0,adjusted_gross_income/amount
5001800US2507,MA-07,500000.0,inf,12245347835.96416,0,adjusted_gross_income/amount
5001800US2507,MA-07,-inf,1.0,4607.815304787095,1,adjusted_gross_income/count
5001800US2507,MA-07,1.0,10000.0,35254.4458227537,1,adjusted_gross_income/count
5001800US2507,MA-07,10000.0,25000.0,53597.82603476748,1,adjusted_gross_income/count
5001800US2507,MA-07,25000.0,50000.0,82740.89922725323,1,adjusted_gross_income/count
5001800US2507,MA-07,50000.0,75000.0,63491.59598806212,1,adjusted_gross_income/count
5001800US2507,MA-07,75000.0,100000.0,38248.78496558677,1,adjusted_gross_income/count
5001800US2507,MA-07,100000.0,200000.0,53885.94696826899,1,adjusted_gross_income/count
5001800US2507,MA-07,200000.0,500000.0,23485.609077132438,1,adjusted_gross_income/count
5001800US2507,MA-07,500000.0,inf,6887.771260574435,1,adjusted_gross_income/count
5001800US2508,MA-08,-inf,1.0,-215631096.24540764,0,adjusted_gross_income/amount
5001800US2508,MA-08,1.0,10000.0,205727066.086274,0,adjusted_gross_income/amount
5001800US2508,MA-08,10000.0,25000.0,845719112.8713008,0,adjusted_gross_income/amount
5001800US2508,MA-08,25000.0,50000.0,2818758870.8593416,0,adjusted_gross_income/amount
5001800US2508,MA-08,50000.0,75000.0,4074500188.515391,0,adjusted_gross_income/amount
5001800US2508,MA-08,75000.0,100000.0,4160250356.821398,0,adjusted_gross_income/amount
5001800US2508,MA-08,100000.0,200000.0,12101510816.892605,0,adjusted_gross_income/amount
5001800US2508,MA-08,200000.0,500000.0,12903660040.074062,0,adjusted_gross_income/amount
5001800US2508,MA-08,500000.0,inf,18242803045.341846,0,adjusted_gross_income/amount
5001800US2508,MA-08,-inf,1.0,4929.597368990008,1,adjusted_gross_income/count
5001800US2508,MA-08,1.0,10000.0,42561.97182990622,1,adjusted_gross_income/count
5001800US2508,MA-08,10000.0,25000.0,49554.73855347547,1,adjusted_gross_income/count
5001800US2508,MA-08,25000.0,50000.0,75048.69017489212,1,adjusted_gross_income/count
5001800US2508,MA-08,50000.0,75000.0,65748.50383130612,1,adjusted_gross_income/count
5001800US2508,MA-08,75000.0,100000.0,48021.828389179536,1,adjusted_gross_income/count
5001800US2508,MA-08,100000.0,200000.0,86329.10226322642,1,adjusted_gross_income/count
5001800US2508,MA-08,200000.0,500000.0,44161.00680711462,1,adjusted_gross_income/count
5001800US2508,MA-08,500000.0,inf,11867.690092579056,1,adjusted_gross_income/count
5001800US2509,MA-09,-inf,1.0,-246144207.89877048,0,adjusted_gross_income/amount
5001800US2509,MA-09,1.0,10000.0,225368677.91358772,0,adjusted_gross_income/amount
5001800US2509,MA-09,10000.0,25000.0,927870824.4849805,0,adjusted_gross_income/amount
5001800US2509,MA-09,25000.0,50000.0,2914377125.39247,0,adjusted_gross_income/amount
5001800US2509,MA-09,50000.0,75000.0,3683928116.3593283,0,adjusted_gross_income/amount
5001800US2509,MA-09,75000.0,100000.0,3584320796.0414805,0,adjusted_gross_income/amount
5001800US2509,MA-09,100000.0,200000.0,10814470187.32149,0,adjusted_gross_income/amount
5001800US2509,MA-09,200000.0,500000.0,9102488794.45407,0,adjusted_gross_income/amount
5001800US2509,MA-09,500000.0,inf,9350608030.462713,0,adjusted_gross_income/amount
5001800US2509,MA-09,-inf,1.0,5464.684301257014,1,adjusted_gross_income/count
5001800US2509,MA-09,1.0,10000.0,46734.80803624455,1,adjusted_gross_income/count
5001800US2509,MA-09,10000.0,25000.0,54387.515622918094,1,adjusted_gross_income/count
5001800US2509,MA-09,25000.0,50000.0,78138.57263808916,1,adjusted_gross_income/count
5001800US2509,MA-09,50000.0,75000.0,59650.026385179386,1,adjusted_gross_income/count
5001800US2509,MA-09,75000.0,100000.0,41351.64488703164,1,adjusted_gross_income/count
5001800US2509,MA-09,100000.0,200000.0,77428.89624699697,1,adjusted_gross_income/count
5001800US2509,MA-09,200000.0,500000.0,31729.384993454776,1,adjusted_gross_income/count
5001800US2509,MA-09,500000.0,inf,7294.082013552472,1,adjusted_gross_income/count
5001800US2601,MI-01,-inf,1.0,-256594669.97160178,0,adjusted_gross_income/amount
5001800US2601,MI-01,1.0,10000.0,251048637.4107512,0,adjusted_gross_income/amount
5001800US2601,MI-01,10000.0,25000.0,1122028161.4139764,0,adjusted_gross_income/amount
5001800US2601,MI-01,25000.0,50000.0,3313668623.8393826,0,adjusted_gross_income/amount
5001800US2601,MI-01,50000.0,75000.0,3445221134.837582,0,adjusted_gross_income/amount
5001800US2601,MI-01,75000.0,100000.0,3180626101.893973,0,adjusted_gross_income/amount
5001800US2601,MI-01,100000.0,200000.0,7237311066.527691,0,adjusted_gross_income/amount
5001800US2601,MI-01,200000.0,500000.0,3784225270.3283315,0,adjusted_gross_income/amount
5001800US2601,MI-01,500000.0,inf,4202736635.204546,0,adjusted_gross_income/amount
5001800US2601,MI-01,-inf,1.0,6796.204162950875,1,adjusted_gross_income/count
5001800US2601,MI-01,1.0,10000.0,52902.449801551695,1,adjusted_gross_income/count
5001800US2601,MI-01,10000.0,25000.0,65314.21800795828,1,adjusted_gross_income/count
5001800US2601,MI-01,25000.0,50000.0,90437.30299196922,1,adjusted_gross_income/count
5001800US2601,MI-01,50000.0,75000.0,55961.29967039515,1,adjusted_gross_income/count
5001800US2601,MI-01,75000.0,100000.0,36710.723073542846,1,adjusted_gross_income/count
5001800US2601,MI-01,100000.0,200000.0,53981.6147973784,1,adjusted_gross_income/count
5001800US2601,MI-01,200000.0,500000.0,13202.826622054847,1,adjusted_gross_income/count
5001800US2601,MI-01,500000.0,inf,3059.5545728313878,1,adjusted_gross_income/count
5001800US2602,MI-02,-inf,1.0,-165808362.8792567,0,adjusted_gross_income/amount
5001800US2602,MI-02,1.0,10000.0,243263753.2682789,0,adjusted_gross_income/amount
5001800US2602,MI-02,10000.0,25000.0,1095840144.6680465,0,adjusted_gross_income/amount
5001800US2602,MI-02,25000.0,50000.0,3354797733.4448457,0,adjusted_gross_income/amount
5001800US2602,MI-02,50000.0,75000.0,3545162820.5150948,0,adjusted_gross_income/amount
5001800US2602,MI-02,75000.0,100000.0,3267330542.3750362,0,adjusted_gross_income/amount
5001800US2602,MI-02,100000.0,200000.0,7862228465.129554,0,adjusted_gross_income/amount
5001800US2602,MI-02,200000.0,500000.0,4145803928.1199656,0,adjusted_gross_income/amount
5001800US2602,MI-02,500000.0,inf,4634765004.925738,0,adjusted_gross_income/amount
5001800US2602,MI-02,-inf,1.0,5634.885394126349,1,adjusted_gross_income/count
5001800US2602,MI-02,1.0,10000.0,51548.915980562626,1,adjusted_gross_income/count
5001800US2602,MI-02,10000.0,25000.0,63923.08581607469,1,adjusted_gross_income/count
5001800US2602,MI-02,25000.0,50000.0,90930.77030959542,1,adjusted_gross_income/count
5001800US2602,MI-02,50000.0,75000.0,57655.06446495235,1,adjusted_gross_income/count
5001800US2602,MI-02,75000.0,100000.0,37677.12430063773,1,adjusted_gross_income/count
5001800US2602,MI-02,100000.0,200000.0,58194.704474876475,1,adjusted_gross_income/count
5001800US2602,MI-02,200000.0,500000.0,14653.152354890033,1,adjusted_gross_income/count
5001800US2602,MI-02,500000.0,inf,3125.5792897225956,1,adjusted_gross_income/count
5001800US2603,MI-03,-inf,1.0,-160953016.29230124,0,adjusted_gross_income/amount
5001800US2603,MI-03,1.0,10000.0,235033358.84376904,0,adjusted_gross_income/amount
5001800US2603,MI-03,10000.0,25000.0,1038907684.13946,0,adjusted_gross_income/amount
5001800US2603,MI-03,25000.0,50000.0,3351774226.758943,0,adjusted_gross_income/amount
5001800US2603,MI-03,50000.0,75000.0,3562987586.9154673,0,adjusted_gross_income/amount
5001800US2603,MI-03,75000.0,100000.0,3258966791.7815356,0,adjusted_gross_income/amount
5001800US2603,MI-03,100000.0,200000.0,8042412067.854082,0,adjusted_gross_income/amount
5001800US2603,MI-03,200000.0,500000.0,4639369853.918165,0,adjusted_gross_income/amount
5001800US2603,MI-03,500000.0,inf,6177463271.1064625,0,adjusted_gross_income/amount
5001800US2603,MI-03,-inf,1.0,4830.48168739844,1,adjusted_gross_income/count
5001800US2603,MI-03,1.0,10000.0,49306.159711371314,1,adjusted_gross_income/count
5001800US2603,MI-03,10000.0,25000.0,60744.597872181555,1,adjusted_gross_income/count
5001800US2603,MI-03,25000.0,50000.0,90277.487272682,1,adjusted_gross_income/count
5001800US2603,MI-03,50000.0,75000.0,58005.00396339822,1,adjusted_gross_income/count
5001800US2603,MI-03,75000.0,100000.0,37576.82886170565,1,adjusted_gross_income/count
5001800US2603,MI-03,100000.0,200000.0,59387.35048357719,1,adjusted_gross_income/count
5001800US2603,MI-03,200000.0,500000.0,16258.712548083142,1,adjusted_gross_income/count
5001800US2603,MI-03,500000.0,inf,3836.3646069165015,1,adjusted_gross_income/count
5001800US2604,MI-04,-inf,1.0,-154833227.5327704,0,adjusted_gross_income/amount
5001800US2604,MI-04,1.0,10000.0,212143628.79648387,0,adjusted_gross_income/amount
5001800US2604,MI-04,10000.0,25000.0,952729327.0198947,0,adjusted_gross_income/amount
5001800US2604,MI-04,25000.0,50000.0,2944758228.853574,0,adjusted_gross_income/amount
5001800US2604,MI-04,50000.0,75000.0,3135630668.5407043,0,adjusted_gross_income/amount
5001800US2604,MI-04,75000.0,100000.0,2883572095.916734,0,adjusted_gross_income/amount
5001800US2604,MI-04,100000.0,200000.0,7153206676.353299,0,adjusted_gross_income/amount
5001800US2604,MI-04,200000.0,500000.0,4130946715.9350452,0,adjusted_gross_income/amount
5001800US2604,MI-04,500000.0,inf,5145632353.086976,0,adjusted_gross_income/amount
5001800US2604,MI-04,-inf,1.0,4814.645003346498,1,adjusted_gross_income/count
5001800US2604,MI-04,1.0,10000.0,44730.66378284805,1,adjusted_gross_income/count
5001800US2604,MI-04,10000.0,25000.0,55690.77413717597,1,adjusted_gross_income/count
5001800US2604,MI-04,25000.0,50000.0,79535.49532082178,1,adjusted_gross_income/count
5001800US2604,MI-04,50000.0,75000.0,51024.827792382486,1,adjusted_gross_income/count
5001800US2604,MI-04,75000.0,100000.0,33256.7243862043,1,adjusted_gross_income/count
5001800US2604,MI-04,100000.0,200000.0,52834.80745427449,1,adjusted_gross_income/count
5001800US2604,MI-04,200000.0,500000.0,14474.073410227793,1,adjusted_gross_income/count
5001800US2604,MI-04,500000.0,inf,3314.3090655589685,1,adjusted_gross_income/count
5001800US2605,MI-05,-inf,1.0,-157593448.50708878,0,adjusted_gross_income/amount
5001800US2605,MI-05,1.0,10000.0,244326429.41790113,0,adjusted_gross_income/amount
5001800US2605,MI-05,10000.0,25000.0,1121672155.9443634,0,adjusted_gross_income/amount
5001800US2605,MI-05,25000.0,50000.0,3423209710.125895,0,adjusted_gross_income/amount
5001800US2605,MI-05,50000.0,75000.0,3755411347.7151017,0,adjusted_gross_income/amount
5001800US2605,MI-05,75000.0,100000.0,3608317433.7783093,0,adjusted_gross_income/amount
5001800US2605,MI-05,100000.0,200000.0,9278003327.723196,0,adjusted_gross_income/amount
5001800US2605,MI-05,200000.0,500000.0,4990973076.286077,0,adjusted_gross_income/amount
5001800US2605,MI-05,500000.0,inf,4609454400.227773,0,adjusted_gross_income/amount
5001800US2605,MI-05,-inf,1.0,5873.062349505981,1,adjusted_gross_income/count
5001800US2605,MI-05,1.0,10000.0,51736.537651493665,1,adjusted_gross_income/count
5001800US2605,MI-05,10000.0,25000.0,65397.44366378887,1,adjusted_gross_income/count
5001800US2605,MI-05,25000.0,50000.0,92674.06758153524,1,adjusted_gross_income/count
5001800US2605,MI-05,50000.0,75000.0,60943.5866028831,1,adjusted_gross_income/count
5001800US2605,MI-05,75000.0,100000.0,41591.9489722093,1,adjusted_gross_income/count
5001800US2605,MI-05,100000.0,200000.0,68275.36172681153,1,adjusted_gross_income/count
5001800US2605,MI-05,200000.0,500000.0,17804.457059279743,1,adjusted_gross_income/count
5001800US2605,MI-05,500000.0,inf,3299.293190100468,1,adjusted_gross_income/count
5001800US2606,MI-06,-inf,1.0,-202591322.20588937,0,adjusted_gross_income/amount
5001800US2606,MI-06,1.0,10000.0,199661745.62578005,0,adjusted_gross_income/amount
5001800US2606,MI-06,10000.0,25000.0,929580253.7307438,0,adjusted_gross_income/amount
5001800US2606,MI-06,25000.0,50000.0,2647412442.710729,0,adjusted_gross_income/amount
5001800US2606,MI-06,50000.0,75000.0,3012709374.3641915,0,adjusted_gross_income/amount
5001800US2606,MI-06,75000.0,100000.0,3010373422.5680213,0,adjusted_gross_income/amount
5001800US2606,MI-06,100000.0,200000.0,8677316434.567865,0,adjusted_gross_income/amount
5001800US2606,MI-06,200000.0,500000.0,6687545937.781317,0,adjusted_gross_income/amount
5001800US2606,MI-06,500000.0,inf,6457592581.023927,0,adjusted_gross_income/amount
5001800US2606,MI-06,-inf,1.0,4657.343496652102,1,adjusted_gross_income/count
5001800US2606,MI-06,1.0,10000.0,43476.05147994637,1,adjusted_gross_income/count
5001800US2606,MI-06,10000.0,25000.0,54390.61328487574,1,adjusted_gross_income/count
5001800US2606,MI-06,25000.0,50000.0,71669.20208150316,1,adjusted_gross_income/count
5001800US2606,MI-06,50000.0,75000.0,48794.62920624301,1,adjusted_gross_income/count
5001800US2606,MI-06,75000.0,100000.0,34691.35741305136,1,adjusted_gross_income/count
5001800US2606,MI-06,100000.0,200000.0,62573.65291644666,1,adjusted_gross_income/count
5001800US2606,MI-06,200000.0,500000.0,23518.002441010653,1,adjusted_gross_income/count
5001800US2606,MI-06,500000.0,inf,4623.4644394440775,1,adjusted_gross_income/count
5001800US2607,MI-07,-inf,1.0,-232425136.44076025,0,adjusted_gross_income/amount
5001800US2607,MI-07,1.0,10000.0,230425787.97276154,0,adjusted_gross_income/amount
5001800US2607,MI-07,10000.0,25000.0,1009162617.1974883,0,adjusted_gross_income/amount
5001800US2607,MI-07,25000.0,50000.0,2952922375.214474,0,adjusted_gross_income/amount
5001800US2607,MI-07,50000.0,75000.0,3329627626.983579,0,adjusted_gross_income/amount
5001800US2607,MI-07,75000.0,100000.0,3372557186.470752,0,adjusted_gross_income/amount
5001800US2607,MI-07,100000.0,200000.0,10337385095.615791,0,adjusted_gross_income/amount
5001800US2607,MI-07,200000.0,500000.0,7462615609.014069,0,adjusted_gross_income/amount
5001800US2607,MI-07,500000.0,inf,5831668797.881041,0,adjusted_gross_income/amount
5001800US2607,MI-07,-inf,1.0,5558.952373700516,1,adjusted_gross_income/count
5001800US2607,MI-07,1.0,10000.0,49251.367989666425,1,adjusted_gross_income/count
5001800US2607,MI-07,10000.0,25000.0,59035.78308410353,1,adjusted_gross_income/count
5001800US2607,MI-07,25000.0,50000.0,80225.90395802379,1,adjusted_gross_income/count
5001800US2607,MI-07,50000.0,75000.0,53910.22516229764,1,adjusted_gross_income/count
5001800US2607,MI-07,75000.0,100000.0,38841.31797082863,1,adjusted_gross_income/count
5001800US2607,MI-07,100000.0,200000.0,74509.8715595877,1,adjusted_gross_income/count
5001800US2607,MI-07,200000.0,500000.0,26530.828185982555,1,adjusted_gross_income/count
5001800US2607,MI-07,500000.0,inf,4701.197448645299,1,adjusted_gross_income/count
5001800US2608,MI-08,-inf,1.0,-114539948.58462435,0,adjusted_gross_income/amount
5001800US2608,MI-08,1.0,10000.0,240824329.41592714,0,adjusted_gross_income/amount
5001800US2608,MI-08,10000.0,25000.0,1314243050.5877054,0,adjusted_gross_income/amount
5001800US2608,MI-08,25000.0,50000.0,3277127152.815899,0,adjusted_gross_income/amount
5001800US2608,MI-08,50000.0,75000.0,3147746591.111245,0,adjusted_gross_income/amount
5001800US2608,MI-08,75000.0,100000.0,2844068509.9687366,0,adjusted_gross_income/amount
5001800US2608,MI-08,100000.0,200000.0,6306570152.691386,0,adjusted_gross_income/amount
5001800US2608,MI-08,200000.0,500000.0,2722750569.0058727,0,adjusted_gross_income/amount
5001800US2608,MI-08,500000.0,inf,2341803034.269328,0,adjusted_gross_income/amount
5001800US2608,MI-08,-inf,1.0,5258.262036120743,1,adjusted_gross_income/count
5001800US2608,MI-08,1.0,10000.0,51890.16652304956,1,adjusted_gross_income/count
5001800US2608,MI-08,10000.0,25000.0,76452.25376601465,1,adjusted_gross_income/count
5001800US2608,MI-08,25000.0,50000.0,90318.24313646909,1,adjusted_gross_income/count
5001800US2608,MI-08,50000.0,75000.0,51183.47765414469,1,adjusted_gross_income/count
5001800US2608,MI-08,75000.0,100000.0,32832.88022037112,1,adjusted_gross_income/count
5001800US2608,MI-08,100000.0,200000.0,46904.05846631845,1,adjusted_gross_income/count
5001800US2608,MI-08,200000.0,500000.0,9834.06705280273,1,adjusted_gross_income/count
5001800US2608,MI-08,500000.0,inf,1758.7152098376894,1,adjusted_gross_income/count
5001800US2609,MI-09,-inf,1.0,-215343669.46826172,0,adjusted_gross_income/amount
5001800US2609,MI-09,1.0,10000.0,241042156.17822397,0,adjusted_gross_income/amount
5001800US2609,MI-09,10000.0,25000.0,1070952682.2505277,0,adjusted_gross_income/amount
5001800US2609,MI-09,25000.0,50000.0,3068684057.185241,0,adjusted_gross_income/amount
5001800US2609,MI-09,50000.0,75000.0,3461645310.5955625,0,adjusted_gross_income/amount
5001800US2609,MI-09,75000.0,100000.0,3545251813.433649,0,adjusted_gross_income/amount
5001800US2609,MI-09,100000.0,200000.0,10535143016.435698,0,adjusted_gross_income/amount
5001800US2609,MI-09,200000.0,500000.0,6434654951.835651,0,adjusted_gross_income/amount
5001800US2609,MI-09,500000.0,inf,4891290223.14472,0,adjusted_gross_income/amount
5001800US2609,MI-09,-inf,1.0,5821.324263976618,1,adjusted_gross_income/count
5001800US2609,MI-09,1.0,10000.0,52260.34849470236,1,adjusted_gross_income/count
5001800US2609,MI-09,10000.0,25000.0,62570.7279361748,1,adjusted_gross_income/count
5001800US2609,MI-09,25000.0,50000.0,83400.36146115509,1,adjusted_gross_income/count
5001800US2609,MI-09,50000.0,75000.0,55987.74388158706,1,adjusted_gross_income/count
5001800US2609,MI-09,75000.0,100000.0,40822.619706401674,1,adjusted_gross_income/count
5001800US2609,MI-09,100000.0,200000.0,76252.92471329473,1,adjusted_gross_income/count
5001800US2609,MI-09,200000.0,500000.0,23269.592833630624,1,adjusted_gross_income/count
5001800US2609,MI-09,500000.0,inf,3710.5346648966893,1,adjusted_gross_income/count
5001800US2610,MI-10,-inf,1.0,-231232815.6594921,0,adjusted_gross_income/amount
5001800US2610,MI-10,1.0,10000.0,225540653.14864883,0,adjusted_gross_income/amount
5001800US2610,MI-10,10000.0,25000.0,1090226903.4031065,0,adjusted_gross_income/amount
5001800US2610,MI-10,25000.0,50000.0,3225576741.355226,0,adjusted_gross_income/amount
5001800US2610,MI-10,50000.0,75000.0,3578129368.8243203,0,adjusted_gross_income/amount
5001800US2610,MI-10,75000.0,100000.0,3419443713.823007,0,adjusted_gross_income/amount
5001800US2610,MI-10,100000.0,200000.0,8706673827.26054,0,adjusted_gross_income/amount
5001800US2610,MI-10,200000.0,500000.0,5625875023.129399,0,adjusted_gross_income/amount
5001800US2610,MI-10,500000.0,inf,7026695011.86284,0,adjusted_gross_income/amount
5001800US2610,MI-10,-inf,1.0,5631.023161645158,1,adjusted_gross_income/count
5001800US2610,MI-10,1.0,10000.0,51491.8414632286,1,adjusted_gross_income/count
5001800US2610,MI-10,10000.0,25000.0,63721.8072826387,1,adjusted_gross_income/count
5001800US2610,MI-10,25000.0,50000.0,87468.02623101514,1,adjusted_gross_income/count
5001800US2610,MI-10,50000.0,75000.0,58045.12563938153,1,adjusted_gross_income/count
5001800US2610,MI-10,75000.0,100000.0,39439.04362917892,1,adjusted_gross_income/count
5001800US2610,MI-10,100000.0,200000.0,63645.77128565551,1,adjusted_gross_income/count
5001800US2610,MI-10,200000.0,500000.0,19900.633142373114,1,adjusted_gross_income/count
5001800US2610,MI-10,500000.0,inf,4592.5151488110605,1,adjusted_gross_income/count
5001800US2611,MI-11,-inf,1.0,-294238925.8688559,0,adjusted_gross_income/amount
5001800US2611,MI-11,1.0,10000.0,233256835.687631,0,adjusted_gross_income/amount
5001800US2611,MI-11,10000.0,25000.0,1149646501.6949656,0,adjusted_gross_income/amount
5001800US2611,MI-11,25000.0,50000.0,3024184506.7463465,0,adjusted_gross_income/amount
5001800US2611,MI-11,50000.0,75000.0,3407499540.0600424,0,adjusted_gross_income/amount
5001800US2611,MI-11,75000.0,100000.0,3409844455.7998066,0,adjusted_gross_income/amount
5001800US2611,MI-11,100000.0,200000.0,10243171446.51941,0,adjusted_gross_income/amount
5001800US2611,MI-11,200000.0,500000.0,8912951078.712473,0,adjusted_gross_income/amount
5001800US2611,MI-11,500000.0,inf,10790808777.42799,0,adjusted_gross_income/amount
5001800US2611,MI-11,-inf,1.0,6046.73555254355,1,adjusted_gross_income/count
5001800US2611,MI-11,1.0,10000.0,52264.469719333116,1,adjusted_gross_income/count
5001800US2611,MI-11,10000.0,25000.0,67694.31176251156,1,adjusted_gross_income/count
5001800US2611,MI-11,25000.0,50000.0,82214.34362064122,1,adjusted_gross_income/count
5001800US2611,MI-11,50000.0,75000.0,55200.78498048167,1,adjusted_gross_income/count
5001800US2611,MI-11,75000.0,100000.0,39293.768411150275,1,adjusted_gross_income/count
5001800US2611,MI-11,100000.0,200000.0,73417.64089833455,1,adjusted_gross_income/count
5001800US2611,MI-11,200000.0,500000.0,31165.139010573268,1,adjusted_gross_income/count
5001800US2611,MI-11,500000.0,inf,7106.749600905699,1,adjusted_gross_income/count
5001800US2612,MI-12,-inf,1.0,-147257720.97850788,0,adjusted_gross_income/amount
5001800US2612,MI-12,1.0,10000.0,230236865.89634418,0,adjusted_gross_income/amount
5001800US2612,MI-12,10000.0,25000.0,1384126537.614493,0,adjusted_gross_income/amount
5001800US2612,MI-12,25000.0,50000.0,3122177561.2345324,0,adjusted_gross_income/amount
5001800US2612,MI-12,50000.0,75000.0,2878446935.9911637,0,adjusted_gross_income/amount
5001800US2612,MI-12,75000.0,100000.0,2438270323.578591,0,adjusted_gross_income/amount
5001800US2612,MI-12,100000.0,200000.0,5783959758.003616,0,adjusted_gross_income/amount
5001800US2612,MI-12,200000.0,500000.0,3850909206.3053193,0,adjusted_gross_income/amount
5001800US2612,MI-12,500000.0,inf,4423714965.707091,0,adjusted_gross_income/amount
5001800US2612,MI-12,-inf,1.0,5374.6199196545385,1,adjusted_gross_income/count
5001800US2612,MI-12,1.0,10000.0,51479.35375129567,1,adjusted_gross_income/count
5001800US2612,MI-12,10000.0,25000.0,81674.32418975967,1,adjusted_gross_income/count
5001800US2612,MI-12,25000.0,50000.0,85829.82628598942,1,adjusted_gross_income/count
5001800US2612,MI-12,50000.0,75000.0,46942.720362768596,1,adjusted_gross_income/count
5001800US2612,MI-12,75000.0,100000.0,28213.816354145438,1,adjusted_gross_income/count
5001800US2612,MI-12,100000.0,200000.0,42143.75386356394,1,adjusted_gross_income/count
5001800US2612,MI-12,200000.0,500000.0,13564.886143505479,1,adjusted_gross_income/count
5001800US2612,MI-12,500000.0,inf,2816.468119782848,1,adjusted_gross_income/count
5001800US2613,MI-13,-inf,1.0,-171236884.31264323,0,adjusted_gross_income/amount
5001800US2613,MI-13,1.0,10000.0,213404799.2860042,0,adjusted_gross_income/amount
5001800US2613,MI-13,10000.0,25000.0,1294558549.9186773,0,adjusted_gross_income/amount
5001800US2613,MI-13,25000.0,50000.0,2904567201.151051,0,adjusted_gross_income/amount
5001800US2613,MI-13,50000.0,75000.0,2681709936.1696873,0,adjusted_gross_income/amount
5001800US2613,MI-13,75000.0,100000.0,2277797420.6246195,0,adjusted_gross_income/amount
5001800US2613,MI-13,100000.0,200000.0,5372253368.408993,0,adjusted_gross_income/amount
5001800US2613,MI-13,200000.0,500000.0,3593720327.103134,0,adjusted_gross_income/amount
5001800US2613,MI-13,500000.0,inf,3985913502.1399956,0,adjusted_gross_income/amount
5001800US2613,MI-13,-inf,1.0,5139.554047157589,1,adjusted_gross_income/count
5001800US2613,MI-13,1.0,10000.0,47568.46724131687,1,adjusted_gross_income/count
5001800US2613,MI-13,10000.0,25000.0,76376.38386853939,1,adjusted_gross_income/count
5001800US2613,MI-13,25000.0,50000.0,79869.39653672746,1,adjusted_gross_income/count
5001800US2613,MI-13,50000.0,75000.0,43722.20834580386,1,adjusted_gross_income/count
5001800US2613,MI-13,75000.0,100000.0,26350.98548713461,1,adjusted_gross_income/count
5001800US2613,MI-13,100000.0,200000.0,39151.86872854419,1,adjusted_gross_income/count
5001800US2613,MI-13,200000.0,500000.0,12602.45820361731,1,adjusted_gross_income/count
5001800US2613,MI-13,500000.0,inf,2681.1784889937394,1,adjusted_gross_income/count
5001800US2701,MN-01,-inf,1.0,-222823198.07784894,0,adjusted_gross_income/amount
5001800US2701,MN-01,1.0,10000.0,206591053.27746484,0,adjusted_gross_income/amount
5001800US2701,MN-01,10000.0,25000.0,926654688.776355,0,adjusted_gross_income/amount
5001800US2701,MN-01,25000.0,50000.0,3231620920.3717675,0,adjusted_gross_income/amount
5001800US2701,MN-01,50000.0,75000.0,3833578370.69922,0,adjusted_gross_income/amount
5001800US2701,MN-01,75000.0,100000.0,3513325899.210152,0,adjusted_gross_income/amount
5001800US2701,MN-01,100000.0,200000.0,9734360644.194183,0,adjusted_gross_income/amount
5001800US2701,MN-01,200000.0,500000.0,5483485631.242016,0,adjusted_gross_income/amount
5001800US2701,MN-01,500000.0,inf,4409738123.405239,0,adjusted_gross_income/amount
5001800US2701,MN-01,-inf,1.0,4784.853947460539,1,adjusted_gross_income/count
5001800US2701,MN-01,1.0,10000.0,41245.85803133493,1,adjusted_gross_income/count
5001800US2701,MN-01,10000.0,25000.0,54186.190780434285,1,adjusted_gross_income/count
5001800US2701,MN-01,25000.0,50000.0,86068.45800579459,1,adjusted_gross_income/count
5001800US2701,MN-01,50000.0,75000.0,62370.390130848675,1,adjusted_gross_income/count
5001800US2701,MN-01,75000.0,100000.0,40473.420107499354,1,adjusted_gross_income/count
5001800US2701,MN-01,100000.0,200000.0,71366.56511884976,1,adjusted_gross_income/count
5001800US2701,MN-01,200000.0,500000.0,19420.575461178112,1,adjusted_gross_income/count
5001800US2701,MN-01,500000.0,inf,3844.006133007103,1,adjusted_gross_income/count
5001800US2702,MN-02,-inf,1.0,-150627376.91947725,0,adjusted_gross_income/amount
5001800US2702,MN-02,1.0,10000.0,173842052.20939383,0,adjusted_gross_income/amount
5001800US2702,MN-02,10000.0,25000.0,722462425.3881334,0,adjusted_gross_income/amount
5001800US2702,MN-02,25000.0,50000.0,2459270975.51157,0,adjusted_gross_income/amount
5001800US2702,MN-02,50000.0,75000.0,3253032467.3593864,0,adjusted_gross_income/amount
5001800US2702,MN-02,75000.0,100000.0,3202336038.994421,0,adjusted_gross_income/amount
5001800US2702,MN-02,100000.0,200000.0,10387786733.74459,0,adjusted_gross_income/amount
5001800US2702,MN-02,200000.0,500000.0,7604943875.664029,0,adjusted_gross_income/amount
5001800US2702,MN-02,500000.0,inf,5251281038.29198,0,adjusted_gross_income/amount
5001800US2702,MN-02,-inf,1.0,3566.72730735643,1,adjusted_gross_income/count
5001800US2702,MN-02,1.0,10000.0,34217.742144274765,1,adjusted_gross_income/count
5001800US2702,MN-02,10000.0,25000.0,42443.74388119363,1,adjusted_gross_income/count
5001800US2702,MN-02,25000.0,50000.0,65296.73220652289,1,adjusted_gross_income/count
5001800US2702,MN-02,50000.0,75000.0,52746.7140571299,1,adjusted_gross_income/count
5001800US2702,MN-02,75000.0,100000.0,36901.42081495728,1,adjusted_gross_income/count
5001800US2702,MN-02,100000.0,200000.0,74250.25359648322,1,adjusted_gross_income/count
5001800US2702,MN-02,200000.0,500000.0,27108.166882526293,1,adjusted_gross_income/count
5001800US2702,MN-02,500000.0,inf,4358.625780210199,1,adjusted_gross_income/count
5001800US2703,MN-03,-inf,1.0,-308378845.8063396,0,adjusted_gross_income/amount
5001800US2703,MN-03,1.0,10000.0,192252415.49190247,0,adjusted_gross_income/amount
5001800US2703,MN-03,10000.0,25000.0,780640478.8436332,0,adjusted_gross_income/amount
5001800US2703,MN-03,25000.0,50000.0,2621974605.9012337,0,adjusted_gross_income/amount
5001800US2703,MN-03,50000.0,75000.0,3573515296.507986,0,adjusted_gross_income/amount
5001800US2703,MN-03,75000.0,100000.0,3438700125.1905675,0,adjusted_gross_income/amount
5001800US2703,MN-03,100000.0,200000.0,11439217866.04039,0,adjusted_gross_income/amount
5001800US2703,MN-03,200000.0,500000.0,13113641667.910526,0,adjusted_gross_income/amount
5001800US2703,MN-03,500000.0,inf,16476472156.787233,0,adjusted_gross_income/amount
5001800US2703,MN-03,-inf,1.0,4579.596797073424,1,adjusted_gross_income/count
5001800US2703,MN-03,1.0,10000.0,38768.16529844919,1,adjusted_gross_income/count
5001800US2703,MN-03,10000.0,25000.0,45945.83421926242,1,adjusted_gross_income/count
5001800US2703,MN-03,25000.0,50000.0,69538.93355283282,1,adjusted_gross_income/count
5001800US2703,MN-03,50000.0,75000.0,57866.88612675178,1,adjusted_gross_income/count
5001800US2703,MN-03,75000.0,100000.0,39625.90508117736,1,adjusted_gross_income/count
5001800US2703,MN-03,100000.0,200000.0,81270.49283804507,1,adjusted_gross_income/count
5001800US2703,MN-03,200000.0,500000.0,44715.899794080404,1,adjusted_gross_income/count
5001800US2703,MN-03,500000.0,inf,11784.296420544206,1,adjusted_gross_income/count
5001800US2704,MN-04,-inf,1.0,-138531213.0011768,0,adjusted_gross_income/amount
5001800US2704,MN-04,1.0,10000.0,183141267.7186989,0,adjusted_gross_income/amount
5001800US2704,MN-04,10000.0,25000.0,853795381.6667721,0,adjusted_gross_income/amount
5001800US2704,MN-04,25000.0,50000.0,3010094021.6929226,0,adjusted_gross_income/amount
5001800US2704,MN-04,50000.0,75000.0,3582780491.1585774,0,adjusted_gross_income/amount
5001800US2704,MN-04,75000.0,100000.0,3087265000.145813,0,adjusted_gross_income/amount
5001800US2704,MN-04,100000.0,200000.0,8814805267.272646,0,adjusted_gross_income/amount
5001800US2704,MN-04,200000.0,500000.0,7589296234.446463,0,adjusted_gross_income/amount
5001800US2704,MN-04,500000.0,inf,7142632645.575386,0,adjusted_gross_income/amount
5001800US2704,MN-04,-inf,1.0,4033.1656671297587,1,adjusted_gross_income/count
5001800US2704,MN-04,1.0,10000.0,36763.68012873842,1,adjusted_gross_income/count
5001800US2704,MN-04,10000.0,25000.0,49746.115465883166,1,adjusted_gross_income/count
5001800US2704,MN-04,25000.0,50000.0,80030.68646735432,1,adjusted_gross_income/count
5001800US2704,MN-04,50000.0,75000.0,58439.645079536975,1,adjusted_gross_income/count
5001800US2704,MN-04,75000.0,100000.0,35699.079100418596,1,adjusted_gross_income/count
5001800US2704,MN-04,100000.0,200000.0,63261.288242256014,1,adjusted_gross_income/count
5001800US2704,MN-04,200000.0,500000.0,26496.15906450302,1,adjusted_gross_income/count
5001800US2704,MN-04,500000.0,inf,5154.716306727703,1,adjusted_gross_income/count
5001800US2705,MN-05,-inf,1.0,-217580209.38350534,0,adjusted_gross_income/amount
5001800US2705,MN-05,1.0,10000.0,168598098.28640983,0,adjusted_gross_income/amount
5001800US2705,MN-05,10000.0,25000.0,913390937.5994476,0,adjusted_gross_income/amount
5001800US2705,MN-05,25000.0,50000.0,3188694379.926416,0,adjusted_gross_income/amount
5001800US2705,MN-05,50000.0,75000.0,3863039649.521988,0,adjusted_gross_income/amount
5001800US2705,MN-05,75000.0,100000.0,3208168504.6009297,0,adjusted_gross_income/amount
5001800US2705,MN-05,100000.0,200000.0,7738372639.298213,0,adjusted_gross_income/amount
5001800US2705,MN-05,200000.0,500000.0,6421564044.990117,0,adjusted_gross_income/amount
5001800US2705,MN-05,500000.0,inf,7785385345.284986,0,adjusted_gross_income/amount
5001800US2705,MN-05,-inf,1.0,4377.488893250255,1,adjusted_gross_income/count
5001800US2705,MN-05,1.0,10000.0,33681.4567721303,1,adjusted_gross_income/count
5001800US2705,MN-05,10000.0,25000.0,52953.9561733273,1,adjusted_gross_income/count
5001800US2705,MN-05,25000.0,50000.0,84954.7139100445,1,adjusted_gross_income/count
5001800US2705,MN-05,50000.0,75000.0,62864.26817602526,1,adjusted_gross_income/count
5001800US2705,MN-05,75000.0,100000.0,37158.64871129305,1,adjusted_gross_income/count
5001800US2705,MN-05,100000.0,200000.0,56100.928567885036,1,adjusted_gross_income/count
5001800US2705,MN-05,200000.0,500000.0,22200.62642314552,1,adjusted_gross_income/count
5001800US2705,MN-05,500000.0,inf,5525.419383889335,1,adjusted_gross_income/count
5001800US2706,MN-06,-inf,1.0,-145800810.98669836,0,adjusted_gross_income/amount
5001800US2706,MN-06,1.0,10000.0,176413205.57176694,0,adjusted_gross_income/amount
5001800US2706,MN-06,10000.0,25000.0,743641055.2911694,0,adjusted_gross_income/amount
5001800US2706,MN-06,25000.0,50000.0,2426219407.740438,0,adjusted_gross_income/amount
5001800US2706,MN-06,50000.0,75000.0,3183863228.2645617,0,adjusted_gross_income/amount
5001800US2706,MN-06,75000.0,100000.0,3176287524.5588684,0,adjusted_gross_income/amount
5001800US2706,MN-06,100000.0,200000.0,10190970065.941133,0,adjusted_gross_income/amount
5001800US2706,MN-06,200000.0,500000.0,6148919131.640501,0,adjusted_gross_income/amount
5001800US2706,MN-06,500000.0,inf,4979402864.957288,0,adjusted_gross_income/amount
5001800US2706,MN-06,-inf,1.0,3626.219948642875,1,adjusted_gross_income/count
5001800US2706,MN-06,1.0,10000.0,34409.44592213559,1,adjusted_gross_income/count
5001800US2706,MN-06,10000.0,25000.0,43763.45276144194,1,adjusted_gross_income/count
5001800US2706,MN-06,25000.0,50000.0,64595.82550736946,1,adjusted_gross_income/count
5001800US2706,MN-06,50000.0,75000.0,51637.36901223397,1,adjusted_gross_income/count
5001800US2706,MN-06,75000.0,100000.0,36568.798295489425,1,adjusted_gross_income/count
5001800US2706,MN-06,100000.0,200000.0,73591.79908916907,1,adjusted_gross_income/count
5001800US2706,MN-06,200000.0,500000.0,22113.372322843607,1,adjusted_gross_income/count
5001800US2706,MN-06,500000.0,inf,3736.981925633446,1,adjusted_gross_income/count
5001800US2707,MN-07,-inf,1.0,-293258595.7185514,0,adjusted_gross_income/amount
5001800US2707,MN-07,1.0,10000.0,210706760.21776715,0,adjusted_gross_income/amount
5001800US2707,MN-07,10000.0,25000.0,964693597.0417516,0,adjusted_gross_income/amount
5001800US2707,MN-07,25000.0,50000.0,3198820809.482149,0,adjusted_gross_income/amount
5001800US2707,MN-07,50000.0,75000.0,3774631477.8258777,0,adjusted_gross_income/amount
5001800US2707,MN-07,75000.0,100000.0,3539226551.739818,0,adjusted_gross_income/amount
5001800US2707,MN-07,100000.0,200000.0,8989496141.258446,0,adjusted_gross_income/amount
5001800US2707,MN-07,200000.0,500000.0,4269982294.443536,0,adjusted_gross_income/amount
5001800US2707,MN-07,500000.0,inf,2931775874.871243,0,adjusted_gross_income/amount
5001800US2707,MN-07,-inf,1.0,5719.391623810531,1,adjusted_gross_income/count
5001800US2707,MN-07,1.0,10000.0,42038.534781254806,1,adjusted_gross_income/count
5001800US2707,MN-07,10000.0,25000.0,56440.139019583454,1,adjusted_gross_income/count
5001800US2707,MN-07,25000.0,50000.0,85602.8664487157,1,adjusted_gross_income/count
5001800US2707,MN-07,50000.0,75000.0,61413.039336956455,1,adjusted_gross_income/count
5001800US2707,MN-07,75000.0,100000.0,40739.95303846933,1,adjusted_gross_income/count
5001800US2707,MN-07,100000.0,200000.0,66828.11593341449,1,adjusted_gross_income/count
5001800US2707,MN-07,200000.0,500000.0,15143.845688518262,1,adjusted_gross_income/count
5001800US2707,MN-07,500000.0,inf,2619.9687107102654,1,adjusted_gross_income/count
5001800US2708,MN-08,-inf,1.0,-178688572.5190148,0,adjusted_gross_income/amount
5001800US2708,MN-08,1.0,10000.0,188104478.05385175,0,adjusted_gross_income/amount
5001800US2708,MN-08,10000.0,25000.0,885903654.3808178,0,adjusted_gross_income/amount
5001800US2708,MN-08,25000.0,50000.0,2878111983.5904007,0,adjusted_gross_income/amount
5001800US2708,MN-08,50000.0,75000.0,3354625327.563869,0,adjusted_gross_income/amount
5001800US2708,MN-08,75000.0,100000.0,3211711380.335341,0,adjusted_gross_income/amount
5001800US2708,MN-08,100000.0,200000.0,8235054852.785491,0,adjusted_gross_income/amount
5001800US2708,MN-08,200000.0,500000.0,3654246499.16162,0,adjusted_gross_income/amount
5001800US2708,MN-08,500000.0,inf,2678511571.50697,0,adjusted_gross_income/amount
5001800US2708,MN-08,-inf,1.0,4957.041571931454,1,adjusted_gross_income/count
5001800US2708,MN-08,1.0,10000.0,37448.962311271585,1,adjusted_gross_income/count
5001800US2708,MN-08,10000.0,25000.0,51653.93009067681,1,adjusted_gross_income/count
5001800US2708,MN-08,25000.0,50000.0,77446.40325861741,1,adjusted_gross_income/count
5001800US2708,MN-08,50000.0,75000.0,54413.593204936,1,adjusted_gross_income/count
5001800US2708,MN-08,75000.0,100000.0,36967.2082209017,1,adjusted_gross_income/count
5001800US2708,MN-08,100000.0,200000.0,61065.05841158843,1,adjusted_gross_income/count
5001800US2708,MN-08,200000.0,500000.0,13079.033300656702,1,adjusted_gross_income/count
5001800US2708,MN-08,500000.0,inf,2319.145576484053,1,adjusted_gross_income/count
5001800US2801,MS-01,-inf,1.0,-184389240.46704727,0,adjusted_gross_income/amount
5001800US2801,MS-01,1.0,10000.0,178226930.20620283,0,adjusted_gross_income/amount
5001800US2801,MS-01,10000.0,25000.0,1204142240.4531646,0,adjusted_gross_income/amount
5001800US2801,MS-01,25000.0,50000.0,3100791750.662775,0,adjusted_gross_income/amount
5001800US2801,MS-01,50000.0,75000.0,2783353724.6083493,0,adjusted_gross_income/amount
5001800US2801,MS-01,75000.0,100000.0,2435690931.5158515,0,adjusted_gross_income/amount
5001800US2801,MS-01,100000.0,200000.0,5436477068.880058,0,adjusted_gross_income/amount
5001800US2801,MS-01,200000.0,500000.0,2648350579.142163,0,adjusted_gross_income/amount
5001800US2801,MS-01,500000.0,inf,2530088612.3580008,0,adjusted_gross_income/amount
5001800US2801,MS-01,-inf,1.0,4948.999388594938,1,adjusted_gross_income/count
5001800US2801,MS-01,1.0,10000.0,32265.46471193025,1,adjusted_gross_income/count
5001800US2801,MS-01,10000.0,25000.0,70000.7531318585,1,adjusted_gross_income/count
5001800US2801,MS-01,25000.0,50000.0,85377.68561096724,1,adjusted_gross_income/count
5001800US2801,MS-01,50000.0,75000.0,45368.12045768178,1,adjusted_gross_income/count
5001800US2801,MS-01,75000.0,100000.0,28114.453519646442,1,adjusted_gross_income/count
5001800US2801,MS-01,100000.0,200000.0,40426.68171931277,1,adjusted_gross_income/count
5001800US2801,MS-01,200000.0,500000.0,9455.523557993023,1,adjusted_gross_income/count
5001800US2801,MS-01,500000.0,inf,1884.20462561333,1,adjusted_gross_income/count
5001800US2802,MS-02,-inf,1.0,-196775700.61794412,0,adjusted_gross_income/amount
5001800US2802,MS-02,1.0,10000.0,194023367.6404677,0,adjusted_gross_income/amount
5001800US2802,MS-02,10000.0,25000.0,1596813445.3172023,0,adjusted_gross_income/amount
5001800US2802,MS-02,25000.0,50000.0,3199822992.664221,0,adjusted_gross_income/amount
5001800US2802,MS-02,50000.0,75000.0,2323883980.615316,0,adjusted_gross_income/amount
5001800US2802,MS-02,75000.0,100000.0,1792133560.7003088,0,adjusted_gross_income/amount
5001800US2802,MS-02,100000.0,200000.0,3858125115.7219143,0,adjusted_gross_income/amount
5001800US2802,MS-02,200000.0,500000.0,1931822792.3784056,0,adjusted_gross_income/amount
5001800US2802,MS-02,500000.0,inf,2016214727.7958872,0,adjusted_gross_income/amount
5001800US2802,MS-02,-inf,1.0,5795.171136358288,1,adjusted_gross_income/count
5001800US2802,MS-02,1.0,10000.0,34144.69784378954,1,adjusted_gross_income/count
5001800US2802,MS-02,10000.0,25000.0,93619.07598563826,1,adjusted_gross_income/count
5001800US2802,MS-02,25000.0,50000.0,89432.57685452115,1,adjusted_gross_income/count
5001800US2802,MS-02,50000.0,75000.0,38111.090532729955,1,adjusted_gross_income/count
5001800US2802,MS-02,75000.0,100000.0,20765.268496637244,1,adjusted_gross_income/count
5001800US2802,MS-02,100000.0,200000.0,28591.31192470252,1,adjusted_gross_income/count
5001800US2802,MS-02,200000.0,500000.0,6897.53903003263,1,adjusted_gross_income/count
5001800US2802,MS-02,500000.0,inf,1337.8307916001324,1,adjusted_gross_income/count
5001800US2803,MS-03,-inf,1.0,-328646428.3974419,0,adjusted_gross_income/amount
5001800US2803,MS-03,1.0,10000.0,184312748.24372393,0,adjusted_gross_income/amount
5001800US2803,MS-03,10000.0,25000.0,1257317045.8101497,0,adjusted_gross_income/amount
5001800US2803,MS-03,25000.0,50000.0,2984894321.282272,0,adjusted_gross_income/amount
5001800US2803,MS-03,50000.0,75000.0,2723906098.081847,0,adjusted_gross_income/amount
5001800US2803,MS-03,75000.0,100000.0,2464997199.855208,0,adjusted_gross_income/amount
5001800US2803,MS-03,100000.0,200000.0,6132893093.612056,0,adjusted_gross_income/amount
5001800US2803,MS-03,200000.0,500000.0,3776540206.339974,0,adjusted_gross_income/amount
5001800US2803,MS-03,500000.0,inf,4771241978.999814,0,adjusted_gross_income/amount
5001800US2803,MS-03,-inf,1.0,6299.259609403307,1,adjusted_gross_income/count
5001800US2803,MS-03,1.0,10000.0,34148.77164063969,1,adjusted_gross_income/count
5001800US2803,MS-03,10000.0,25000.0,73271.0111240925,1,adjusted_gross_income/count
5001800US2803,MS-03,25000.0,50000.0,82475.6993638522,1,adjusted_gross_income/count
5001800US2803,MS-03,50000.0,75000.0,44330.85972305372,1,adjusted_gross_income/count
5001800US2803,MS-03,75000.0,100000.0,28435.826556866286,1,adjusted_gross_income/count
5001800US2803,MS-03,100000.0,200000.0,45039.181582525416,1,adjusted_gross_income/count
5001800US2803,MS-03,200000.0,500000.0,13244.783467386791,1,adjusted_gross_income/count
5001800US2803,MS-03,500000.0,inf,3239.744520449278,1,adjusted_gross_income/count
5001800US2804,MS-04,-inf,1.0,-220730808.79802078,0,adjusted_gross_income/amount
5001800US2804,MS-04,1.0,10000.0,160854151.7580217,0,adjusted_gross_income/amount
5001800US2804,MS-04,10000.0,25000.0,1127198515.3374612,0,adjusted_gross_income/amount
5001800US2804,MS-04,25000.0,50000.0,2594939392.215249,0,adjusted_gross_income/amount
5001800US2804,MS-04,50000.0,75000.0,2445700610.5754356,0,adjusted_gross_income/amount
5001800US2804,MS-04,75000.0,100000.0,2190364671.064796,0,adjusted_gross_income/amount
5001800US2804,MS-04,100000.0,200000.0,5064105170.903783,0,adjusted_gross_income/amount
5001800US2804,MS-04,200000.0,500000.0,2475416603.0249286,0,adjusted_gross_income/amount
5001800US2804,MS-04,500000.0,inf,2792410440.0802526,0,adjusted_gross_income/amount
5001800US2804,MS-04,-inf,1.0,5333.5622596256235,1,adjusted_gross_income/count
5001800US2804,MS-04,1.0,10000.0,29655.021678059842,1,adjusted_gross_income/count
5001800US2804,MS-04,10000.0,25000.0,65678.34871179728,1,adjusted_gross_income/count
5001800US2804,MS-04,25000.0,50000.0,71757.73250313516,1,adjusted_gross_income/count
5001800US2804,MS-04,50000.0,75000.0,39804.9070229273,1,adjusted_gross_income/count
5001800US2804,MS-04,75000.0,100000.0,25267.20795753413,1,adjusted_gross_income/count
5001800US2804,MS-04,100000.0,200000.0,37515.195109462446,1,adjusted_gross_income/count
5001800US2804,MS-04,200000.0,500000.0,8849.807538078492,1,adjusted_gross_income/count
5001800US2804,MS-04,500000.0,inf,1790.6878194098022,1,adjusted_gross_income/count
5001800US2901,MO-01,-inf,1.0,-282122539.99868095,0,adjusted_gross_income/amount
5001800US2901,MO-01,1.0,10000.0,201543131.41975498,0,adjusted_gross_income/amount
5001800US2901,MO-01,10000.0,25000.0,1278081071.6371038,0,adjusted_gross_income/amount
5001800US2901,MO-01,25000.0,50000.0,3611150026.330809,0,adjusted_gross_income/amount
5001800US2901,MO-01,50000.0,75000.0,3365168881.4568925,0,adjusted_gross_income/amount
5001800US2901,MO-01,75000.0,100000.0,2571829955.602748,0,adjusted_gross_income/amount
5001800US2901,MO-01,100000.0,200000.0,5838763757.850189,0,adjusted_gross_income/amount
5001800US2901,MO-01,200000.0,500000.0,4277769116.877688,0,adjusted_gross_income/amount
5001800US2901,MO-01,500000.0,inf,4997116923.922476,0,adjusted_gross_income/amount
5001800US2901,MO-01,-inf,1.0,5671.654511283433,1,adjusted_gross_income/count
5001800US2901,MO-01,1.0,10000.0,40948.1968684312,1,adjusted_gross_income/count
5001800US2901,MO-01,10000.0,25000.0,74427.9754797999,1,adjusted_gross_income/count
5001800US2901,MO-01,25000.0,50000.0,98372.64952036258,1,adjusted_gross_income/count
5001800US2901,MO-01,50000.0,75000.0,55018.692813271104,1,adjusted_gross_income/count
5001800US2901,MO-01,75000.0,100000.0,29771.591712807352,1,adjusted_gross_income/count
5001800US2901,MO-01,100000.0,200000.0,42742.26655908414,1,adjusted_gross_income/count
5001800US2901,MO-01,200000.0,500000.0,14805.61710040637,1,adjusted_gross_income/count
5001800US2901,MO-01,500000.0,inf,3524.374116693425,1,adjusted_gross_income/count
5001800US2902,MO-02,-inf,1.0,-388810662.62136996,0,adjusted_gross_income/amount
5001800US2902,MO-02,1.0,10000.0,162937745.66759986,0,adjusted_gross_income/amount
5001800US2902,MO-02,10000.0,25000.0,718209400.4536188,0,adjusted_gross_income/amount
5001800US2902,MO-02,25000.0,50000.0,2352160235.069428,0,adjusted_gross_income/amount
5001800US2902,MO-02,50000.0,75000.0,2906632048.6616473,0,adjusted_gross_income/amount
5001800US2902,MO-02,75000.0,100000.0,3057093032.0743484,0,adjusted_gross_income/amount
5001800US2902,MO-02,100000.0,200000.0,10176072773.988447,0,adjusted_gross_income/amount
5001800US2902,MO-02,200000.0,500000.0,9584644194.257532,0,adjusted_gross_income/amount
5001800US2902,MO-02,500000.0,inf,13378040342.982683,0,adjusted_gross_income/amount
5001800US2902,MO-02,-inf,1.0,4574.994486154365,1,adjusted_gross_income/count
5001800US2902,MO-02,1.0,10000.0,32956.997149447714,1,adjusted_gross_income/count
5001800US2902,MO-02,10000.0,25000.0,41876.46139292863,1,adjusted_gross_income/count
5001800US2902,MO-02,25000.0,50000.0,63294.11652231698,1,adjusted_gross_income/count
5001800US2902,MO-02,50000.0,75000.0,46995.028709409606,1,adjusted_gross_income/count
5001800US2902,MO-02,75000.0,100000.0,35179.15626207379,1,adjusted_gross_income/count
5001800US2902,MO-02,100000.0,200000.0,72764.37453764885,1,adjusted_gross_income/count
5001800US2902,MO-02,200000.0,500000.0,33078.32195718476,1,adjusted_gross_income/count
5001800US2902,MO-02,500000.0,inf,8382.706238717734,1,adjusted_gross_income/count
5001800US2903,MO-03,-inf,1.0,-310125512.6950987,0,adjusted_gross_income/amount
5001800US2903,MO-03,1.0,10000.0,219124796.97002736,0,adjusted_gross_income/amount
5001800US2903,MO-03,10000.0,25000.0,1086688825.0567882,0,adjusted_gross_income/amount
5001800US2903,MO-03,25000.0,50000.0,3491393401.205597,0,adjusted_gross_income/amount
5001800US2903,MO-03,50000.0,75000.0,3872048625.3307786,0,adjusted_gross_income/amount
5001800US2903,MO-03,75000.0,100000.0,3903123999.8901315,0,adjusted_gross_income/amount
5001800US2903,MO-03,100000.0,200000.0,10590817520.895794,0,adjusted_gross_income/amount
5001800US2903,MO-03,200000.0,500000.0,6253137490.468619,0,adjusted_gross_income/amount
5001800US2903,MO-03,500000.0,inf,5853088781.036778,0,adjusted_gross_income/amount
5001800US2903,MO-03,-inf,1.0,6886.120985599564,1,adjusted_gross_income/count
5001800US2903,MO-03,1.0,10000.0,44007.8966485914,1,adjusted_gross_income/count
5001800US2903,MO-03,10000.0,25000.0,63132.90522429039,1,adjusted_gross_income/count
5001800US2903,MO-03,25000.0,50000.0,94623.19125467837,1,adjusted_gross_income/count
5001800US2903,MO-03,50000.0,75000.0,62736.2595074774,1,adjusted_gross_income/count
5001800US2903,MO-03,75000.0,100000.0,44926.95768133639,1,adjusted_gross_income/count
5001800US2903,MO-03,100000.0,200000.0,77515.78688044127,1,adjusted_gross_income/count
5001800US2903,MO-03,200000.0,500000.0,22279.1206885459,1,adjusted_gross_income/count
5001800US2903,MO-03,500000.0,inf,4132.684389780308,1,adjusted_gross_income/count
5001800US2904,MO-04,-inf,1.0,-223170945.79574907,0,adjusted_gross_income/amount
5001800US2904,MO-04,1.0,10000.0,179227047.5362026,0,adjusted_gross_income/amount
5001800US2904,MO-04,10000.0,25000.0,959551724.8374369,0,adjusted_gross_income/amount
5001800US2904,MO-04,25000.0,50000.0,3032441970.4721565,0,adjusted_gross_income/amount
5001800US2904,MO-04,50000.0,75000.0,3066880338.029389,0,adjusted_gross_income/amount
5001800US2904,MO-04,75000.0,100000.0,2844242227.6072946,0,adjusted_gross_income/amount
5001800US2904,MO-04,100000.0,200000.0,6233516290.053263,0,adjusted_gross_income/amount
5001800US2904,MO-04,200000.0,500000.0,3079520976.8957496,0,adjusted_gross_income/amount
5001800US2904,MO-04,500000.0,inf,3142631928.359661,0,adjusted_gross_income/amount
5001800US2904,MO-04,-inf,1.0,6498.7261296755705,1,adjusted_gross_income/count
5001800US2904,MO-04,1.0,10000.0,36969.124765104505,1,adjusted_gross_income/count
5001800US2904,MO-04,10000.0,25000.0,55516.293570259935,1,adjusted_gross_income/count
5001800US2904,MO-04,25000.0,50000.0,82543.79523442559,1,adjusted_gross_income/count
5001800US2904,MO-04,50000.0,75000.0,49895.73594511297,1,adjusted_gross_income/count
5001800US2904,MO-04,75000.0,100000.0,32818.56899578232,1,adjusted_gross_income/count
5001800US2904,MO-04,100000.0,200000.0,46377.39366874096,1,adjusted_gross_income/count
5001800US2904,MO-04,200000.0,500000.0,10973.746658646136,1,adjusted_gross_income/count
5001800US2904,MO-04,500000.0,inf,2073.372241917267,1,adjusted_gross_income/count
5001800US2905,MO-05,-inf,1.0,-182199340.24069554,0,adjusted_gross_income/amount
5001800US2905,MO-05,1.0,10000.0,182496141.34320244,0,adjusted_gross_income/amount
5001800US2905,MO-05,10000.0,25000.0,1034393565.1202561,0,adjusted_gross_income/amount
5001800US2905,MO-05,25000.0,50000.0,3355758433.169022,0,adjusted_gross_income/amount
5001800US2905,MO-05,50000.0,75000.0,3472994114.948126,0,adjusted_gross_income/amount
5001800US2905,MO-05,75000.0,100000.0,2923118307.334466,0,adjusted_gross_income/amount
5001800US2905,MO-05,100000.0,200000.0,6340046511.226794,0,adjusted_gross_income/amount
5001800US2905,MO-05,200000.0,500000.0,3438158988.6933436,0,adjusted_gross_income/amount
5001800US2905,MO-05,500000.0,inf,3151622534.8089185,0,adjusted_gross_income/amount
5001800US2905,MO-05,-inf,1.0,5018.833543206319,1,adjusted_gross_income/count
5001800US2905,MO-05,1.0,10000.0,37230.28534492305,1,adjusted_gross_income/count
5001800US2905,MO-05,10000.0,25000.0,60073.93109477278,1,adjusted_gross_income/count
5001800US2905,MO-05,25000.0,50000.0,90499.51714888164,1,adjusted_gross_income/count
5001800US2905,MO-05,50000.0,75000.0,56594.42766664209,1,adjusted_gross_income/count
5001800US2905,MO-05,75000.0,100000.0,33822.82933405546,1,adjusted_gross_income/count
5001800US2905,MO-05,100000.0,200000.0,46935.22177028279,1,adjusted_gross_income/count
5001800US2905,MO-05,200000.0,500000.0,12267.570933004155,1,adjusted_gross_income/count
5001800US2905,MO-05,500000.0,inf,2287.4333343000176,1,adjusted_gross_income/count
5001800US2906,MO-06,-inf,1.0,-300055167.48076487,0,adjusted_gross_income/amount
5001800US2906,MO-06,1.0,10000.0,197178913.99529395,0,adjusted_gross_income/amount
5001800US2906,MO-06,10000.0,25000.0,987095103.4007076,0,adjusted_gross_income/amount
5001800US2906,MO-06,25000.0,50000.0,3135374628.883588,0,adjusted_gross_income/amount
5001800US2906,MO-06,50000.0,75000.0,3466886878.9011617,0,adjusted_gross_income/amount
5001800US2906,MO-06,75000.0,100000.0,3428443535.1387873,0,adjusted_gross_income/amount
5001800US2906,MO-06,100000.0,200000.0,8974431000.704096,0,adjusted_gross_income/amount
5001800US2906,MO-06,200000.0,500000.0,5028931021.814291,0,adjusted_gross_income/amount
5001800US2906,MO-06,500000.0,inf,4105186833.784017,0,adjusted_gross_income/amount
5001800US2906,MO-06,-inf,1.0,6825.5017016697875,1,adjusted_gross_income/count
5001800US2906,MO-06,1.0,10000.0,39805.89560153557,1,adjusted_gross_income/count
5001800US2906,MO-06,10000.0,25000.0,57495.48410246191,1,adjusted_gross_income/count
5001800US2906,MO-06,25000.0,50000.0,84779.99514689072,1,adjusted_gross_income/count
5001800US2906,MO-06,50000.0,75000.0,56239.07044523944,1,adjusted_gross_income/count
5001800US2906,MO-06,75000.0,100000.0,39502.62233104879,1,adjusted_gross_income/count
5001800US2906,MO-06,100000.0,200000.0,65767.05720804945,1,adjusted_gross_income/count
5001800US2906,MO-06,200000.0,500000.0,17944.825368500577,1,adjusted_gross_income/count
5001800US2906,MO-06,500000.0,inf,3044.4630715940016,1,adjusted_gross_income/count
5001800US2907,MO-07,-inf,1.0,-320822410.3128192,0,adjusted_gross_income/amount
5001800US2907,MO-07,1.0,10000.0,219389526.8183511,0,adjusted_gross_income/amount
5001800US2907,MO-07,10000.0,25000.0,1206537358.3861537,0,adjusted_gross_income/amount
5001800US2907,MO-07,25000.0,50000.0,3721726320.463635,0,adjusted_gross_income/amount
5001800US2907,MO-07,50000.0,75000.0,3451484771.0225945,0,adjusted_gross_income/amount
5001800US2907,MO-07,75000.0,100000.0,3052403536.52526,0,adjusted_gross_income/amount
5001800US2907,MO-07,100000.0,200000.0,6226451767.152673,0,adjusted_gross_income/amount
5001800US2907,MO-07,200000.0,500000.0,3330844643.0010467,0,adjusted_gross_income/amount
5001800US2907,MO-07,500000.0,inf,4927791282.998987,0,adjusted_gross_income/amount
5001800US2907,MO-07,-inf,1.0,7621.48103654931,1,adjusted_gross_income/count
5001800US2907,MO-07,1.0,10000.0,47746.79074614935,1,adjusted_gross_income/count
5001800US2907,MO-07,10000.0,25000.0,69686.76009475873,1,adjusted_gross_income/count
5001800US2907,MO-07,25000.0,50000.0,102060.56420217679,1,adjusted_gross_income/count
5001800US2907,MO-07,50000.0,75000.0,56130.43721797401,1,adjusted_gross_income/count
5001800US2907,MO-07,75000.0,100000.0,35276.71044816039,1,adjusted_gross_income/count
5001800US2907,MO-07,100000.0,200000.0,46686.35953484934,1,adjusted_gross_income/count
5001800US2907,MO-07,200000.0,500000.0,11665.380964940838,1,adjusted_gross_income/count
5001800US2907,MO-07,500000.0,inf,2914.284341476951,1,adjusted_gross_income/count
5001800US2908,MO-08,-inf,1.0,-279704402.21574515,0,adjusted_gross_income/amount
5001800US2908,MO-08,1.0,10000.0,212261258.4940576,0,adjusted_gross_income/amount
5001800US2908,MO-08,10000.0,25000.0,1137695778.9006832,0,adjusted_gross_income/amount
5001800US2908,MO-08,25000.0,50000.0,3226850364.1264067,0,adjusted_gross_income/amount
5001800US2908,MO-08,50000.0,75000.0,3134791181.213811,0,adjusted_gross_income/amount
5001800US2908,MO-08,75000.0,100000.0,2969849823.368263,0,adjusted_gross_income/amount
5001800US2908,MO-08,100000.0,200000.0,6517623491.335077,0,adjusted_gross_income/amount
5001800US2908,MO-08,200000.0,500000.0,3281116020.19992,0,adjusted_gross_income/amount
5001800US2908,MO-08,500000.0,inf,3285158038.840676,0,adjusted_gross_income/amount
5001800US2908,MO-08,-inf,1.0,7973.014927730151,1,adjusted_gross_income/count
5001800US2908,MO-08,1.0,10000.0,42906.61704841376,1,adjusted_gross_income/count
5001800US2908,MO-08,10000.0,25000.0,65861.0737914541,1,adjusted_gross_income/count
5001800US2908,MO-08,25000.0,50000.0,88625.6719098158,1,adjusted_gross_income/count
5001800US2908,MO-08,50000.0,75000.0,50864.03212388788,1,adjusted_gross_income/count
5001800US2908,MO-08,75000.0,100000.0,34274.932232181585,1,adjusted_gross_income/count
5001800US2908,MO-08,100000.0,200000.0,48530.22466587834,1,adjusted_gross_income/count
5001800US2908,MO-08,200000.0,500000.0,11612.529722297333,1,adjusted_gross_income/count
5001800US2908,MO-08,500000.0,inf,2428.3604878663764,1,adjusted_gross_income/count
5001800US3001,MT-01,-inf,1.0,-247808962.35614556,0,adjusted_gross_income/amount
5001800US3001,MT-01,1.0,10000.0,121785513.49124704,0,adjusted_gross_income/amount
5001800US3001,MT-01,10000.0,25000.0,601475512.9830724,0,adjusted_gross_income/amount
5001800US3001,MT-01,25000.0,50000.0,1878936279.8938305,0,adjusted_gross_income/amount
5001800US3001,MT-01,50000.0,75000.0,1963732508.118121,0,adjusted_gross_income/amount
5001800US3001,MT-01,75000.0,100000.0,1851797482.9073393,0,adjusted_gross_income/amount
5001800US3001,MT-01,100000.0,200000.0,4671865631.77614,0,adjusted_gross_income/amount
5001800US3001,MT-01,200000.0,500000.0,2998480627.4045362,0,adjusted_gross_income/amount
5001800US3001,MT-01,500000.0,inf,4709104217.138271,0,adjusted_gross_income/amount
5001800US3001,MT-01,-inf,1.0,4357.774796456771,1,adjusted_gross_income/count
5001800US3001,MT-01,1.0,10000.0,24417.21342633468,1,adjusted_gross_income/count
5001800US3001,MT-01,10000.0,25000.0,35015.064379640084,1,adjusted_gross_income/count
5001800US3001,MT-01,25000.0,50000.0,51060.00593975532,1,adjusted_gross_income/count
5001800US3001,MT-01,50000.0,75000.0,31889.7493669944,1,adjusted_gross_income/count
5001800US3001,MT-01,75000.0,100000.0,21337.6398727539,1,adjusted_gross_income/count
5001800US3001,MT-01,100000.0,200000.0,34410.34207744461,1,adjusted_gross_income/count
5001800US3001,MT-01,200000.0,500000.0,10360.809075647157,1,adjusted_gross_income/count
5001800US3001,MT-01,500000.0,inf,2736.8991316999463,1,adjusted_gross_income/count
5001800US3002,MT-02,-inf,1.0,-388736221.59825337,0,adjusted_gross_income/amount
5001800US3002,MT-02,1.0,10000.0,191044100.70508656,0,adjusted_gross_income/amount
5001800US3002,MT-02,10000.0,25000.0,943530516.72472,0,adjusted_gross_income/amount
5001800US3002,MT-02,25000.0,50000.0,2947474470.354611,0,adjusted_gross_income/amount
5001800US3002,MT-02,50000.0,75000.0,3080493732.661677,0,adjusted_gross_income/amount
5001800US3002,MT-02,75000.0,100000.0,2904902025.440013,0,adjusted_gross_income/amount
5001800US3002,MT-02,100000.0,200000.0,7328723611.300632,0,adjusted_gross_income/amount
5001800US3002,MT-02,200000.0,500000.0,4703696018.700079,0,adjusted_gross_income/amount
5001800US3002,MT-02,500000.0,inf,7387139525.050089,0,adjusted_gross_income/amount
5001800US3002,MT-02,-inf,1.0,6836.011469658179,1,adjusted_gross_income/count
5001800US3002,MT-02,1.0,10000.0,38303.11542836776,1,adjusted_gross_income/count
5001800US3002,MT-02,10000.0,25000.0,54927.891616763045,1,adjusted_gross_income/count
5001800US3002,MT-02,25000.0,50000.0,80097.48152400758,1,adjusted_gross_income/count
5001800US3002,MT-02,50000.0,75000.0,50025.23136683181,1,adjusted_gross_income/count
5001800US3002,MT-02,75000.0,100000.0,33472.2094919134,1,adjusted_gross_income/count
5001800US3002,MT-02,100000.0,200000.0,53979.2678840434,1,adjusted_gross_income/count
5001800US3002,MT-02,200000.0,500000.0,16252.9302188012,1,adjusted_gross_income/count
5001800US3002,MT-02,500000.0,inf,4293.35491838878,1,adjusted_gross_income/count
5001800US3101,NE-01,-inf,1.0,-182760600.1797696,0,adjusted_gross_income/amount
5001800US3101,NE-01,1.0,10000.0,156737484.32578662,0,adjusted_gross_income/amount
5001800US3101,NE-01,10000.0,25000.0,765754803.0739697,0,adjusted_gross_income/amount
5001800US3101,NE-01,25000.0,50000.0,2689996131.0134296,0,adjusted_gross_income/amount
5001800US3101,NE-01,50000.0,75000.0,2970323666.595464,0,adjusted_gross_income/amount
5001800US3101,NE-01,75000.0,100000.0,2745179491.5698686,0,adjusted_gross_income/amount
5001800US3101,NE-01,100000.0,200000.0,7581885732.388707,0,adjusted_gross_income/amount
5001800US3101,NE-01,200000.0,500000.0,4096375937.70611,0,adjusted_gross_income/amount
5001800US3101,NE-01,500000.0,inf,4589350826.174083,0,adjusted_gross_income/amount
5001800US3101,NE-01,-inf,1.0,3747.3438501620894,1,adjusted_gross_income/count
5001800US3101,NE-01,1.0,10000.0,29515.786654148713,1,adjusted_gross_income/count
5001800US3101,NE-01,10000.0,25000.0,44418.202191537624,1,adjusted_gross_income/count
5001800US3101,NE-01,25000.0,50000.0,71991.44704693159,1,adjusted_gross_income/count
5001800US3101,NE-01,50000.0,75000.0,48435.92398991887,1,adjusted_gross_income/count
5001800US3101,NE-01,75000.0,100000.0,31621.25662806986,1,adjusted_gross_income/count
5001800US3101,NE-01,100000.0,200000.0,55669.1404928147,1,adjusted_gross_income/count
5001800US3101,NE-01,200000.0,500000.0,14592.019185317917,1,adjusted_gross_income/count
5001800US3101,NE-01,500000.0,inf,3029.691543651595,1,adjusted_gross_income/count
5001800US3102,NE-02,-inf,1.0,-195848587.49956706,0,adjusted_gross_income/amount
5001800US3102,NE-02,1.0,10000.0,165932211.12852278,0,adjusted_gross_income/amount
5001800US3102,NE-02,10000.0,25000.0,808665072.0926232,0,adjusted_gross_income/amount
5001800US3102,NE-02,25000.0,50000.0,2803802106.1151543,0,adjusted_gross_income/amount
5001800US3102,NE-02,50000.0,75000.0,3065709005.8893533,0,adjusted_gross_income/amount
5001800US3102,NE-02,75000.0,100000.0,2748196635.6117563,0,adjusted_gross_income/amount
5001800US3102,NE-02,100000.0,200000.0,8405254200.625384,0,adjusted_gross_income/amount
5001800US3102,NE-02,200000.0,500000.0,6396039490.50256,0,adjusted_gross_income/amount
5001800US3102,NE-02,500000.0,inf,8475723794.77295,0,adjusted_gross_income/amount
5001800US3102,NE-02,-inf,1.0,3541.8780828237977,1,adjusted_gross_income/count
5001800US3102,NE-02,1.0,10000.0,31715.638699596162,1,adjusted_gross_income/count
5001800US3102,NE-02,10000.0,25000.0,46941.17608087694,1,adjusted_gross_income/count
5001800US3102,NE-02,25000.0,50000.0,75155.71853425988,1,adjusted_gross_income/count
5001800US3102,NE-02,50000.0,75000.0,49926.1683162659,1,adjusted_gross_income/count
5001800US3102,NE-02,75000.0,100000.0,31655.584768576322,1,adjusted_gross_income/count
5001800US3102,NE-02,100000.0,200000.0,60523.10071426309,1,adjusted_gross_income/count
5001800US3102,NE-02,200000.0,500000.0,22383.717525421413,1,adjusted_gross_income/count
5001800US3102,NE-02,500000.0,inf,5024.710751935192,1,adjusted_gross_income/count
5001800US3103,NE-03,-inf,1.0,-531853293.7698187,0,adjusted_gross_income/amount
5001800US3103,NE-03,1.0,10000.0,177962615.6563222,0,adjusted_gross_income/amount
5001800US3103,NE-03,10000.0,25000.0,864316725.3199868,0,adjusted_gross_income/amount
5001800US3103,NE-03,25000.0,50000.0,2813890931.7737365,0,adjusted_gross_income/amount
5001800US3103,NE-03,50000.0,75000.0,3190262546.3195295,0,adjusted_gross_income/amount
5001800US3103,NE-03,75000.0,100000.0,2866825574.6607957,0,adjusted_gross_income/amount
5001800US3103,NE-03,100000.0,200000.0,6672561876.261616,0,adjusted_gross_income/amount
5001800US3103,NE-03,200000.0,500000.0,3280687869.839957,0,adjusted_gross_income/amount
5001800US3103,NE-03,500000.0,inf,2965436287.5372763,0,adjusted_gross_income/amount
5001800US3103,NE-03,-inf,1.0,7269.048295912197,1,adjusted_gross_income/count
5001800US3103,NE-03,1.0,10000.0,33961.48911083333,1,adjusted_gross_income/count
5001800US3103,NE-03,10000.0,25000.0,50230.70570092464,1,adjusted_gross_income/count
5001800US3103,NE-03,25000.0,50000.0,75767.33279220753,1,adjusted_gross_income/count
5001800US3103,NE-03,50000.0,75000.0,52004.45585541777,1,adjusted_gross_income/count
5001800US3103,NE-03,75000.0,100000.0,33011.817047655786,1,adjusted_gross_income/count
5001800US3103,NE-03,100000.0,200000.0,49966.17152234292,1,adjusted_gross_income/count
5001800US3103,NE-03,200000.0,500000.0,11526.219600714723,1,adjusted_gross_income/count
5001800US3103,NE-03,500000.0,inf,2511.1806590005795,1,adjusted_gross_income/count
5001800US3201,NV-01,-inf,1.0,-757260142.5238744,0,adjusted_gross_income/amount
5001800US3201,NV-01,1.0,10000.0,190802749.12527946,0,adjusted_gross_income/amount
5001800US3201,NV-01,10000.0,25000.0,1304573692.5681827,0,adjusted_gross_income/amount
5001800US3201,NV-01,25000.0,50000.0,3979986471.2906737,0,adjusted_gross_income/amount
5001800US3201,NV-01,50000.0,75000.0,3535667869.6752777,0,adjusted_gross_income/amount
5001800US3201,NV-01,75000.0,100000.0,2948030510.3490806,0,adjusted_gross_income/amount
5001800US3201,NV-01,100000.0,200000.0,6589797625.347426,0,adjusted_gross_income/amount
5001800US3201,NV-01,200000.0,500000.0,4787252348.875447,0,adjusted_gross_income/amount
5001800US3201,NV-01,500000.0,inf,13008217084.154583,0,adjusted_gross_income/amount
5001800US3201,NV-01,-inf,1.0,8288.479846339107,1,adjusted_gross_income/count
5001800US3201,NV-01,1.0,10000.0,36470.323109182646,1,adjusted_gross_income/count
5001800US3201,NV-01,10000.0,25000.0,75305.67336655359,1,adjusted_gross_income/count
5001800US3201,NV-01,25000.0,50000.0,108662.36068145387,1,adjusted_gross_income/count
5001800US3201,NV-01,50000.0,75000.0,57685.41294149064,1,adjusted_gross_income/count
5001800US3201,NV-01,75000.0,100000.0,34104.08456678907,1,adjusted_gross_income/count
5001800US3201,NV-01,100000.0,200000.0,48377.03470912805,1,adjusted_gross_income/count
5001800US3201,NV-01,200000.0,500000.0,16588.742085436937,1,adjusted_gross_income/count
5001800US3201,NV-01,500000.0,inf,5296.270846011804,1,adjusted_gross_income/count
5001800US3202,NV-02,-inf,1.0,-560018395.905452,0,adjusted_gross_income/amount
5001800US3202,NV-02,1.0,10000.0,163449269.95938918,0,adjusted_gross_income/amount
5001800US3202,NV-02,10000.0,25000.0,951208811.6258794,0,adjusted_gross_income/amount
5001800US3202,NV-02,25000.0,50000.0,3418669357.008648,0,adjusted_gross_income/amount
5001800US3202,NV-02,50000.0,75000.0,3923676615.1177745,0,adjusted_gross_income/amount
5001800US3202,NV-02,75000.0,100000.0,3742691639.1553597,0,adjusted_gross_income/amount
5001800US3202,NV-02,100000.0,200000.0,9749973949.805824,0,adjusted_gross_income/amount
5001800US3202,NV-02,200000.0,500000.0,6658895564.290908,0,adjusted_gross_income/amount
5001800US3202,NV-02,500000.0,inf,14443338621.329676,0,adjusted_gross_income/amount
5001800US3202,NV-02,-inf,1.0,6907.076127635581,1,adjusted_gross_income/count
5001800US3202,NV-02,1.0,10000.0,31339.845950912768,1,adjusted_gross_income/count
5001800US3202,NV-02,10000.0,25000.0,54555.47209171129,1,adjusted_gross_income/count
5001800US3202,NV-02,25000.0,50000.0,91609.77382011531,1,adjusted_gross_income/count
5001800US3202,NV-02,50000.0,75000.0,63757.12201847249,1,adjusted_gross_income/count
5001800US3202,NV-02,75000.0,100000.0,43179.03986705933,1,adjusted_gross_income/count
5001800US3202,NV-02,100000.0,200000.0,71189.90554262334,1,adjusted_gross_income/count
5001800US3202,NV-02,200000.0,500000.0,23167.8504035549,1,adjusted_gross_income/count
5001800US3202,NV-02,500000.0,inf,6937.6252980006275,1,adjusted_gross_income/count
5001800US3203,NV-03,-inf,1.0,-807349793.4007801,0,adjusted_gross_income/amount
5001800US3203,NV-03,1.0,10000.0,185192876.34471887,0,adjusted_gross_income/amount
5001800US3203,NV-03,10000.0,25000.0,1210484064.2617557,0,adjusted_gross_income/amount
5001800US3203,NV-03,25000.0,50000.0,3750735121.3237033,0,adjusted_gross_income/amount
5001800US3203,NV-03,50000.0,75000.0,3738129061.0428243,0,adjusted_gross_income/amount
5001800US3203,NV-03,75000.0,100000.0,3421882987.723565,0,adjusted_gross_income/amount
5001800US3203,NV-03,100000.0,200000.0,8558139410.503702,0,adjusted_gross_income/amount
5001800US3203,NV-03,200000.0,500000.0,6462854172.440813,0,adjusted_gross_income/amount
5001800US3203,NV-03,500000.0,inf,16412599601.79316,0,adjusted_gross_income/amount
5001800US3203,NV-03,-inf,1.0,8565.01303340101,1,adjusted_gross_income/count
5001800US3203,NV-03,1.0,10000.0,35762.94294941707,1,adjusted_gross_income/count
5001800US3203,NV-03,10000.0,25000.0,69883.92572158652,1,adjusted_gross_income/count
5001800US3203,NV-03,25000.0,50000.0,102026.50439363974,1,adjusted_gross_income/count
5001800US3203,NV-03,50000.0,75000.0,60787.78176155486,1,adjusted_gross_income/count
5001800US3203,NV-03,75000.0,100000.0,39516.00568135534,1,adjusted_gross_income/count
5001800US3203,NV-03,100000.0,200000.0,62392.28253493564,1,adjusted_gross_income/count
5001800US3203,NV-03,200000.0,500000.0,22446.11186403757,1,adjusted_gross_income/count
5001800US3203,NV-03,500000.0,inf,6847.564888545475,1,adjusted_gross_income/count
5001800US3204,NV-04,-inf,1.0,-402118385.8133559,0,adjusted_gross_income/amount
5001800US3204,NV-04,1.0,10000.0,177324807.61146465,0,adjusted_gross_income/amount
5001800US3204,NV-04,10000.0,25000.0,1251101855.0284245,0,adjusted_gross_income/amount
5001800US3204,NV-04,25000.0,50000.0,3772397204.691566,0,adjusted_gross_income/amount
5001800US3204,NV-04,50000.0,75000.0,3411739751.935678,0,adjusted_gross_income/amount
5001800US3204,NV-04,75000.0,100000.0,3041719162.250385,0,adjusted_gross_income/amount
5001800US3204,NV-04,100000.0,200000.0,6676803812.444758,0,adjusted_gross_income/amount
5001800US3204,NV-04,200000.0,500000.0,3474797052.1910458,0,adjusted_gross_income/amount
5001800US3204,NV-04,500000.0,inf,4745529149.704292,0,adjusted_gross_income/amount
5001800US3204,NV-04,-inf,1.0,7493.1593764651025,1,adjusted_gross_income/count
5001800US3204,NV-04,1.0,10000.0,33244.58052116623,1,adjusted_gross_income/count
5001800US3204,NV-04,10000.0,25000.0,71952.37603591122,1,adjusted_gross_income/count
5001800US3204,NV-04,25000.0,50000.0,103256.1006550435,1,adjusted_gross_income/count
5001800US3204,NV-04,50000.0,75000.0,55593.198859175136,1,adjusted_gross_income/count
5001800US3204,NV-04,75000.0,100000.0,35142.606145529644,1,adjusted_gross_income/count
5001800US3204,NV-04,100000.0,200000.0,49329.43292173816,1,adjusted_gross_income/count
5001800US3204,NV-04,200000.0,500000.0,12450.493327846687,1,adjusted_gross_income/count
5001800US3204,NV-04,500000.0,inf,2433.5405862481102,1,adjusted_gross_income/count
5001800US3301,NH-01,-inf,1.0,-216121399.42926303,0,adjusted_gross_income/amount
5001800US3301,NH-01,1.0,10000.0,174805863.34211645,0,adjusted_gross_income/amount
5001800US3301,NH-01,10000.0,25000.0,775637924.5707157,0,adjusted_gross_income/amount
5001800US3301,NH-01,25000.0,50000.0,2895232832.768301,0,adjusted_gross_income/amount
5001800US3301,NH-01,50000.0,75000.0,3695701737.331678,0,adjusted_gross_income/amount
5001800US3301,NH-01,75000.0,100000.0,3576487006.7816033,0,adjusted_gross_income/amount
5001800US3301,NH-01,100000.0,200000.0,10818091043.687065,0,adjusted_gross_income/amount
5001800US3301,NH-01,200000.0,500000.0,8609813675.854246,0,adjusted_gross_income/amount
5001800US3301,NH-01,500000.0,inf,9765245311.293997,0,adjusted_gross_income/amount
5001800US3301,NH-01,-inf,1.0,4470.662503714082,1,adjusted_gross_income/count
5001800US3301,NH-01,1.0,10000.0,33763.368461800594,1,adjusted_gross_income/count
5001800US3301,NH-01,10000.0,25000.0,45352.345095695615,1,adjusted_gross_income/count
5001800US3301,NH-01,25000.0,50000.0,76824.43237093696,1,adjusted_gross_income/count
5001800US3301,NH-01,50000.0,75000.0,59938.17305576041,1,adjusted_gross_income/count
5001800US3301,NH-01,75000.0,100000.0,41219.00891713041,1,adjusted_gross_income/count
5001800US3301,NH-01,100000.0,200000.0,77864.64964303626,1,adjusted_gross_income/count
5001800US3301,NH-01,200000.0,500000.0,30136.933478012514,1,adjusted_gross_income/count
5001800US3301,NH-01,500000.0,inf,6204.119414127364,1,adjusted_gross_income/count
5001800US3302,NH-02,-inf,1.0,-280002317.6899527,0,adjusted_gross_income/amount
5001800US3302,NH-02,1.0,10000.0,172210066.9070834,0,adjusted_gross_income/amount
5001800US3302,NH-02,10000.0,25000.0,758146093.9978992,0,adjusted_gross_income/amount
5001800US3302,NH-02,25000.0,50000.0,2825633648.294951,0,adjusted_gross_income/amount
5001800US3302,NH-02,50000.0,75000.0,3503107950.0139933,0,adjusted_gross_income/amount
5001800US3302,NH-02,75000.0,100000.0,3333974531.93435,0,adjusted_gross_income/amount
5001800US3302,NH-02,100000.0,200000.0,10215579920.606539,0,adjusted_gross_income/amount
5001800US3302,NH-02,200000.0,500000.0,7953801667.500564,0,adjusted_gross_income/amount
5001800US3302,NH-02,500000.0,inf,8762295000.540386,0,adjusted_gross_income/amount
5001800US3302,NH-02,-inf,1.0,4839.859154302135,1,adjusted_gross_income/count
5001800US3302,NH-02,1.0,10000.0,33629.12935950497,1,adjusted_gross_income/count
5001800US3302,NH-02,10000.0,25000.0,44208.85815549773,1,adjusted_gross_income/count
5001800US3302,NH-02,25000.0,50000.0,75133.0517646579,1,adjusted_gross_income/count
5001800US3302,NH-02,50000.0,75000.0,56855.180403805774,1,adjusted_gross_income/count
5001800US3302,NH-02,75000.0,100000.0,38425.926038779915,1,adjusted_gross_income/count
5001800US3302,NH-02,100000.0,200000.0,73737.83640334554,1,adjusted_gross_income/count
5001800US3302,NH-02,200000.0,500000.0,27846.230296480764,1,adjusted_gross_income/count
5001800US3302,NH-02,500000.0,inf,5593.778187170961,1,adjusted_gross_income/count
5001800US3401,NJ-01,-inf,1.0,-161267148.14244458,0,adjusted_gross_income/amount
5001800US3401,NJ-01,1.0,10000.0,192199157.41244397,0,adjusted_gross_income/amount
5001800US3401,NJ-01,10000.0,25000.0,1011785221.5812033,0,adjusted_gross_income/amount
5001800US3401,NJ-01,25000.0,50000.0,3193119135.110908,0,adjusted_gross_income/amount
5001800US3401,NJ-01,50000.0,75000.0,3621827496.6165648,0,adjusted_gross_income/amount
5001800US3401,NJ-01,75000.0,100000.0,3446059311.096798,0,adjusted_gross_income/amount
5001800US3401,NJ-01,100000.0,200000.0,9375391644.360153,0,adjusted_gross_income/amount
5001800US3401,NJ-01,200000.0,500000.0,6204533473.588712,0,adjusted_gross_income/amount
5001800US3401,NJ-01,500000.0,inf,4565079179.298374,0,adjusted_gross_income/amount
5001800US3401,NJ-01,-inf,1.0,4300.42362438183,1,adjusted_gross_income/count
5001800US3401,NJ-01,1.0,10000.0,37137.49886348887,1,adjusted_gross_income/count
5001800US3401,NJ-01,10000.0,25000.0,58640.89991526138,1,adjusted_gross_income/count
5001800US3401,NJ-01,25000.0,50000.0,86306.1048456368,1,adjusted_gross_income/count
5001800US3401,NJ-01,50000.0,75000.0,58811.48180960533,1,adjusted_gross_income/count
5001800US3401,NJ-01,75000.0,100000.0,39774.28476364662,1,adjusted_gross_income/count
5001800US3401,NJ-01,100000.0,200000.0,67711.94984351392,1,adjusted_gross_income/count
5001800US3401,NJ-01,200000.0,500000.0,22198.300399231164,1,adjusted_gross_income/count
5001800US3401,NJ-01,500000.0,inf,3495.957732808761,1,adjusted_gross_income/count
5001800US3402,NJ-02,-inf,1.0,-229035949.25457245,0,adjusted_gross_income/amount
5001800US3402,NJ-02,1.0,10000.0,206999454.528661,0,adjusted_gross_income/amount
5001800US3402,NJ-02,10000.0,25000.0,1060488251.6617538,0,adjusted_gross_income/amount
5001800US3402,NJ-02,25000.0,50000.0,3280542233.920293,0,adjusted_gross_income/amount
5001800US3402,NJ-02,50000.0,75000.0,3503427308.760463,0,adjusted_gross_income/amount
5001800US3402,NJ-02,75000.0,100000.0,3185246235.1772,0,adjusted_gross_income/amount
5001800US3402,NJ-02,100000.0,200000.0,8599034018.081036,0,adjusted_gross_income/amount
5001800US3402,NJ-02,200000.0,500000.0,5410492168.399507,0,adjusted_gross_income/amount
5001800US3402,NJ-02,500000.0,inf,4496898181.0196905,0,adjusted_gross_income/amount
5001800US3402,NJ-02,-inf,1.0,5291.606983834053,1,adjusted_gross_income/count
5001800US3402,NJ-02,1.0,10000.0,39313.13751440491,1,adjusted_gross_income/count
5001800US3402,NJ-02,10000.0,25000.0,61437.43395079379,1,adjusted_gross_income/count
5001800US3402,NJ-02,25000.0,50000.0,89163.46651531193,1,adjusted_gross_income/count
5001800US3402,NJ-02,50000.0,75000.0,56884.95318344657,1,adjusted_gross_income/count
5001800US3402,NJ-02,75000.0,100000.0,36751.053444074365,1,adjusted_gross_income/count
5001800US3402,NJ-02,100000.0,200000.0,62424.1904902713,1,adjusted_gross_income/count
5001800US3402,NJ-02,200000.0,500000.0,19331.180894380646,1,adjusted_gross_income/count
5001800US3402,NJ-02,500000.0,inf,3662.8344432646813,1,adjusted_gross_income/count
5001800US3403,NJ-03,-inf,1.0,-510747976.41700315,0,adjusted_gross_income/amount
5001800US3403,NJ-03,1.0,10000.0,196450712.9017809,0,adjusted_gross_income/amount
5001800US3403,NJ-03,10000.0,25000.0,871954303.9834416,0,adjusted_gross_income/amount
5001800US3403,NJ-03,25000.0,50000.0,2770152400.0380626,0,adjusted_gross_income/amount
5001800US3403,NJ-03,50000.0,75000.0,3548721691.3533273,0,adjusted_gross_income/amount
5001800US3403,NJ-03,75000.0,100000.0,3597089122.004113,0,adjusted_gross_income/amount
5001800US3403,NJ-03,100000.0,200000.0,11148021654.04594,0,adjusted_gross_income/amount
5001800US3403,NJ-03,200000.0,500000.0,9877587875.592121,0,adjusted_gross_income/amount
5001800US3403,NJ-03,500000.0,inf,9027282548.807913,0,adjusted_gross_income/amount
5001800US3403,NJ-03,-inf,1.0,5206.5465023149945,1,adjusted_gross_income/count
5001800US3403,NJ-03,1.0,10000.0,39275.92170637662,1,adjusted_gross_income/count
5001800US3403,NJ-03,10000.0,25000.0,50728.29541707735,1,adjusted_gross_income/count
5001800US3403,NJ-03,25000.0,50000.0,74576.90513962138,1,adjusted_gross_income/count
5001800US3403,NJ-03,50000.0,75000.0,57385.762551302556,1,adjusted_gross_income/count
5001800US3403,NJ-03,75000.0,100000.0,41449.407173942105,1,adjusted_gross_income/count
5001800US3403,NJ-03,100000.0,200000.0,79633.16978175419,1,adjusted_gross_income/count
5001800US3403,NJ-03,200000.0,500000.0,34483.94643441199,1,adjusted_gross_income/count
5001800US3403,NJ-03,500000.0,inf,7142.925087666778,1,adjusted_gross_income/count
5001800US3404,NJ-04,-inf,1.0,-630256205.2954316,0,adjusted_gross_income/amount
5001800US3404,NJ-04,1.0,10000.0,196578319.78102392,0,adjusted_gross_income/amount
5001800US3404,NJ-04,10000.0,25000.0,852176468.158423,0,adjusted_gross_income/amount
5001800US3404,NJ-04,25000.0,50000.0,2697954279.4656653,0,adjusted_gross_income/amount
5001800US3404,NJ-04,50000.0,75000.0,3446948519.3563066,0,adjusted_gross_income/amount
5001800US3404,NJ-04,75000.0,100000.0,3491489466.506562,0,adjusted_gross_income/amount
5001800US3404,NJ-04,100000.0,200000.0,11043426354.34756,0,adjusted_gross_income/amount
5001800US3404,NJ-04,200000.0,500000.0,10557764459.140244,0,adjusted_gross_income/amount
5001800US3404,NJ-04,500000.0,inf,10990094799.024775,0,adjusted_gross_income/amount
5001800US3404,NJ-04,-inf,1.0,5470.858913139662,1,adjusted_gross_income/count
5001800US3404,NJ-04,1.0,10000.0,39429.21591082477,1,adjusted_gross_income/count
5001800US3404,NJ-04,10000.0,25000.0,49602.82028960126,1,adjusted_gross_income/count
5001800US3404,NJ-04,25000.0,50000.0,72653.19794864501,1,adjusted_gross_income/count
5001800US3404,NJ-04,50000.0,75000.0,55755.03731197958,1,adjusted_gross_income/count
5001800US3404,NJ-04,75000.0,100000.0,40239.76538534785,1,adjusted_gross_income/count
5001800US3404,NJ-04,100000.0,200000.0,78702.22901060146,1,adjusted_gross_income/count
5001800US3404,NJ-04,200000.0,500000.0,36615.34529118226,1,adjusted_gross_income/count
5001800US3404,NJ-04,500000.0,inf,8423.263055379191,1,adjusted_gross_income/count
5001800US3405,NJ-05,-inf,1.0,-787272743.7026483,0,adjusted_gross_income/amount
5001800US3405,NJ-05,1.0,10000.0,192549963.39165372,0,adjusted_gross_income/amount
5001800US3405,NJ-05,10000.0,25000.0,825839447.3272841,0,adjusted_gross_income/amount
5001800US3405,NJ-05,25000.0,50000.0,2409892910.6152463,0,adjusted_gross_income/amount
5001800US3405,NJ-05,50000.0,75000.0,3158159647.5377874,0,adjusted_gross_income/amount
5001800US3405,NJ-05,75000.0,100000.0,3314047639.7611833,0,adjusted_gross_income/amount
5001800US3405,NJ-05,100000.0,200000.0,11266316636.71587,0,adjusted_gross_income/amount
5001800US3405,NJ-05,200000.0,500000.0,13350700067.940775,0,adjusted_gross_income/amount
5001800US3405,NJ-05,500000.0,inf,16792498394.89389,0,adjusted_gross_income/amount
5001800US3405,NJ-05,-inf,1.0,6360.722836378289,1,adjusted_gross_income/count
5001800US3405,NJ-05,1.0,10000.0,40409.10109741544,1,adjusted_gross_income/count
5001800US3405,NJ-05,10000.0,25000.0,48360.60066881336,1,adjusted_gross_income/count
5001800US3405,NJ-05,25000.0,50000.0,65105.02894039903,1,adjusted_gross_income/count
5001800US3405,NJ-05,50000.0,75000.0,50981.56861646858,1,adjusted_gross_income/count
5001800US3405,NJ-05,75000.0,100000.0,38136.40247726874,1,adjusted_gross_income/count
5001800US3405,NJ-05,100000.0,200000.0,79779.92319196097,1,adjusted_gross_income/count
5001800US3405,NJ-05,200000.0,500000.0,45330.3221984609,1,adjusted_gross_income/count
5001800US3405,NJ-05,500000.0,inf,12768.172363860614,1,adjusted_gross_income/count
5001800US3406,NJ-06,-inf,1.0,-296276902.99246657,0,adjusted_gross_income/amount
5001800US3406,NJ-06,1.0,10000.0,197092160.89582193,0,adjusted_gross_income/amount
5001800US3406,NJ-06,10000.0,25000.0,947956560.4958814,0,adjusted_gross_income/amount
5001800US3406,NJ-06,25000.0,50000.0,2894734852.9831023,0,adjusted_gross_income/amount
5001800US3406,NJ-06,50000.0,75000.0,3423944102.1702533,0,adjusted_gross_income/amount
5001800US3406,NJ-06,75000.0,100000.0,3412291208.2220993,0,adjusted_gross_income/amount
5001800US3406,NJ-06,100000.0,200000.0,10510276862.157087,0,adjusted_gross_income/amount
5001800US3406,NJ-06,200000.0,500000.0,10010535960.356422,0,adjusted_gross_income/amount
5001800US3406,NJ-06,500000.0,inf,7533037681.25712,0,adjusted_gross_income/amount
5001800US3406,NJ-06,-inf,1.0,5350.706859279605,1,adjusted_gross_income/count
5001800US3406,NJ-06,1.0,10000.0,39507.42011116812,1,adjusted_gross_income/count
5001800US3406,NJ-06,10000.0,25000.0,55159.7961146671,1,adjusted_gross_income/count
5001800US3406,NJ-06,25000.0,50000.0,78438.60792240997,1,adjusted_gross_income/count
5001800US3406,NJ-06,50000.0,75000.0,55443.789852470705,1,adjusted_gross_income/count
5001800US3406,NJ-06,75000.0,100000.0,39298.51657020535,1,adjusted_gross_income/count
5001800US3406,NJ-06,100000.0,200000.0,75106.26556443801,1,adjusted_gross_income/count
5001800US3406,NJ-06,200000.0,500000.0,34968.70346016293,1,adjusted_gross_income/count
5001800US3406,NJ-06,500000.0,inf,6122.075692367894,1,adjusted_gross_income/count
5001800US3407,NJ-07,-inf,1.0,-693844292.8964931,0,adjusted_gross_income/amount
5001800US3407,NJ-07,1.0,10000.0,216425731.18163556,0,adjusted_gross_income/amount
5001800US3407,NJ-07,10000.0,25000.0,840535294.0354308,0,adjusted_gross_income/amount
5001800US3407,NJ-07,25000.0,50000.0,2477581861.3381333,0,adjusted_gross_income/amount
5001800US3407,NJ-07,50000.0,75000.0,3281419947.8700886,0,adjusted_gross_income/amount
5001800US3407,NJ-07,75000.0,100000.0,3490406333.8278084,0,adjusted_gross_income/amount
5001800US3407,NJ-07,100000.0,200000.0,12381016896.200888,0,adjusted_gross_income/amount
5001800US3407,NJ-07,200000.0,500000.0,18307574799.797523,0,adjusted_gross_income/amount
5001800US3407,NJ-07,500000.0,inf,28074436294.673546,0,adjusted_gross_income/amount
5001800US3407,NJ-07,-inf,1.0,6583.155272017648,1,adjusted_gross_income/count
5001800US3407,NJ-07,1.0,10000.0,44952.07396113711,1,adjusted_gross_income/count
5001800US3407,NJ-07,10000.0,25000.0,49462.906743613385,1,adjusted_gross_income/count
5001800US3407,NJ-07,25000.0,50000.0,66854.95739312418,1,adjusted_gross_income/count
5001800US3407,NJ-07,50000.0,75000.0,52959.8735845012,1,adjusted_gross_income/count
5001800US3407,NJ-07,75000.0,100000.0,40179.301528409356,1,adjusted_gross_income/count
5001800US3407,NJ-07,100000.0,200000.0,87011.53636308646,1,adjusted_gross_income/count
5001800US3407,NJ-07,200000.0,500000.0,60880.54498811577,1,adjusted_gross_income/count
5001800US3407,NJ-07,500000.0,inf,19673.65945493924,1,adjusted_gross_income/count
5001800US3408,NJ-08,-inf,1.0,-185861102.20632833,0,adjusted_gross_income/amount
5001800US3408,NJ-08,1.0,10000.0,230348636.13673052,0,adjusted_gross_income/amount
5001800US3408,NJ-08,10000.0,25000.0,1185532447.5514808,0,adjusted_gross_income/amount
5001800US3408,NJ-08,25000.0,50000.0,3282394585.212918,0,adjusted_gross_income/amount
5001800US3408,NJ-08,50000.0,75000.0,3386713946.5561357,0,adjusted_gross_income/amount
5001800US3408,NJ-08,75000.0,100000.0,2977068123.5587163,0,adjusted_gross_income/amount
5001800US3408,NJ-08,100000.0,200000.0,7109373769.73735,0,adjusted_gross_income/amount
5001800US3408,NJ-08,200000.0,500000.0,7247388203.902941,0,adjusted_gross_income/amount
5001800US3408,NJ-08,500000.0,inf,7275162835.150884,0,adjusted_gross_income/amount
5001800US3408,NJ-08,-inf,1.0,5755.570169882348,1,adjusted_gross_income/count
5001800US3408,NJ-08,1.0,10000.0,48169.484340536896,1,adjusted_gross_income/count
5001800US3408,NJ-08,10000.0,25000.0,69527.43926796192,1,adjusted_gross_income/count
5001800US3408,NJ-08,25000.0,50000.0,89845.15999712185,1,adjusted_gross_income/count
5001800US3408,NJ-08,50000.0,75000.0,55033.20028516987,1,adjusted_gross_income/count
5001800US3408,NJ-08,75000.0,100000.0,34413.48624605357,1,adjusted_gross_income/count
5001800US3408,NJ-08,100000.0,200000.0,51707.12268880386,1,adjusted_gross_income/count
5001800US3408,NJ-08,200000.0,500000.0,24312.95495332432,1,adjusted_gross_income/count
5001800US3408,NJ-08,500000.0,inf,6449.610438185506,1,adjusted_gross_income/count
5001800US3409,NJ-09,-inf,1.0,-472742579.68508327,0,adjusted_gross_income/amount
5001800US3409,NJ-09,1.0,10000.0,214699783.63862053,0,adjusted_gross_income/amount
5001800US3409,NJ-09,10000.0,25000.0,1112477960.5322733,0,adjusted_gross_income/amount
5001800US3409,NJ-09,25000.0,50000.0,3068865473.6341677,0,adjusted_gross_income/amount
5001800US3409,NJ-09,50000.0,75000.0,3294248073.770551,0,adjusted_gross_income/amount
5001800US3409,NJ-09,75000.0,100000.0,2946161232.7817745,0,adjusted_gross_income/amount
5001800US3409,NJ-09,100000.0,200000.0,7902742819.133276,0,adjusted_gross_income/amount
5001800US3409,NJ-09,200000.0,500000.0,7407384005.02804,0,adjusted_gross_income/amount
5001800US3409,NJ-09,500000.0,inf,8444416869.067673,0,adjusted_gross_income/amount
5001800US3409,NJ-09,-inf,1.0,6323.223878341954,1,adjusted_gross_income/count
5001800US3409,NJ-09,1.0,10000.0,43922.20998912305,1,adjusted_gross_income/count
5001800US3409,NJ-09,10000.0,25000.0,65094.77593877609,1,adjusted_gross_income/count
5001800US3409,NJ-09,25000.0,50000.0,83791.24847394734,1,adjusted_gross_income/count
5001800US3409,NJ-09,50000.0,75000.0,53502.588085882926,1,adjusted_gross_income/count
5001800US3409,NJ-09,75000.0,100000.0,34038.69808192396,1,adjusted_gross_income/count
5001800US3409,NJ-09,100000.0,200000.0,57009.345949167895,1,adjusted_gross_income/count
5001800US3409,NJ-09,200000.0,500000.0,25442.07597869708,1,adjusted_gross_income/count
5001800US3409,NJ-09,500000.0,inf,6193.32175002578,1,adjusted_gross_income/count
5001800US3410,NJ-10,-inf,1.0,-238884485.7909945,0,adjusted_gross_income/amount
5001800US3410,NJ-10,1.0,10000.0,212753036.6985544,0,adjusted_gross_income/amount
5001800US3410,NJ-10,10000.0,25000.0,1136387883.396498,0,adjusted_gross_income/amount
5001800US3410,NJ-10,25000.0,50000.0,3261299162.6837482,0,adjusted_gross_income/amount
5001800US3410,NJ-10,50000.0,75000.0,3461882944.9098024,0,adjusted_gross_income/amount
5001800US3410,NJ-10,75000.0,100000.0,2994492620.5939393,0,adjusted_gross_income/amount
5001800US3410,NJ-10,100000.0,200000.0,7143782983.222509,0,adjusted_gross_income/amount
5001800US3410,NJ-10,200000.0,500000.0,7292677107.437841,0,adjusted_gross_income/amount
5001800US3410,NJ-10,500000.0,inf,8996454565.595882,0,adjusted_gross_income/amount
5001800US3410,NJ-10,-inf,1.0,5102.633560800564,1,adjusted_gross_income/count
5001800US3410,NJ-10,1.0,10000.0,42123.398868994176,1,adjusted_gross_income/count
5001800US3410,NJ-10,10000.0,25000.0,66558.46207545408,1,adjusted_gross_income/count
5001800US3410,NJ-10,25000.0,50000.0,88641.67346718865,1,adjusted_gross_income/count
5001800US3410,NJ-10,50000.0,75000.0,56278.826390293296,1,adjusted_gross_income/count
5001800US3410,NJ-10,75000.0,100000.0,34626.87830245073,1,adjusted_gross_income/count
5001800US3410,NJ-10,100000.0,200000.0,51776.497226784726,1,adjusted_gross_income/count
5001800US3410,NJ-10,200000.0,500000.0,24587.544943389163,1,adjusted_gross_income/count
5001800US3410,NJ-10,500000.0,inf,7062.735878878725,1,adjusted_gross_income/count
5001800US3411,NJ-11,-inf,1.0,-441508134.74879366,0,adjusted_gross_income/amount
5001800US3411,NJ-11,1.0,10000.0,199804359.76017123,0,adjusted_gross_income/amount
5001800US3411,NJ-11,10000.0,25000.0,809281070.4295205,0,adjusted_gross_income/amount
5001800US3411,NJ-11,25000.0,50000.0,2400734176.754641,0,adjusted_gross_income/amount
5001800US3411,NJ-11,50000.0,75000.0,3249285496.9441123,0,adjusted_gross_income/amount
5001800US3411,NJ-11,75000.0,100000.0,3467384521.3878207,0,adjusted_gross_income/amount
5001800US3411,NJ-11,100000.0,200000.0,12053679718.624506,0,adjusted_gross_income/amount
5001800US3411,NJ-11,200000.0,500000.0,16568147172.660215,0,adjusted_gross_income/amount
5001800US3411,NJ-11,500000.0,inf,20406028291.91177,0,adjusted_gross_income/amount
5001800US3411,NJ-11,-inf,1.0,5696.222905576148,1,adjusted_gross_income/count
5001800US3411,NJ-11,1.0,10000.0,41530.67563103891,1,adjusted_gross_income/count
5001800US3411,NJ-11,10000.0,25000.0,47522.45384216749,1,adjusted_gross_income/count
5001800US3411,NJ-11,25000.0,50000.0,64763.896090230766,1,adjusted_gross_income/count
5001800US3411,NJ-11,50000.0,75000.0,52421.67167663164,1,adjusted_gross_income/count
5001800US3411,NJ-11,75000.0,100000.0,39890.99006231166,1,adjusted_gross_income/count
5001800US3411,NJ-11,100000.0,200000.0,84874.62752743691,1,adjusted_gross_income/count
5001800US3411,NJ-11,200000.0,500000.0,55516.87468636612,1,adjusted_gross_income/count
5001800US3411,NJ-11,500000.0,inf,16001.985105013338,1,adjusted_gross_income/count
5001800US3412,NJ-12,-inf,1.0,-332233007.1139945,0,adjusted_gross_income/amount
5001800US3412,NJ-12,1.0,10000.0,196021548.25672442,0,adjusted_gross_income/amount
5001800US3412,NJ-12,10000.0,25000.0,875103043.0046495,0,adjusted_gross_income/amount
5001800US3412,NJ-12,25000.0,50000.0,2696128120.8387904,0,adjusted_gross_income/amount
5001800US3412,NJ-12,50000.0,75000.0,3204041002.8518734,0,adjusted_gross_income/amount
5001800US3412,NJ-12,75000.0,100000.0,3190818661.4716496,0,adjusted_gross_income/amount
5001800US3412,NJ-12,100000.0,200000.0,10306547599.259407,0,adjusted_gross_income/amount
5001800US3412,NJ-12,200000.0,500000.0,13114313959.493279,0,adjusted_gross_income/amount
5001800US3412,NJ-12,500000.0,inf,13505085457.911156,0,adjusted_gross_income/amount
5001800US3412,NJ-12,-inf,1.0,5319.000837328273,1,adjusted_gross_income/count
5001800US3412,NJ-12,1.0,10000.0,40056.20889636597,1,adjusted_gross_income/count
5001800US3412,NJ-12,10000.0,25000.0,51104.98970354333,1,adjusted_gross_income/count
5001800US3412,NJ-12,25000.0,50000.0,72896.78407910344,1,adjusted_gross_income/count
5001800US3412,NJ-12,50000.0,75000.0,51889.13837507393,1,adjusted_gross_income/count
5001800US3412,NJ-12,75000.0,100000.0,36765.42546387703,1,adjusted_gross_income/count
5001800US3412,NJ-12,100000.0,200000.0,72923.86083397991,1,adjusted_gross_income/count
5001800US3412,NJ-12,200000.0,500000.0,44404.19829227515,1,adjusted_gross_income/count
5001800US3412,NJ-12,500000.0,inf,10376.448297096797,1,adjusted_gross_income/count
5001800US3501,NM-01,-inf,1.0,-194414294.15316364,0,adjusted_gross_income/amount
5001800US3501,NM-01,1.0,10000.0,185646363.43101642,0,adjusted_gross_income/amount
5001800US3501,NM-01,10000.0,25000.0,1035545464.6874728,0,adjusted_gross_income/amount
5001800US3501,NM-01,25000.0,50000.0,3153581782.8197246,0,adjusted_gross_income/amount
5001800US3501,NM-01,50000.0,75000.0,2946669833.1664014,0,adjusted_gross_income/amount
5001800US3501,NM-01,75000.0,100000.0,2561377869.730648,0,adjusted_gross_income/amount
5001800US3501,NM-01,100000.0,200000.0,6368745490.658566,0,adjusted_gross_income/amount
5001800US3501,NM-01,200000.0,500000.0,4203055546.1200814,0,adjusted_gross_income/amount
5001800US3501,NM-01,500000.0,inf,3341965719.073353,0,adjusted_gross_income/amount
5001800US3501,NM-01,-inf,1.0,7513.322325335069,1,adjusted_gross_income/count
5001800US3501,NM-01,1.0,10000.0,41339.60595132982,1,adjusted_gross_income/count
5001800US3501,NM-01,10000.0,25000.0,59622.430031439806,1,adjusted_gross_income/count
5001800US3501,NM-01,25000.0,50000.0,86458.49932262016,1,adjusted_gross_income/count
5001800US3501,NM-01,50000.0,75000.0,48054.625853958685,1,adjusted_gross_income/count
5001800US3501,NM-01,75000.0,100000.0,29591.14319418407,1,adjusted_gross_income/count
5001800US3501,NM-01,100000.0,200000.0,46473.159907242414,1,adjusted_gross_income/count
5001800US3501,NM-01,200000.0,500000.0,14930.523808292975,1,adjusted_gross_income/count
5001800US3501,NM-01,500000.0,inf,2596.3321820499477,1,adjusted_gross_income/count
5001800US3502,NM-02,-inf,1.0,-197609558.89524314,0,adjusted_gross_income/amount
5001800US3502,NM-02,1.0,10000.0,168324646.75502557,0,adjusted_gross_income/amount
5001800US3502,NM-02,10000.0,25000.0,988908702.3519704,0,adjusted_gross_income/amount
5001800US3502,NM-02,25000.0,50000.0,2611806850.697358,0,adjusted_gross_income/amount
5001800US3502,NM-02,50000.0,75000.0,2337962978.168794,0,adjusted_gross_income/amount
5001800US3502,NM-02,75000.0,100000.0,2011374612.9460666,0,adjusted_gross_income/amount
5001800US3502,NM-02,100000.0,200000.0,4580218064.51556,0,adjusted_gross_income/amount
5001800US3502,NM-02,200000.0,500000.0,2326035116.293521,0,adjusted_gross_income/amount
5001800US3502,NM-02,500000.0,inf,2132794949.2391233,0,adjusted_gross_income/amount
5001800US3502,NM-02,-inf,1.0,7875.1390024336015,1,adjusted_gross_income/count
5001800US3502,NM-02,1.0,10000.0,36644.8649650401,1,adjusted_gross_income/count
5001800US3502,NM-02,10000.0,25000.0,57001.55435685903,1,adjusted_gross_income/count
5001800US3502,NM-02,25000.0,50000.0,72364.63512970049,1,adjusted_gross_income/count
5001800US3502,NM-02,50000.0,75000.0,38085.17849666104,1,adjusted_gross_income/count
5001800US3502,NM-02,75000.0,100000.0,23249.549086524563,1,adjusted_gross_income/count
5001800US3502,NM-02,100000.0,200000.0,33890.46060141777,1,adjusted_gross_income/count
5001800US3502,NM-02,200000.0,500000.0,8353.542385398227,1,adjusted_gross_income/count
5001800US3502,NM-02,500000.0,inf,1557.420263205842,1,adjusted_gross_income/count
5001800US3503,NM-03,-inf,1.0,-298715899.13515264,0,adjusted_gross_income/amount
5001800US3503,NM-03,1.0,10000.0,228040220.64229366,0,adjusted_gross_income/amount
5001800US3503,NM-03,10000.0,25000.0,1240365503.5444982,0,adjusted_gross_income/amount
5001800US3503,NM-03,25000.0,50000.0,3442526922.417146,0,adjusted_gross_income/amount
5001800US3503,NM-03,50000.0,75000.0,3218464086.1657653,0,adjusted_gross_income/amount
5001800US3503,NM-03,75000.0,100000.0,2829327787.936198,0,adjusted_gross_income/amount
5001800US3503,NM-03,100000.0,200000.0,6774725171.043087,0,adjusted_gross_income/amount
5001800US3503,NM-03,200000.0,500000.0,3998782645.0881166,0,adjusted_gross_income/amount
5001800US3503,NM-03,500000.0,inf,3237212021.2134213,0,adjusted_gross_income/amount
5001800US3503,NM-03,-inf,1.0,10109.671849298467,1,adjusted_gross_income/count
5001800US3503,NM-03,1.0,10000.0,50348.4818675988,1,adjusted_gross_income/count
5001800US3503,NM-03,10000.0,25000.0,71549.9806255096,1,adjusted_gross_income/count
5001800US3503,NM-03,25000.0,50000.0,94914.72934157676,1,adjusted_gross_income/count
5001800US3503,NM-03,50000.0,75000.0,52399.8229500382,1,adjusted_gross_income/count
5001800US3503,NM-03,75000.0,100000.0,32676.726535701757,1,adjusted_gross_income/count
5001800US3503,NM-03,100000.0,200000.0,49816.55688833885,1,adjusted_gross_income/count
5001800US3503,NM-03,200000.0,500000.0,14268.754457901023,1,adjusted_gross_income/count
5001800US3503,NM-03,500000.0,inf,2553.2715335644893,1,adjusted_gross_income/count
5001800US3601,NY-01,-inf,1.0,-653285278.2174226,0,adjusted_gross_income/amount
5001800US3601,NY-01,1.0,10000.0,192922942.67757446,0,adjusted_gross_income/amount
5001800US3601,NY-01,10000.0,25000.0,836415604.3112723,0,adjusted_gross_income/amount
5001800US3601,NY-01,25000.0,50000.0,2420884825.6896043,0,adjusted_gross_income/amount
5001800US3601,NY-01,50000.0,75000.0,3214796421.8907475,0,adjusted_gross_income/amount
5001800US3601,NY-01,75000.0,100000.0,3344083577.2262607,0,adjusted_gross_income/amount
5001800US3601,NY-01,100000.0,200000.0,11459833794.499283,0,adjusted_gross_income/amount
5001800US3601,NY-01,200000.0,500000.0,11476986594.900972,0,adjusted_gross_income/amount
5001800US3601,NY-01,500000.0,inf,18731936513.443207,0,adjusted_gross_income/amount
5001800US3601,NY-01,-inf,1.0,6320.540363767737,1,adjusted_gross_income/count
5001800US3601,NY-01,1.0,10000.0,39189.63276038297,1,adjusted_gross_income/count
5001800US3601,NY-01,10000.0,25000.0,49009.08633434785,1,adjusted_gross_income/count
5001800US3601,NY-01,25000.0,50000.0,65326.329930968015,1,adjusted_gross_income/count
5001800US3601,NY-01,50000.0,75000.0,51928.49394854771,1,adjusted_gross_income/count
5001800US3601,NY-01,75000.0,100000.0,38496.711194049676,1,adjusted_gross_income/count
5001800US3601,NY-01,100000.0,200000.0,81592.44987968847,1,adjusted_gross_income/count
5001800US3601,NY-01,200000.0,500000.0,40080.2927597839,1,adjusted_gross_income/count
5001800US3601,NY-01,500000.0,inf,10521.941106270426,1,adjusted_gross_income/count
5001800US3602,NY-02,-inf,1.0,-261300050.7940898,0,adjusted_gross_income/amount
5001800US3602,NY-02,1.0,10000.0,200045942.0549848,0,adjusted_gross_income/amount
5001800US3602,NY-02,10000.0,25000.0,953808488.1705352,0,adjusted_gross_income/amount
5001800US3602,NY-02,25000.0,50000.0,3022786794.937851,0,adjusted_gross_income/amount
5001800US3602,NY-02,50000.0,75000.0,3770082371.393653,0,adjusted_gross_income/amount
5001800US3602,NY-02,75000.0,100000.0,3743807694.62851,0,adjusted_gross_income/amount
5001800US3602,NY-02,100000.0,200000.0,11838902547.759695,0,adjusted_gross_income/amount
5001800US3602,NY-02,200000.0,500000.0,9010202272.365648,0,adjusted_gross_income/amount
5001800US3602,NY-02,500000.0,inf,6652235393.826867,0,adjusted_gross_income/amount
5001800US3602,NY-02,-inf,1.0,4567.5159643556,1,adjusted_gross_income/count
5001800US3602,NY-02,1.0,10000.0,39780.144913549106,1,adjusted_gross_income/count
5001800US3602,NY-02,10000.0,25000.0,55562.30421442352,1,adjusted_gross_income/count
5001800US3602,NY-02,25000.0,50000.0,81435.24654901927,1,adjusted_gross_income/count
5001800US3602,NY-02,50000.0,75000.0,61043.32437515094,1,adjusted_gross_income/count
5001800US3602,NY-02,75000.0,100000.0,43110.361880324555,1,adjusted_gross_income/count
5001800US3602,NY-02,100000.0,200000.0,84880.62821621205,1,adjusted_gross_income/count
5001800US3602,NY-02,200000.0,500000.0,32735.733533193325,1,adjusted_gross_income/count
5001800US3602,NY-02,500000.0,inf,4502.886741801755,1,adjusted_gross_income/count
5001800US3603,NY-03,-inf,1.0,-1186491736.8600729,0,adjusted_gross_income/amount
5001800US3603,NY-03,1.0,10000.0,228707164.98798135,0,adjusted_gross_income/amount
5001800US3603,NY-03,10000.0,25000.0,928525476.8168567,0,adjusted_gross_income/amount
5001800US3603,NY-03,25000.0,50000.0,2535216002.587478,0,adjusted_gross_income/amount
5001800US3603,NY-03,50000.0,75000.0,3317479975.2942247,0,adjusted_gross_income/amount
5001800US3603,NY-03,75000.0,100000.0,3538798452.5772176,0,adjusted_gross_income/amount
5001800US3603,NY-03,100000.0,200000.0,12380408555.792175,0,adjusted_gross_income/amount
5001800US3603,NY-03,200000.0,500000.0,16094720062.854425,0,adjusted_gross_income/amount
5001800US3603,NY-03,500000.0,inf,27183240317.994545,0,adjusted_gross_income/amount
5001800US3603,NY-03,-inf,1.0,8257.757452926939,1,adjusted_gross_income/count
5001800US3603,NY-03,1.0,10000.0,47954.31029321709,1,adjusted_gross_income/count
5001800US3603,NY-03,10000.0,25000.0,54623.777857695415,1,adjusted_gross_income/count
5001800US3603,NY-03,25000.0,50000.0,68645.27226123428,1,adjusted_gross_income/count
5001800US3603,NY-03,50000.0,75000.0,53513.02348329091,1,adjusted_gross_income/count
5001800US3603,NY-03,75000.0,100000.0,40728.37992674021,1,adjusted_gross_income/count
5001800US3603,NY-03,100000.0,200000.0,87723.89930405372,1,adjusted_gross_income/count
5001800US3603,NY-03,200000.0,500000.0,54505.286086990454,1,adjusted_gross_income/count
5001800US3603,NY-03,500000.0,inf,17829.593538932448,1,adjusted_gross_income/count
5001800US3604,NY-04,-inf,1.0,-763796459.0004802,0,adjusted_gross_income/amount
5001800US3604,NY-04,1.0,10000.0,219536500.34219652,0,adjusted_gross_income/amount
5001800US3604,NY-04,10000.0,25000.0,984689611.6671679,0,adjusted_gross_income/amount
5001800US3604,NY-04,25000.0,50000.0,2860299260.8144665,0,adjusted_gross_income/amount
5001800US3604,NY-04,50000.0,75000.0,3581113610.5391326,0,adjusted_gross_income/amount
5001800US3604,NY-04,75000.0,100000.0,3611915565.5144424,0,adjusted_gross_income/amount
5001800US3604,NY-04,100000.0,200000.0,11593584756.944263,0,adjusted_gross_income/amount
5001800US3604,NY-04,200000.0,500000.0,11776426499.502092,0,adjusted_gross_income/amount
5001800US3604,NY-04,500000.0,inf,10924540475.145243,0,adjusted_gross_income/amount
5001800US3604,NY-04,-inf,1.0,6639.396623371349,1,adjusted_gross_income/count
5001800US3604,NY-04,1.0,10000.0,45057.4362714969,1,adjusted_gross_income/count
5001800US3604,NY-04,10000.0,25000.0,57815.21654587399,1,adjusted_gross_income/count
5001800US3604,NY-04,25000.0,50000.0,77351.93108600858,1,adjusted_gross_income/count
5001800US3604,NY-04,50000.0,75000.0,57927.54257995854,1,adjusted_gross_income/count
5001800US3604,NY-04,75000.0,100000.0,41579.66827851457,1,adjusted_gross_income/count
5001800US3604,NY-04,100000.0,200000.0,82707.32453077182,1,adjusted_gross_income/count
5001800US3604,NY-04,200000.0,500000.0,41172.35383302814,1,adjusted_gross_income/count
5001800US3604,NY-04,500000.0,inf,8216.213792844828,1,adjusted_gross_income/count
5001800US3605,NY-05,-inf,1.0,-137052448.49315453,0,adjusted_gross_income/amount
5001800US3605,NY-05,1.0,10000.0,225105300.05954748,0,adjusted_gross_income/amount
5001800US3605,NY-05,10000.0,25000.0,1173569061.9469109,0,adjusted_gross_income/amount
5001800US3605,NY-05,25000.0,50000.0,3319526252.7295613,0,adjusted_gross_income/amount
5001800US3605,NY-05,50000.0,75000.0,3657860087.0857396,0,adjusted_gross_income/amount
5001800US3605,NY-05,75000.0,100000.0,2986935153.95213,0,adjusted_gross_income/amount
5001800US3605,NY-05,100000.0,200000.0,5916347201.016898,0,adjusted_gross_income/amount
5001800US3605,NY-05,200000.0,500000.0,2558195513.1534777,0,adjusted_gross_income/amount
5001800US3605,NY-05,500000.0,inf,1294809242.570126,0,adjusted_gross_income/amount
5001800US3605,NY-05,-inf,1.0,5421.487175220244,1,adjusted_gross_income/count
5001800US3605,NY-05,1.0,10000.0,47836.271265357005,1,adjusted_gross_income/count
5001800US3605,NY-05,10000.0,25000.0,69068.7683202915,1,adjusted_gross_income/count
5001800US3605,NY-05,25000.0,50000.0,89910.58918474986,1,adjusted_gross_income/count
5001800US3605,NY-05,50000.0,75000.0,59528.72880666416,1,adjusted_gross_income/count
5001800US3605,NY-05,75000.0,100000.0,34564.17440942221,1,adjusted_gross_income/count
5001800US3605,NY-05,100000.0,200000.0,44220.138435511566,1,adjusted_gross_income/count
5001800US3605,NY-05,200000.0,500000.0,9397.739195644006,1,adjusted_gross_income/count
5001800US3605,NY-05,500000.0,inf,1177.4437072945523,1,adjusted_gross_income/count
5001800US3606,NY-06,-inf,1.0,-284227869.1869196,0,adjusted_gross_income/amount
5001800US3606,NY-06,1.0,10000.0,301769457.89359725,0,adjusted_gross_income/amount
5001800US3606,NY-06,10000.0,25000.0,1343552012.6649668,0,adjusted_gross_income/amount
5001800US3606,NY-06,25000.0,50000.0,2873567827.8517666,0,adjusted_gross_income/amount
5001800US3606,NY-06,50000.0,75000.0,3244264620.862342,0,adjusted_gross_income/amount
5001800US3606,NY-06,75000.0,100000.0,2959938210.6889553,0,adjusted_gross_income/amount
5001800US3606,NY-06,100000.0,200000.0,7027429427.510956,0,adjusted_gross_income/amount
5001800US3606,NY-06,200000.0,500000.0,4434771821.025348,0,adjusted_gross_income/amount
5001800US3606,NY-06,500000.0,inf,2069816191.1406798,0,adjusted_gross_income/amount
5001800US3606,NY-06,-inf,1.0,7256.6790697006145,1,adjusted_gross_income/count
5001800US3606,NY-06,1.0,10000.0,62535.17973807303,1,adjusted_gross_income/count
5001800US3606,NY-06,10000.0,25000.0,79774.04788991003,1,adjusted_gross_income/count
5001800US3606,NY-06,25000.0,50000.0,78981.24243576427,1,adjusted_gross_income/count
5001800US3606,NY-06,50000.0,75000.0,52483.47943850425,1,adjusted_gross_income/count
5001800US3606,NY-06,75000.0,100000.0,34176.33006102308,1,adjusted_gross_income/count
5001800US3606,NY-06,100000.0,200000.0,51597.5936153671,1,adjusted_gross_income/count
5001800US3606,NY-06,200000.0,500000.0,15901.200948385072,1,adjusted_gross_income/count
5001800US3606,NY-06,500000.0,inf,2088.7820667066226,1,adjusted_gross_income/count
5001800US3607,NY-07,-inf,1.0,-1176631985.44002,0,adjusted_gross_income/amount
5001800US3607,NY-07,1.0,10000.0,224722370.40040982,0,adjusted_gross_income/amount
5001800US3607,NY-07,10000.0,25000.0,1208735772.6609733,0,adjusted_gross_income/amount
5001800US3607,NY-07,25000.0,50000.0,2812762699.2266,0,adjusted_gross_income/amount
5001800US3607,NY-07,50000.0,75000.0,3258070983.707283,0,adjusted_gross_income/amount
5001800US3607,NY-07,75000.0,100000.0,2943151183.1359735,0,adjusted_gross_income/amount
5001800US3607,NY-07,100000.0,200000.0,7456543397.08455,0,adjusted_gross_income/amount
5001800US3607,NY-07,200000.0,500000.0,8186209189.075838,0,adjusted_gross_income/amount
5001800US3607,NY-07,500000.0,inf,20643962626.273914,0,adjusted_gross_income/amount
5001800US3607,NY-07,-inf,1.0,7367.324443591085,1,adjusted_gross_income/count
5001800US3607,NY-07,1.0,10000.0,46696.89289339854,1,adjusted_gross_income/count
5001800US3607,NY-07,10000.0,25000.0,71382.48925861705,1,adjusted_gross_income/count
5001800US3607,NY-07,25000.0,50000.0,76998.08499529843,1,adjusted_gross_income/count
5001800US3607,NY-07,50000.0,75000.0,52704.727979225216,1,adjusted_gross_income/count
5001800US3607,NY-07,75000.0,100000.0,34019.12818501338,1,adjusted_gross_income/count
5001800US3607,NY-07,100000.0,200000.0,53900.314561435356,1,adjusted_gross_income/count
5001800US3607,NY-07,200000.0,500000.0,27444.208365581577,1,adjusted_gross_income/count
5001800US3607,NY-07,500000.0,inf,10616.89580192314,1,adjusted_gross_income/count
5001800US3608,NY-08,-inf,1.0,-369009902.33563733,0,adjusted_gross_income/amount
5001800US3608,NY-08,1.0,10000.0,213129629.60862127,0,adjusted_gross_income/amount
5001800US3608,NY-08,10000.0,25000.0,1175333869.465768,0,adjusted_gross_income/amount
5001800US3608,NY-08,25000.0,50000.0,3154472904.485235,0,adjusted_gross_income/amount
5001800US3608,NY-08,50000.0,75000.0,3595643345.5583835,0,adjusted_gross_income/amount
5001800US3608,NY-08,75000.0,100000.0,3008505630.4792156,0,adjusted_gross_income/amount
5001800US3608,NY-08,100000.0,200000.0,6510746144.288925,0,adjusted_gross_income/amount
5001800US3608,NY-08,200000.0,500000.0,4756808881.263921,0,adjusted_gross_income/amount
5001800US3608,NY-08,500000.0,inf,4782440850.464622,0,adjusted_gross_income/amount
5001800US3608,NY-08,-inf,1.0,6434.018645423275,1,adjusted_gross_income/count
5001800US3608,NY-08,1.0,10000.0,43725.50786636679,1,adjusted_gross_income/count
5001800US3608,NY-08,10000.0,25000.0,69050.92818717819,1,adjusted_gross_income/count
5001800US3608,NY-08,25000.0,50000.0,85498.56941557676,1,adjusted_gross_income/count
5001800US3608,NY-08,50000.0,75000.0,58388.59732784271,1,adjusted_gross_income/count
5001800US3608,NY-08,75000.0,100000.0,34837.6225622244,1,adjusted_gross_income/count
5001800US3608,NY-08,100000.0,200000.0,47870.912914586144,1,adjusted_gross_income/count
5001800US3608,NY-08,200000.0,500000.0,16555.460650301735,1,adjusted_gross_income/count
5001800US3608,NY-08,500000.0,inf,3777.9199095539707,1,adjusted_gross_income/count
5001800US3609,NY-09,-inf,1.0,-1121464259.0624225,0,adjusted_gross_income/amount
5001800US3609,NY-09,1.0,10000.0,211373699.93470883,0,adjusted_gross_income/amount
5001800US3609,NY-09,10000.0,25000.0,1116394793.9371662,0,adjusted_gross_income/amount
5001800US3609,NY-09,25000.0,50000.0,3019973746.0232453,0,adjusted_gross_income/amount
5001800US3609,NY-09,50000.0,75000.0,3544068414.2017756,0,adjusted_gross_income/amount
5001800US3609,NY-09,75000.0,100000.0,3128283019.663312,0,adjusted_gross_income/amount
5001800US3609,NY-09,100000.0,200000.0,7449024226.647894,0,adjusted_gross_income/amount
5001800US3609,NY-09,200000.0,500000.0,7800915277.985686,0,adjusted_gross_income/amount
5001800US3609,NY-09,500000.0,inf,21642647573.11659,0,adjusted_gross_income/amount
5001800US3609,NY-09,-inf,1.0,7995.316019302952,1,adjusted_gross_income/count
5001800US3609,NY-09,1.0,10000.0,44016.94079288688,1,adjusted_gross_income/count
5001800US3609,NY-09,10000.0,25000.0,65417.09507304016,1,adjusted_gross_income/count
5001800US3609,NY-09,25000.0,50000.0,81898.61367871244,1,adjusted_gross_income/count
5001800US3609,NY-09,50000.0,75000.0,57432.44483051947,1,adjusted_gross_income/count
5001800US3609,NY-09,75000.0,100000.0,36202.66587169749,1,adjusted_gross_income/count
5001800US3609,NY-09,100000.0,200000.0,54033.62190395492,1,adjusted_gross_income/count
5001800US3609,NY-09,200000.0,500000.0,26245.119870045768,1,adjusted_gross_income/count
5001800US3609,NY-09,500000.0,inf,10335.173498050715,1,adjusted_gross_income/count
5001800US3610,NY-10,-inf,1.0,-1919647294.902971,0,adjusted_gross_income/amount
5001800US3610,NY-10,1.0,10000.0,194712145.86977705,0,adjusted_gross_income/amount
5001800US3610,NY-10,10000.0,25000.0,1046979501.2590756,0,adjusted_gross_income/amount
5001800US3610,NY-10,25000.0,50000.0,2474659102.1901746,0,adjusted_gross_income/amount
5001800US3610,NY-10,50000.0,75000.0,2951499299.76957,0,adjusted_gross_income/amount
5001800US3610,NY-10,75000.0,100000.0,2830012296.727774,0,adjusted_gross_income/amount
5001800US3610,NY-10,100000.0,200000.0,8028443372.193638,0,adjusted_gross_income/amount
5001800US3610,NY-10,200000.0,500000.0,10874511563.856377,0,adjusted_gross_income/amount
5001800US3610,NY-10,500000.0,inf,39192457209.60427,0,adjusted_gross_income/amount
5001800US3610,NY-10,-inf,1.0,9151.855056487555,1,adjusted_gross_income/count
5001800US3610,NY-10,1.0,10000.0,40979.47388073928,1,adjusted_gross_income/count
5001800US3610,NY-10,10000.0,25000.0,61647.69769200043,1,adjusted_gross_income/count
5001800US3610,NY-10,25000.0,50000.0,67713.47256202936,1,adjusted_gross_income/count
5001800US3610,NY-10,50000.0,75000.0,47661.875268309675,1,adjusted_gross_income/count
5001800US3610,NY-10,75000.0,100000.0,32676.80294689504,1,adjusted_gross_income/count
5001800US3610,NY-10,100000.0,200000.0,57394.75241703912,1,adjusted_gross_income/count
5001800US3610,NY-10,200000.0,500000.0,35948.41079788072,1,adjusted_gross_income/count
5001800US3610,NY-10,500000.0,inf,17050.473011470698,1,adjusted_gross_income/count
5001800US3611,NY-11,-inf,1.0,-1096119124.474778,0,adjusted_gross_income/amount
5001800US3611,NY-11,1.0,10000.0,245904894.93643188,0,adjusted_gross_income/amount
5001800US3611,NY-11,10000.0,25000.0,1238096015.1929305,0,adjusted_gross_income/amount
5001800US3611,NY-11,25000.0,50000.0,2951398231.1319137,0,adjusted_gross_income/amount
5001800US3611,NY-11,50000.0,75000.0,3449767632.611746,0,adjusted_gross_income/amount
5001800US3611,NY-11,75000.0,100000.0,3459811581.723735,0,adjusted_gross_income/amount
5001800US3611,NY-11,100000.0,200000.0,9863127749.013405,0,adjusted_gross_income/amount
5001800US3611,NY-11,200000.0,500000.0,8436997795.279821,0,adjusted_gross_income/amount
5001800US3611,NY-11,500000.0,inf,19481487241.51492,0,adjusted_gross_income/amount
5001800US3611,NY-11,-inf,1.0,10340.032124851034,1,adjusted_gross_income/count
5001800US3611,NY-11,1.0,10000.0,51730.30230350314,1,adjusted_gross_income/count
5001800US3611,NY-11,10000.0,25000.0,72826.2894110697,1,adjusted_gross_income/count
5001800US3611,NY-11,25000.0,50000.0,80675.1464263899,1,adjusted_gross_income/count
5001800US3611,NY-11,50000.0,75000.0,55772.864798478775,1,adjusted_gross_income/count
5001800US3611,NY-11,75000.0,100000.0,39861.269704813516,1,adjusted_gross_income/count
5001800US3611,NY-11,100000.0,200000.0,71123.52008734492,1,adjusted_gross_income/count
5001800US3611,NY-11,200000.0,500000.0,29503.04455720238,1,adjusted_gross_income/count
5001800US3611,NY-11,500000.0,inf,8543.18756317526,1,adjusted_gross_income/count
5001800US3612,NY-12,-inf,1.0,-3875196110.511857,0,adjusted_gross_income/amount
5001800US3612,NY-12,1.0,10000.0,152977411.4984271,0,adjusted_gross_income/amount
5001800US3612,NY-12,10000.0,25000.0,703431597.8560205,0,adjusted_gross_income/amount
5001800US3612,NY-12,25000.0,50000.0,1908361111.2546546,0,adjusted_gross_income/amount
5001800US3612,NY-12,50000.0,75000.0,2928654173.456186,0,adjusted_gross_income/amount
5001800US3612,NY-12,75000.0,100000.0,3399466578.5626063,0,adjusted_gross_income/amount
5001800US3612,NY-12,100000.0,200000.0,11348293627.684425,0,adjusted_gross_income/amount
5001800US3612,NY-12,200000.0,500000.0,17235531644.913994,0,adjusted_gross_income/amount
5001800US3612,NY-12,500000.0,inf,72756075816.70978,0,adjusted_gross_income/amount
5001800US3612,NY-12,-inf,1.0,10820.462960568857,1,adjusted_gross_income/count
5001800US3612,NY-12,1.0,10000.0,33364.877255825704,1,adjusted_gross_income/count
5001800US3612,NY-12,10000.0,25000.0,41193.16642457033,1,adjusted_gross_income/count
5001800US3612,NY-12,25000.0,50000.0,51594.43167731776,1,adjusted_gross_income/count
5001800US3612,NY-12,50000.0,75000.0,46900.80344019705,1,adjusted_gross_income/count
5001800US3612,NY-12,75000.0,100000.0,39146.334424349996,1,adjusted_gross_income/count
5001800US3612,NY-12,100000.0,200000.0,80321.22161776244,1,adjusted_gross_income/count
5001800US3612,NY-12,200000.0,500000.0,56686.35926277155,1,adjusted_gross_income/count
5001800US3612,NY-12,500000.0,inf,29004.53065748248,1,adjusted_gross_income/count
5001800US3613,NY-13,-inf,1.0,-269305336.3815738,0,adjusted_gross_income/amount
5001800US3613,NY-13,1.0,10000.0,252940094.3533042,0,adjusted_gross_income/amount
5001800US3613,NY-13,10000.0,25000.0,1503980096.9078906,0,adjusted_gross_income/amount
5001800US3613,NY-13,25000.0,50000.0,3621833833.8527517,0,adjusted_gross_income/amount
5001800US3613,NY-13,50000.0,75000.0,3531755835.1004186,0,adjusted_gross_income/amount
5001800US3613,NY-13,75000.0,100000.0,2494458770.7141075,0,adjusted_gross_income/amount
5001800US3613,NY-13,100000.0,200000.0,4406988654.735293,0,adjusted_gross_income/amount
5001800US3613,NY-13,200000.0,500000.0,2993644927.7741675,0,adjusted_gross_income/amount
5001800US3613,NY-13,500000.0,inf,4715533551.352024,0,adjusted_gross_income/amount
5001800US3613,NY-13,-inf,1.0,13460.1914028304,1,adjusted_gross_income/count
5001800US3613,NY-13,1.0,10000.0,54116.72512828079,1,adjusted_gross_income/count
5001800US3613,NY-13,10000.0,25000.0,89064.37921847147,1,adjusted_gross_income/count
5001800US3613,NY-13,25000.0,50000.0,99194.05081213676,1,adjusted_gross_income/count
5001800US3613,NY-13,50000.0,75000.0,57625.73043574005,1,adjusted_gross_income/count
5001800US3613,NY-13,75000.0,100000.0,28975.749406191484,1,adjusted_gross_income/count
5001800US3613,NY-13,100000.0,200000.0,32845.4565960939,1,adjusted_gross_income/count
5001800US3613,NY-13,200000.0,500000.0,10286.21190236035,1,adjusted_gross_income/count
5001800US3613,NY-13,500000.0,inf,2765.3256062621963,1,adjusted_gross_income/count
5001800US3614,NY-14,-inf,1.0,-634758715.8695647,0,adjusted_gross_income/amount
5001800US3614,NY-14,1.0,10000.0,258855936.0545887,0,adjusted_gross_income/amount
5001800US3614,NY-14,10000.0,25000.0,1388817786.0946908,0,adjusted_gross_income/amount
5001800US3614,NY-14,25000.0,50000.0,3249963446.6009235,0,adjusted_gross_income/amount
5001800US3614,NY-14,50000.0,75000.0,3381034243.3561273,0,adjusted_gross_income/amount
5001800US3614,NY-14,75000.0,100000.0,2636377903.543781,0,adjusted_gross_income/amount
5001800US3614,NY-14,100000.0,200000.0,5307095704.823056,0,adjusted_gross_income/amount
5001800US3614,NY-14,200000.0,500000.0,3995257932.528294,0,adjusted_gross_income/amount
5001800US3614,NY-14,500000.0,inf,10298970682.854563,0,adjusted_gross_income/amount
5001800US3614,NY-14,-inf,1.0,8934.81249116172,1,adjusted_gross_income/count
5001800US3614,NY-14,1.0,10000.0,54420.86018842809,1,adjusted_gross_income/count
5001800US3614,NY-14,10000.0,25000.0,82261.15631025637,1,adjusted_gross_income/count
5001800US3614,NY-14,25000.0,50000.0,89040.09421959665,1,adjusted_gross_income/count
5001800US3614,NY-14,50000.0,75000.0,54996.99811226332,1,adjusted_gross_income/count
5001800US3614,NY-14,75000.0,100000.0,30567.460740837614,1,adjusted_gross_income/count
5001800US3614,NY-14,100000.0,200000.0,39168.78714882724,1,adjusted_gross_income/count
5001800US3614,NY-14,200000.0,500000.0,13763.038567570502,1,adjusted_gross_income/count
5001800US3614,NY-14,500000.0,inf,4528.2024097155745,1,adjusted_gross_income/count
5001800US3615,NY-15,-inf,1.0,-172473533.8291264,0,adjusted_gross_income/amount
5001800US3615,NY-15,1.0,10000.0,246810622.61295387,0,adjusted_gross_income/amount
5001800US3615,NY-15,10000.0,25000.0,1479343532.2411032,0,adjusted_gross_income/amount
5001800US3615,NY-15,25000.0,50000.0,3398710999.3819394,0,adjusted_gross_income/amount
5001800US3615,NY-15,50000.0,75000.0,3209047824.2722344,0,adjusted_gross_income/amount
5001800US3615,NY-15,75000.0,100000.0,2235145278.956332,0,adjusted_gross_income/amount
5001800US3615,NY-15,100000.0,200000.0,4029255764.523772,0,adjusted_gross_income/amount
5001800US3615,NY-15,200000.0,500000.0,3010300827.0777793,0,adjusted_gross_income/amount
5001800US3615,NY-15,500000.0,inf,8670889842.178274,0,adjusted_gross_income/amount
5001800US3615,NY-15,-inf,1.0,10073.351745456119,1,adjusted_gross_income/count
5001800US3615,NY-15,1.0,10000.0,51287.81015700774,1,adjusted_gross_income/count
5001800US3615,NY-15,10000.0,25000.0,87851.15216872776,1,adjusted_gross_income/count
5001800US3615,NY-15,25000.0,50000.0,93173.25848994339,1,adjusted_gross_income/count
5001800US3615,NY-15,50000.0,75000.0,52449.675376732725,1,adjusted_gross_income/count
5001800US3615,NY-15,75000.0,100000.0,25968.65769143812,1,adjusted_gross_income/count
5001800US3615,NY-15,100000.0,200000.0,30001.611423585044,1,adjusted_gross_income/count
5001800US3615,NY-15,200000.0,500000.0,10188.877387775405,1,adjusted_gross_income/count
5001800US3615,NY-15,500000.0,inf,4587.661798119769,1,adjusted_gross_income/count
5001800US3616,NY-16,-inf,1.0,-622964250.0155213,0,adjusted_gross_income/amount
5001800US3616,NY-16,1.0,10000.0,192318463.21378276,0,adjusted_gross_income/amount
5001800US3616,NY-16,10000.0,25000.0,948371829.7554609,0,adjusted_gross_income/amount
5001800US3616,NY-16,25000.0,50000.0,2582583695.5248957,0,adjusted_gross_income/amount
5001800US3616,NY-16,50000.0,75000.0,3293338203.1597176,0,adjusted_gross_income/amount
5001800US3616,NY-16,75000.0,100000.0,3074276520.9524803,0,adjusted_gross_income/amount
5001800US3616,NY-16,100000.0,200000.0,8479892030.523658,0,adjusted_gross_income/amount
5001800US3616,NY-16,200000.0,500000.0,9885719826.92534,0,adjusted_gross_income/amount
5001800US3616,NY-16,500000.0,inf,27160994878.71569,0,adjusted_gross_income/amount
5001800US3616,NY-16,-inf,1.0,7570.368139325543,1,adjusted_gross_income/count
5001800US3616,NY-16,1.0,10000.0,39765.04127206188,1,adjusted_gross_income/count
5001800US3616,NY-16,10000.0,25000.0,55747.496433166074,1,adjusted_gross_income/count
5001800US3616,NY-16,25000.0,50000.0,69728.1909697042,1,adjusted_gross_income/count
5001800US3616,NY-16,50000.0,75000.0,53296.72619951735,1,adjusted_gross_income/count
5001800US3616,NY-16,75000.0,100000.0,35503.07690791157,1,adjusted_gross_income/count
5001800US3616,NY-16,100000.0,200000.0,61129.67285051259,1,adjusted_gross_income/count
5001800US3616,NY-16,200000.0,500000.0,33013.23631981247,1,adjusted_gross_income/count
5001800US3616,NY-16,500000.0,inf,15145.383591579897,1,adjusted_gross_income/count
5001800US3617,NY-17,-inf,1.0,-763642230.7228159,0,adjusted_gross_income/amount
5001800US3617,NY-17,1.0,10000.0,180301268.6544719,0,adjusted_gross_income/amount
5001800US3617,NY-17,10000.0,25000.0,829713013.3016632,0,adjusted_gross_income/amount
5001800US3617,NY-17,25000.0,50000.0,2311405269.902861,0,adjusted_gross_income/amount
5001800US3617,NY-17,50000.0,75000.0,2920978587.3224244,0,adjusted_gross_income/amount
5001800US3617,NY-17,75000.0,100000.0,3005869963.4116383,0,adjusted_gross_income/amount
5001800US3617,NY-17,100000.0,200000.0,10093111347.353277,0,adjusted_gross_income/amount
5001800US3617,NY-17,200000.0,500000.0,11842573167.079008,0,adjusted_gross_income/amount
5001800US3617,NY-17,500000.0,inf,17238910985.29659,0,adjusted_gross_income/amount
5001800US3617,NY-17,-inf,1.0,6093.974437720888,1,adjusted_gross_income/count
5001800US3617,NY-17,1.0,10000.0,36903.45868751777,1,adjusted_gross_income/count
5001800US3617,NY-17,10000.0,25000.0,48443.56046313746,1,adjusted_gross_income/count
5001800US3617,NY-17,25000.0,50000.0,62545.996358998316,1,adjusted_gross_income/count
5001800US3617,NY-17,50000.0,75000.0,47206.64403326591,1,adjusted_gross_income/count
5001800US3617,NY-17,75000.0,100000.0,34626.10766636112,1,adjusted_gross_income/count
5001800US3617,NY-17,100000.0,200000.0,71680.96481582553,1,adjusted_gross_income/count
5001800US3617,NY-17,200000.0,500000.0,40514.00947703729,1,adjusted_gross_income/count
5001800US3617,NY-17,500000.0,inf,12115.522532997671,1,adjusted_gross_income/count
5001800US3618,NY-18,-inf,1.0,-374340490.6185838,0,adjusted_gross_income/amount
5001800US3618,NY-18,1.0,10000.0,204744225.9002694,0,adjusted_gross_income/amount
5001800US3618,NY-18,10000.0,25000.0,960448678.4130994,0,adjusted_gross_income/amount
5001800US3618,NY-18,25000.0,50000.0,2912985648.141576,0,adjusted_gross_income/amount
5001800US3618,NY-18,50000.0,75000.0,3620888987.3333592,0,adjusted_gross_income/amount
5001800US3618,NY-18,75000.0,100000.0,3668051309.91142,0,adjusted_gross_income/amount
5001800US3618,NY-18,100000.0,200000.0,11184552896.615961,0,adjusted_gross_income/amount
5001800US3618,NY-18,200000.0,500000.0,8699369244.421854,0,adjusted_gross_income/amount
5001800US3618,NY-18,500000.0,inf,9635870399.02094,0,adjusted_gross_income/amount
5001800US3618,NY-18,-inf,1.0,6142.364122155378,1,adjusted_gross_income/count
5001800US3618,NY-18,1.0,10000.0,40796.326503150514,1,adjusted_gross_income/count
5001800US3618,NY-18,10000.0,25000.0,55974.444893810774,1,adjusted_gross_income/count
5001800US3618,NY-18,25000.0,50000.0,78561.94854211349,1,adjusted_gross_income/count
5001800US3618,NY-18,50000.0,75000.0,58606.00282829557,1,adjusted_gross_income/count
5001800US3618,NY-18,75000.0,100000.0,42230.387618419416,1,adjusted_gross_income/count
5001800US3618,NY-18,100000.0,200000.0,80490.93712140678,1,adjusted_gross_income/count
5001800US3618,NY-18,200000.0,500000.0,30797.468494687757,1,adjusted_gross_income/count
5001800US3618,NY-18,500000.0,inf,6721.673170024363,1,adjusted_gross_income/count
5001800US3619,NY-19,-inf,1.0,-224631550.03147143,0,adjusted_gross_income/amount
5001800US3619,NY-19,1.0,10000.0,181820455.57043213,0,adjusted_gross_income/amount
5001800US3619,NY-19,10000.0,25000.0,894420764.039384,0,adjusted_gross_income/amount
5001800US3619,NY-19,25000.0,50000.0,2944665320.4069204,0,adjusted_gross_income/amount
5001800US3619,NY-19,50000.0,75000.0,3315205961.078995,0,adjusted_gross_income/amount
5001800US3619,NY-19,75000.0,100000.0,3072135293.33456,0,adjusted_gross_income/amount
5001800US3619,NY-19,100000.0,200000.0,7621236863.115301,0,adjusted_gross_income/amount
5001800US3619,NY-19,200000.0,500000.0,4069323726.496651,0,adjusted_gross_income/amount
5001800US3619,NY-19,500000.0,inf,3638651751.3704386,0,adjusted_gross_income/amount
5001800US3619,NY-19,-inf,1.0,5233.178843589235,1,adjusted_gross_income/count
5001800US3619,NY-19,1.0,10000.0,35381.71018326498,1,adjusted_gross_income/count
5001800US3619,NY-19,10000.0,25000.0,51887.230103355796,1,adjusted_gross_income/count
5001800US3619,NY-19,25000.0,50000.0,79468.30037659792,1,adjusted_gross_income/count
5001800US3619,NY-19,50000.0,75000.0,53834.94791718538,1,adjusted_gross_income/count
5001800US3619,NY-19,75000.0,100000.0,35435.12121400943,1,adjusted_gross_income/count
5001800US3619,NY-19,100000.0,200000.0,56004.86980607447,1,adjusted_gross_income/count
5001800US3619,NY-19,200000.0,500000.0,14626.100138394226,1,adjusted_gross_income/count
5001800US3619,NY-19,500000.0,inf,2710.5495484981393,1,adjusted_gross_income/count
5001800US3620,NY-20,-inf,1.0,-165404257.71127957,0,adjusted_gross_income/amount
5001800US3620,NY-20,1.0,10000.0,188593178.72255734,0,adjusted_gross_income/amount
5001800US3620,NY-20,10000.0,25000.0,904464939.8937268,0,adjusted_gross_income/amount
5001800US3620,NY-20,25000.0,50000.0,3135279726.6387,0,adjusted_gross_income/amount
5001800US3620,NY-20,50000.0,75000.0,3884156543.1708684,0,adjusted_gross_income/amount
5001800US3620,NY-20,75000.0,100000.0,3643973492.0925846,0,adjusted_gross_income/amount
5001800US3620,NY-20,100000.0,200000.0,10028250468.960457,0,adjusted_gross_income/amount
5001800US3620,NY-20,200000.0,500000.0,6360814624.881041,0,adjusted_gross_income/amount
5001800US3620,NY-20,500000.0,inf,8861334217.568531,0,adjusted_gross_income/amount
5001800US3620,NY-20,-inf,1.0,4025.8372806760785,1,adjusted_gross_income/count
5001800US3620,NY-20,1.0,10000.0,36491.23816888553,1,adjusted_gross_income/count
5001800US3620,NY-20,10000.0,25000.0,52523.15805355064,1,adjusted_gross_income/count
5001800US3620,NY-20,25000.0,50000.0,84093.50548395899,1,adjusted_gross_income/count
5001800US3620,NY-20,50000.0,75000.0,63002.81015110459,1,adjusted_gross_income/count
5001800US3620,NY-20,75000.0,100000.0,42034.20940265353,1,adjusted_gross_income/count
5001800US3620,NY-20,100000.0,200000.0,72473.53041361358,1,adjusted_gross_income/count
5001800US3620,NY-20,200000.0,500000.0,22879.11489411075,1,adjusted_gross_income/count
5001800US3620,NY-20,500000.0,inf,4071.9635697871067,1,adjusted_gross_income/count
5001800US3621,NY-21,-inf,1.0,-196318151.2470087,0,adjusted_gross_income/amount
5001800US3621,NY-21,1.0,10000.0,201093435.01751757,0,adjusted_gross_income/amount
5001800US3621,NY-21,10000.0,25000.0,987771202.1453922,0,adjusted_gross_income/amount
5001800US3621,NY-21,25000.0,50000.0,3389335851.2556963,0,adjusted_gross_income/amount
5001800US3621,NY-21,50000.0,75000.0,3788105663.9443707,0,adjusted_gross_income/amount
5001800US3621,NY-21,75000.0,100000.0,3446644811.232027,0,adjusted_gross_income/amount
5001800US3621,NY-21,100000.0,200000.0,8046025737.756018,0,adjusted_gross_income/amount
5001800US3621,NY-21,200000.0,500000.0,3538147113.644255,0,adjusted_gross_income/amount
5001800US3621,NY-21,500000.0,inf,2586451480.848878,0,adjusted_gross_income/amount
5001800US3621,NY-21,-inf,1.0,5357.5450578893615,1,adjusted_gross_income/count
5001800US3621,NY-21,1.0,10000.0,38394.47093248263,1,adjusted_gross_income/count
5001800US3621,NY-21,10000.0,25000.0,57081.225052151654,1,adjusted_gross_income/count
5001800US3621,NY-21,25000.0,50000.0,91478.68128539532,1,adjusted_gross_income/count
5001800US3621,NY-21,50000.0,75000.0,61620.802558073374,1,adjusted_gross_income/count
5001800US3621,NY-21,75000.0,100000.0,39775.92321202982,1,adjusted_gross_income/count
5001800US3621,NY-21,100000.0,200000.0,59618.50726420318,1,adjusted_gross_income/count
5001800US3621,NY-21,200000.0,500000.0,12878.343957751691,1,adjusted_gross_income/count
5001800US3621,NY-21,500000.0,inf,2083.5124077939713,1,adjusted_gross_income/count
5001800US3622,NY-22,-inf,1.0,-119606544.74208121,0,adjusted_gross_income/amount
5001800US3622,NY-22,1.0,10000.0,200398218.99895638,0,adjusted_gross_income/amount
5001800US3622,NY-22,10000.0,25000.0,987852654.3731256,0,adjusted_gross_income/amount
5001800US3622,NY-22,25000.0,50000.0,3284214274.059636,0,adjusted_gross_income/amount
5001800US3622,NY-22,50000.0,75000.0,3631417839.286676,0,adjusted_gross_income/amount
5001800US3622,NY-22,75000.0,100000.0,3237423816.2763233,0,adjusted_gross_income/amount
5001800US3622,NY-22,100000.0,200000.0,8153563748.873553,0,adjusted_gross_income/amount
5001800US3622,NY-22,200000.0,500000.0,4125133347.2584877,0,adjusted_gross_income/amount
5001800US3622,NY-22,500000.0,inf,2930730474.7201767,0,adjusted_gross_income/amount
5001800US3622,NY-22,-inf,1.0,4098.860238822931,1,adjusted_gross_income/count
5001800US3622,NY-22,1.0,10000.0,38260.12976481317,1,adjusted_gross_income/count
5001800US3622,NY-22,10000.0,25000.0,57304.93701245227,1,adjusted_gross_income/count
5001800US3622,NY-22,25000.0,50000.0,88601.56796018041,1,adjusted_gross_income/count
5001800US3622,NY-22,50000.0,75000.0,59104.03618673407,1,adjusted_gross_income/count
5001800US3622,NY-22,75000.0,100000.0,37360.41643237036,1,adjusted_gross_income/count
5001800US3622,NY-22,100000.0,200000.0,59760.47130262488,1,adjusted_gross_income/count
5001800US3622,NY-22,200000.0,500000.0,14907.850214359434,1,adjusted_gross_income/count
5001800US3622,NY-22,500000.0,inf,2444.9475073333447,1,adjusted_gross_income/count
5001800US3623,NY-23,-inf,1.0,-162785420.81060475,0,adjusted_gross_income/amount
5001800US3623,NY-23,1.0,10000.0,208268309.06786788,0,adjusted_gross_income/amount
5001800US3623,NY-23,10000.0,25000.0,1021188778.1452518,0,adjusted_gross_income/amount
5001800US3623,NY-23,25000.0,50000.0,3353060951.6784267,0,adjusted_gross_income/amount
5001800US3623,NY-23,50000.0,75000.0,3748638861.268408,0,adjusted_gross_income/amount
5001800US3623,NY-23,75000.0,100000.0,3483468561.6773243,0,adjusted_gross_income/amount
5001800US3623,NY-23,100000.0,200000.0,8508828814.050266,0,adjusted_gross_income/amount
5001800US3623,NY-23,200000.0,500000.0,4419233674.307343,0,adjusted_gross_income/amount
5001800US3623,NY-23,500000.0,inf,3383688212.688028,0,adjusted_gross_income/amount
5001800US3623,NY-23,-inf,1.0,4706.711004641039,1,adjusted_gross_income/count
5001800US3623,NY-23,1.0,10000.0,40021.15506842144,1,adjusted_gross_income/count
5001800US3623,NY-23,10000.0,25000.0,59184.0888995118,1,adjusted_gross_income/count
5001800US3623,NY-23,25000.0,50000.0,90576.70512889771,1,adjusted_gross_income/count
5001800US3623,NY-23,50000.0,75000.0,60851.77896903944,1,adjusted_gross_income/count
5001800US3623,NY-23,75000.0,100000.0,40164.56775657704,1,adjusted_gross_income/count
5001800US3623,NY-23,100000.0,200000.0,62758.97332902836,1,adjusted_gross_income/count
5001800US3623,NY-23,200000.0,500000.0,15779.481328521342,1,adjusted_gross_income/count
5001800US3623,NY-23,500000.0,inf,2730.3719218499477,1,adjusted_gross_income/count
5001800US3624,NY-24,-inf,1.0,-147414493.24422416,0,adjusted_gross_income/amount
5001800US3624,NY-24,1.0,10000.0,177491699.00965595,0,adjusted_gross_income/amount
5001800US3624,NY-24,10000.0,25000.0,841766436.3984257,0,adjusted_gross_income/amount
5001800US3624,NY-24,25000.0,50000.0,2807869347.2278657,0,adjusted_gross_income/amount
5001800US3624,NY-24,50000.0,75000.0,3264772704.0629764,0,adjusted_gross_income/amount
5001800US3624,NY-24,75000.0,100000.0,3082345378.5260053,0,adjusted_gross_income/amount
5001800US3624,NY-24,100000.0,200000.0,8036880932.488087,0,adjusted_gross_income/amount
5001800US3624,NY-24,200000.0,500000.0,4287094112.8171463,0,adjusted_gross_income/amount
5001800US3624,NY-24,500000.0,inf,3410099209.1392074,0,adjusted_gross_income/amount
5001800US3624,NY-24,-inf,1.0,3864.9412745476657,1,adjusted_gross_income/count
5001800US3624,NY-24,1.0,10000.0,33997.969769034025,1,adjusted_gross_income/count
5001800US3624,NY-24,10000.0,25000.0,48837.36162710358,1,adjusted_gross_income/count
5001800US3624,NY-24,25000.0,50000.0,75564.34224529895,1,adjusted_gross_income/count
5001800US3624,NY-24,50000.0,75000.0,52998.585960583165,1,adjusted_gross_income/count
5001800US3624,NY-24,75000.0,100000.0,35518.344062863885,1,adjusted_gross_income/count
5001800US3624,NY-24,100000.0,200000.0,58914.970631902695,1,adjusted_gross_income/count
5001800US3624,NY-24,200000.0,500000.0,15376.354258057638,1,adjusted_gross_income/count
5001800US3624,NY-24,500000.0,inf,2682.9411215703126,1,adjusted_gross_income/count
5001800US3625,NY-25,-inf,1.0,-183083130.36236042,0,adjusted_gross_income/amount
5001800US3625,NY-25,1.0,10000.0,200394977.7756215,0,adjusted_gross_income/amount
5001800US3625,NY-25,10000.0,25000.0,994125897.0848216,0,adjusted_gross_income/amount
5001800US3625,NY-25,25000.0,50000.0,3263247536.6441445,0,adjusted_gross_income/amount
5001800US3625,NY-25,50000.0,75000.0,3564908995.915296,0,adjusted_gross_income/amount
5001800US3625,NY-25,75000.0,100000.0,3183733492.2099867,0,adjusted_gross_income/amount
5001800US3625,NY-25,100000.0,200000.0,8445064982.212298,0,adjusted_gross_income/amount
5001800US3625,NY-25,200000.0,500000.0,5238296681.522345,0,adjusted_gross_income/amount
5001800US3625,NY-25,500000.0,inf,3871424885.772789,0,adjusted_gross_income/amount
5001800US3625,NY-25,-inf,1.0,3775.345972784708,1,adjusted_gross_income/count
5001800US3625,NY-25,1.0,10000.0,38299.3776504928,1,adjusted_gross_income/count
5001800US3625,NY-25,10000.0,25000.0,57867.14656293668,1,adjusted_gross_income/count
5001800US3625,NY-25,25000.0,50000.0,87874.25439859225,1,adjusted_gross_income/count
5001800US3625,NY-25,50000.0,75000.0,58009.79699753778,1,adjusted_gross_income/count
5001800US3625,NY-25,75000.0,100000.0,36708.99422218432,1,adjusted_gross_income/count
5001800US3625,NY-25,100000.0,200000.0,61560.780438614216,1,adjusted_gross_income/count
5001800US3625,NY-25,200000.0,500000.0,18572.661870706834,1,adjusted_gross_income/count
5001800US3625,NY-25,500000.0,inf,3265.4466767929866,1,adjusted_gross_income/count
5001800US3626,NY-26,-inf,1.0,-103373838.94868256,0,adjusted_gross_income/amount
5001800US3626,NY-26,1.0,10000.0,200745248.16408038,0,adjusted_gross_income/amount
5001800US3626,NY-26,10000.0,25000.0,1091318469.5123432,0,adjusted_gross_income/amount
5001800US3626,NY-26,25000.0,50000.0,3364598835.1863275,0,adjusted_gross_income/amount
5001800US3626,NY-26,50000.0,75000.0,3466827902.398665,0,adjusted_gross_income/amount
5001800US3626,NY-26,75000.0,100000.0,2919139786.0386033,0,adjusted_gross_income/amount
5001800US3626,NY-26,100000.0,200000.0,6609359826.311621,0,adjusted_gross_income/amount
5001800US3626,NY-26,200000.0,500000.0,3281779376.6072483,0,adjusted_gross_income/amount
5001800US3626,NY-26,500000.0,inf,2998026770.960695,0,adjusted_gross_income/amount
5001800US3626,NY-26,-inf,1.0,3455.569674040602,1,adjusted_gross_income/count
5001800US3626,NY-26,1.0,10000.0,37627.271598368716,1,adjusted_gross_income/count
5001800US3626,NY-26,10000.0,25000.0,63436.00047954208,1,adjusted_gross_income/count
5001800US3626,NY-26,25000.0,50000.0,90889.34710183949,1,adjusted_gross_income/count
5001800US3626,NY-26,50000.0,75000.0,56503.8607703751,1,adjusted_gross_income/count
5001800US3626,NY-26,75000.0,100000.0,33721.08268293818,1,adjusted_gross_income/count
5001800US3626,NY-26,100000.0,200000.0,48833.2013308152,1,adjusted_gross_income/count
5001800US3626,NY-26,200000.0,500000.0,11791.020360209228,1,adjusted_gross_income/count
5001800US3626,NY-26,500000.0,inf,2035.6777276313444,1,adjusted_gross_income/count
5001800US3701,NC-01,-inf,1.0,-204465584.84103912,0,adjusted_gross_income/amount
5001800US3701,NC-01,1.0,10000.0,230183034.2347162,0,adjusted_gross_income/amount
5001800US3701,NC-01,10000.0,25000.0,1380292331.5247116,0,adjusted_gross_income/amount
5001800US3701,NC-01,25000.0,50000.0,3877142567.3291965,0,adjusted_gross_income/amount
5001800US3701,NC-01,50000.0,75000.0,3734366009.3903065,0,adjusted_gross_income/amount
5001800US3701,NC-01,75000.0,100000.0,3218762568.535125,0,adjusted_gross_income/amount
5001800US3701,NC-01,100000.0,200000.0,8164340396.133222,0,adjusted_gross_income/amount
5001800US3701,NC-01,200000.0,500000.0,5464082918.015136,0,adjusted_gross_income/amount
5001800US3701,NC-01,500000.0,inf,5180254363.887446,0,adjusted_gross_income/amount
5001800US3701,NC-01,-inf,1.0,7164.062772191685,1,adjusted_gross_income/count
5001800US3701,NC-01,1.0,10000.0,43191.08847388182,1,adjusted_gross_income/count
5001800US3701,NC-01,10000.0,25000.0,80408.94924096958,1,adjusted_gross_income/count
5001800US3701,NC-01,25000.0,50000.0,106246.79699850683,1,adjusted_gross_income/count
5001800US3701,NC-01,50000.0,75000.0,60878.97944427065,1,adjusted_gross_income/count
5001800US3701,NC-01,75000.0,100000.0,37143.71086194384,1,adjusted_gross_income/count
5001800US3701,NC-01,100000.0,200000.0,59814.26759049586,1,adjusted_gross_income/count
5001800US3701,NC-01,200000.0,500000.0,19179.672723031083,1,adjusted_gross_income/count
5001800US3701,NC-01,500000.0,inf,3873.786054492888,1,adjusted_gross_income/count
5001800US3702,NC-02,-inf,1.0,-201437696.89642233,0,adjusted_gross_income/amount
5001800US3702,NC-02,1.0,10000.0,189789849.8430323,0,adjusted_gross_income/amount
5001800US3702,NC-02,10000.0,25000.0,1015615318.0463313,0,adjusted_gross_income/amount
5001800US3702,NC-02,25000.0,50000.0,3103363038.917197,0,adjusted_gross_income/amount
5001800US3702,NC-02,50000.0,75000.0,3538167368.7406034,0,adjusted_gross_income/amount
5001800US3702,NC-02,75000.0,100000.0,3341338532.4993496,0,adjusted_gross_income/amount
5001800US3702,NC-02,100000.0,200000.0,10964787430.187506,0,adjusted_gross_income/amount
5001800US3702,NC-02,200000.0,500000.0,11475363465.975315,0,adjusted_gross_income/amount
5001800US3702,NC-02,500000.0,inf,10525495914.245695,0,adjusted_gross_income/amount
5001800US3702,NC-02,-inf,1.0,5566.214498133605,1,adjusted_gross_income/count
5001800US3702,NC-02,1.0,10000.0,38340.456087057144,1,adjusted_gross_income/count
5001800US3702,NC-02,10000.0,25000.0,59255.757267811336,1,adjusted_gross_income/count
5001800US3702,NC-02,25000.0,50000.0,84034.38154376391,1,adjusted_gross_income/count
5001800US3702,NC-02,50000.0,75000.0,57415.33733691059,1,adjusted_gross_income/count
5001800US3702,NC-02,75000.0,100000.0,38498.36789333284,1,adjusted_gross_income/count
5001800US3702,NC-02,100000.0,200000.0,77985.50092101842,1,adjusted_gross_income/count
5001800US3702,NC-02,200000.0,500000.0,39447.7332649839,1,adjusted_gross_income/count
5001800US3702,NC-02,500000.0,inf,8141.071782112836,1,adjusted_gross_income/count
5001800US3703,NC-03,-inf,1.0,-138170098.31676364,0,adjusted_gross_income/amount
5001800US3703,NC-03,1.0,10000.0,153940754.3021089,0,adjusted_gross_income/amount
5001800US3703,NC-03,10000.0,25000.0,925381702.6627477,0,adjusted_gross_income/amount
5001800US3703,NC-03,25000.0,50000.0,2711927447.600853,0,adjusted_gross_income/amount
5001800US3703,NC-03,50000.0,75000.0,2622422974.492465,0,adjusted_gross_income/amount
5001800US3703,NC-03,75000.0,100000.0,2298550651.8837895,0,adjusted_gross_income/amount
5001800US3703,NC-03,100000.0,200000.0,5374920880.411336,0,adjusted_gross_income/amount
5001800US3703,NC-03,200000.0,500000.0,2772878557.147621,0,adjusted_gross_income/amount
5001800US3703,NC-03,500000.0,inf,2449094564.0456014,0,adjusted_gross_income/amount
5001800US3703,NC-03,-inf,1.0,4802.426039838512,1,adjusted_gross_income/count
5001800US3703,NC-03,1.0,10000.0,28868.844397582678,1,adjusted_gross_income/count
5001800US3703,NC-03,10000.0,25000.0,53625.52171114021,1,adjusted_gross_income/count
5001800US3703,NC-03,25000.0,50000.0,74612.5899820873,1,adjusted_gross_income/count
5001800US3703,NC-03,50000.0,75000.0,42739.10408483472,1,adjusted_gross_income/count
5001800US3703,NC-03,75000.0,100000.0,26508.57854027608,1,adjusted_gross_income/count
5001800US3703,NC-03,100000.0,200000.0,39850.71296907006,1,adjusted_gross_income/count
5001800US3703,NC-03,200000.0,500000.0,9829.807590650064,1,adjusted_gross_income/count
5001800US3703,NC-03,500000.0,inf,1974.9385750896267,1,adjusted_gross_income/count
5001800US3704,NC-04,-inf,1.0,-115277137.10199854,0,adjusted_gross_income/amount
5001800US3704,NC-04,1.0,10000.0,130861125.49996479,0,adjusted_gross_income/amount
5001800US3704,NC-04,10000.0,25000.0,769982751.438361,0,adjusted_gross_income/amount
5001800US3704,NC-04,25000.0,50000.0,2183681342.0257707,0,adjusted_gross_income/amount
5001800US3704,NC-04,50000.0,75000.0,2170215043.558713,0,adjusted_gross_income/amount
5001800US3704,NC-04,75000.0,100000.0,1886004676.5936909,0,adjusted_gross_income/amount
5001800US3704,NC-04,100000.0,200000.0,5336520797.563444,0,adjusted_gross_income/amount
5001800US3704,NC-04,200000.0,500000.0,4756787303.648465,0,adjusted_gross_income/amount
5001800US3704,NC-04,500000.0,inf,4494103087.7206545,0,adjusted_gross_income/amount
5001800US3704,NC-04,-inf,1.0,3830.148718329794,1,adjusted_gross_income/count
5001800US3704,NC-04,1.0,10000.0,25072.04460478683,1,adjusted_gross_income/count
5001800US3704,NC-04,10000.0,25000.0,44968.01574243551,1,adjusted_gross_income/count
5001800US3704,NC-04,25000.0,50000.0,59609.412842271566,1,adjusted_gross_income/count
5001800US3704,NC-04,50000.0,75000.0,35351.23165413082,1,adjusted_gross_income/count
5001800US3704,NC-04,75000.0,100000.0,21761.04540483562,1,adjusted_gross_income/count
5001800US3704,NC-04,100000.0,200000.0,38492.00320211747,1,adjusted_gross_income/count
5001800US3704,NC-04,200000.0,500000.0,16449.452465623614,1,adjusted_gross_income/count
5001800US3704,NC-04,500000.0,inf,3403.5552089228668,1,adjusted_gross_income/count
5001800US3705,NC-05,-inf,1.0,-194550073.8440903,0,adjusted_gross_income/amount
5001800US3705,NC-05,1.0,10000.0,198759953.03324214,0,adjusted_gross_income/amount
5001800US3705,NC-05,10000.0,25000.0,1149226145.0273051,0,adjusted_gross_income/amount
5001800US3705,NC-05,25000.0,50000.0,3447915175.802366,0,adjusted_gross_income/amount
5001800US3705,NC-05,50000.0,75000.0,3277080662.7219954,0,adjusted_gross_income/amount
5001800US3705,NC-05,75000.0,100000.0,2802631121.3199525,0,adjusted_gross_income/amount
5001800US3705,NC-05,100000.0,200000.0,6533695575.236372,0,adjusted_gross_income/amount
5001800US3705,NC-05,200000.0,500000.0,3985899597.586499,0,adjusted_gross_income/amount
5001800US3705,NC-05,500000.0,inf,4041282854.296452,0,adjusted_gross_income/amount
5001800US3705,NC-05,-inf,1.0,5705.074824340803,1,adjusted_gross_income/count
5001800US3705,NC-05,1.0,10000.0,37634.451670203816,1,adjusted_gross_income/count
5001800US3705,NC-05,10000.0,25000.0,66928.53477076907,1,adjusted_gross_income/count
5001800US3705,NC-05,25000.0,50000.0,94009.96487232938,1,adjusted_gross_income/count
5001800US3705,NC-05,50000.0,75000.0,53446.246141713724,1,adjusted_gross_income/count
5001800US3705,NC-05,75000.0,100000.0,32349.88057384951,1,adjusted_gross_income/count
5001800US3705,NC-05,100000.0,200000.0,48349.228691492855,1,adjusted_gross_income/count
5001800US3705,NC-05,200000.0,500000.0,13924.034248787768,1,adjusted_gross_income/count
5001800US3705,NC-05,500000.0,inf,3111.798463584049,1,adjusted_gross_income/count
5001800US3706,NC-06,-inf,1.0,-154074516.0157659,0,adjusted_gross_income/amount
5001800US3706,NC-06,1.0,10000.0,201190971.37706646,0,adjusted_gross_income/amount
5001800US3706,NC-06,10000.0,25000.0,1167583640.330704,0,adjusted_gross_income/amount
5001800US3706,NC-06,25000.0,50000.0,3603302408.3141,0,adjusted_gross_income/amount
5001800US3706,NC-06,50000.0,75000.0,3458780533.0679603,0,adjusted_gross_income/amount
5001800US3706,NC-06,75000.0,100000.0,2984138268.3383994,0,adjusted_gross_income/amount
5001800US3706,NC-06,100000.0,200000.0,6865646749.437837,0,adjusted_gross_income/amount
5001800US3706,NC-06,200000.0,500000.0,3459775865.5522523,0,adjusted_gross_income/amount
5001800US3706,NC-06,500000.0,inf,2769815288.045418,0,adjusted_gross_income/amount
5001800US3706,NC-06,-inf,1.0,5482.440086223629,1,adjusted_gross_income/count
5001800US3706,NC-06,1.0,10000.0,37817.11828362695,1,adjusted_gross_income/count
5001800US3706,NC-06,10000.0,25000.0,67872.07245263223,1,adjusted_gross_income/count
5001800US3706,NC-06,25000.0,50000.0,98262.76771790494,1,adjusted_gross_income/count
5001800US3706,NC-06,50000.0,75000.0,56401.962437318136,1,adjusted_gross_income/count
5001800US3706,NC-06,75000.0,100000.0,34436.09465606336,1,adjusted_gross_income/count
5001800US3706,NC-06,100000.0,200000.0,51035.2022073547,1,adjusted_gross_income/count
5001800US3706,NC-06,200000.0,500000.0,12395.512567972295,1,adjusted_gross_income/count
5001800US3706,NC-06,500000.0,inf,2103.5372269314944,1,adjusted_gross_income/count
5001800US3707,NC-07,-inf,1.0,-240704122.62294522,0,adjusted_gross_income/amount
5001800US3707,NC-07,1.0,10000.0,213834502.2099807,0,adjusted_gross_income/amount
5001800US3707,NC-07,10000.0,25000.0,1211126402.6757555,0,adjusted_gross_income/amount
5001800US3707,NC-07,25000.0,50000.0,3438033372.548875,0,adjusted_gross_income/amount
5001800US3707,NC-07,50000.0,75000.0,3579956210.347446,0,adjusted_gross_income/amount
5001800US3707,NC-07,75000.0,100000.0,3272520964.232115,0,adjusted_gross_income/amount
5001800US3707,NC-07,100000.0,200000.0,9063613764.388111,0,adjusted_gross_income/amount
5001800US3707,NC-07,200000.0,500000.0,6246145938.728717,0,adjusted_gross_income/amount
5001800US3707,NC-07,500000.0,inf,6444719877.744545,0,adjusted_gross_income/amount
5001800US3707,NC-07,-inf,1.0,7257.351608170353,1,adjusted_gross_income/count
5001800US3707,NC-07,1.0,10000.0,40774.89653241176,1,adjusted_gross_income/count
5001800US3707,NC-07,10000.0,25000.0,70521.2950199004,1,adjusted_gross_income/count
5001800US3707,NC-07,25000.0,50000.0,93795.27592795681,1,adjusted_gross_income/count
5001800US3707,NC-07,50000.0,75000.0,58217.67662640198,1,adjusted_gross_income/count
5001800US3707,NC-07,75000.0,100000.0,37732.883549107515,1,adjusted_gross_income/count
5001800US3707,NC-07,100000.0,200000.0,66044.08493396098,1,adjusted_gross_income/count
5001800US3707,NC-07,200000.0,500000.0,21907.02418858991,1,adjusted_gross_income/count
5001800US3707,NC-07,500000.0,inf,4707.9518555943,1,adjusted_gross_income/count
5001800US3708,NC-08,-inf,1.0,-250207417.96073598,0,adjusted_gross_income/amount
5001800US3708,NC-08,1.0,10000.0,190621991.44346115,0,adjusted_gross_income/amount
5001800US3708,NC-08,10000.0,25000.0,1052795196.4522214,0,adjusted_gross_income/amount
5001800US3708,NC-08,25000.0,50000.0,2924826566.3971033,0,adjusted_gross_income/amount
5001800US3708,NC-08,50000.0,75000.0,3035977801.4662824,0,adjusted_gross_income/amount
5001800US3708,NC-08,75000.0,100000.0,2716793020.53408,0,adjusted_gross_income/amount
5001800US3708,NC-08,100000.0,200000.0,8073048057.04721,0,adjusted_gross_income/amount
5001800US3708,NC-08,200000.0,500000.0,8283085189.078163,0,adjusted_gross_income/amount
5001800US3708,NC-08,500000.0,inf,10109902603.204647,0,adjusted_gross_income/amount
5001800US3708,NC-08,-inf,1.0,5666.8657429385,1,adjusted_gross_income/count
5001800US3708,NC-08,1.0,10000.0,36477.35376148027,1,adjusted_gross_income/count
5001800US3708,NC-08,10000.0,25000.0,61599.852540156906,1,adjusted_gross_income/count
5001800US3708,NC-08,25000.0,50000.0,79910.55981824244,1,adjusted_gross_income/count
5001800US3708,NC-08,50000.0,75000.0,49401.37190991965,1,adjusted_gross_income/count
5001800US3708,NC-08,75000.0,100000.0,31334.161653750376,1,adjusted_gross_income/count
5001800US3708,NC-08,100000.0,200000.0,58087.21944954356,1,adjusted_gross_income/count
5001800US3708,NC-08,200000.0,500000.0,28172.684023143196,1,adjusted_gross_income/count
5001800US3708,NC-08,500000.0,inf,7595.585878434257,1,adjusted_gross_income/count
5001800US3709,NC-09,-inf,1.0,-155335989.5701864,0,adjusted_gross_income/amount
5001800US3709,NC-09,1.0,10000.0,173396889.87492833,0,adjusted_gross_income/amount
5001800US3709,NC-09,10000.0,25000.0,1050369780.66465,0,adjusted_gross_income/amount
5001800US3709,NC-09,25000.0,50000.0,3063742913.1998487,0,adjusted_gross_income/amount
5001800US3709,NC-09,50000.0,75000.0,2865831000.7179832,0,adjusted_gross_income/amount
5001800US3709,NC-09,75000.0,100000.0,2380412276.93156,0,adjusted_gross_income/amount
5001800US3709,NC-09,100000.0,200000.0,5913163254.461509,0,adjusted_gross_income/amount
5001800US3709,NC-09,200000.0,500000.0,3950119372.618497,0,adjusted_gross_income/amount
5001800US3709,NC-09,500000.0,inf,4174204320.6913095,0,adjusted_gross_income/amount
5001800US3709,NC-09,-inf,1.0,4631.835239683246,1,adjusted_gross_income/count
5001800US3709,NC-09,1.0,10000.0,32427.946145934802,1,adjusted_gross_income/count
5001800US3709,NC-09,10000.0,25000.0,61168.11357726121,1,adjusted_gross_income/count
5001800US3709,NC-09,25000.0,50000.0,83778.12609236556,1,adjusted_gross_income/count
5001800US3709,NC-09,50000.0,75000.0,46770.16156225948,1,adjusted_gross_income/count
5001800US3709,NC-09,75000.0,100000.0,27487.645423487756,1,adjusted_gross_income/count
5001800US3709,NC-09,100000.0,200000.0,43382.92123436152,1,adjusted_gross_income/count
5001800US3709,NC-09,200000.0,500000.0,13835.449566900455,1,adjusted_gross_income/count
5001800US3709,NC-09,500000.0,inf,3022.824912676697,1,adjusted_gross_income/count
5001800US3710,NC-10,-inf,1.0,-184796103.57760054,0,adjusted_gross_income/amount
5001800US3710,NC-10,1.0,10000.0,214710494.73091373,0,adjusted_gross_income/amount
5001800US3710,NC-10,10000.0,25000.0,1192725073.9306018,0,adjusted_gross_income/amount
5001800US3710,NC-10,25000.0,50000.0,3734044047.949737,0,adjusted_gross_income/amount
5001800US3710,NC-10,50000.0,75000.0,3637535271.4259925,0,adjusted_gross_income/amount
5001800US3710,NC-10,75000.0,100000.0,3223713111.0365133,0,adjusted_gross_income/amount
5001800US3710,NC-10,100000.0,200000.0,7383400664.873971,0,adjusted_gross_income/amount
5001800US3710,NC-10,200000.0,500000.0,4210557944.5612745,0,adjusted_gross_income/amount
5001800US3710,NC-10,500000.0,inf,3859437163.7379284,0,adjusted_gross_income/amount
5001800US3710,NC-10,-inf,1.0,6061.4311623847825,1,adjusted_gross_income/count
5001800US3710,NC-10,1.0,10000.0,40660.7472429621,1,adjusted_gross_income/count
5001800US3710,NC-10,10000.0,25000.0,69387.44502870529,1,adjusted_gross_income/count
5001800US3710,NC-10,25000.0,50000.0,101615.33077479091,1,adjusted_gross_income/count
5001800US3710,NC-10,50000.0,75000.0,59279.31379324862,1,adjusted_gross_income/count
5001800US3710,NC-10,75000.0,100000.0,37187.99906864918,1,adjusted_gross_income/count
5001800US3710,NC-10,100000.0,200000.0,54842.91096270221,1,adjusted_gross_income/count
5001800US3710,NC-10,200000.0,500000.0,14795.523542075982,1,adjusted_gross_income/count
5001800US3710,NC-10,500000.0,inf,3022.2426142819168,1,adjusted_gross_income/count
5001800US3711,NC-11,-inf,1.0,-252712136.89176413,0,adjusted_gross_income/amount
5001800US3711,NC-11,1.0,10000.0,195834164.13975188,0,adjusted_gross_income/amount
5001800US3711,NC-11,10000.0,25000.0,1082442989.6796212,0,adjusted_gross_income/amount
5001800US3711,NC-11,25000.0,50000.0,3328161266.817636,0,adjusted_gross_income/amount
5001800US3711,NC-11,50000.0,75000.0,3336767419.6577663,0,adjusted_gross_income/amount
5001800US3711,NC-11,75000.0,100000.0,2948216146.4866076,0,adjusted_gross_income/amount
5001800US3711,NC-11,100000.0,200000.0,7094733980.80856,0,adjusted_gross_income/amount
5001800US3711,NC-11,200000.0,500000.0,4573254435.595052,0,adjusted_gross_income/amount
5001800US3711,NC-11,500000.0,inf,4397674313.721346,0,adjusted_gross_income/amount
5001800US3711,NC-11,-inf,1.0,6920.334746840889,1,adjusted_gross_income/count
5001800US3711,NC-11,1.0,10000.0,37863.06931060402,1,adjusted_gross_income/count
5001800US3711,NC-11,10000.0,25000.0,62952.01613702529,1,adjusted_gross_income/count
5001800US3711,NC-11,25000.0,50000.0,90485.10887166334,1,adjusted_gross_income/count
5001800US3711,NC-11,50000.0,75000.0,54340.69660253452,1,adjusted_gross_income/count
5001800US3711,NC-11,75000.0,100000.0,34021.21938493629,1,adjusted_gross_income/count
5001800US3711,NC-11,100000.0,200000.0,52441.6806431194,1,adjusted_gross_income/count
5001800US3711,NC-11,200000.0,500000.0,15877.477926524782,1,adjusted_gross_income/count
5001800US3711,NC-11,500000.0,inf,3584.5912532508264,1,adjusted_gross_income/count
5001800US3712,NC-12,-inf,1.0,-256870698.1396046,0,adjusted_gross_income/amount
5001800US3712,NC-12,1.0,10000.0,209318106.7833038,0,adjusted_gross_income/amount
5001800US3712,NC-12,10000.0,25000.0,1274469256.6177866,0,adjusted_gross_income/amount
5001800US3712,NC-12,25000.0,50000.0,3775712601.64867,0,adjusted_gross_income/amount
5001800US3712,NC-12,50000.0,75000.0,4030809585.3136907,0,adjusted_gross_income/amount
5001800US3712,NC-12,75000.0,100000.0,3391520794.3672943,0,adjusted_gross_income/amount
5001800US3712,NC-12,100000.0,200000.0,8766411449.149664,0,adjusted_gross_income/amount
5001800US3712,NC-12,200000.0,500000.0,8568367490.7991705,0,adjusted_gross_income/amount
5001800US3712,NC-12,500000.0,inf,12160902624.275808,0,adjusted_gross_income/amount
5001800US3712,NC-12,-inf,1.0,5904.5429461248905,1,adjusted_gross_income/count
5001800US3712,NC-12,1.0,10000.0,42532.433068515806,1,adjusted_gross_income/count
5001800US3712,NC-12,10000.0,25000.0,74559.84625957457,1,adjusted_gross_income/count
5001800US3712,NC-12,25000.0,50000.0,102398.64253437934,1,adjusted_gross_income/count
5001800US3712,NC-12,50000.0,75000.0,65566.44071522691,1,adjusted_gross_income/count
5001800US3712,NC-12,75000.0,100000.0,39260.562400848285,1,adjusted_gross_income/count
5001800US3712,NC-12,100000.0,200000.0,63335.807094305004,1,adjusted_gross_income/count
5001800US3712,NC-12,200000.0,500000.0,29277.83343148396,1,adjusted_gross_income/count
5001800US3712,NC-12,500000.0,inf,8712.475546532156,1,adjusted_gross_income/count
5001800US3713,NC-13,-inf,1.0,-177952417.24933958,0,adjusted_gross_income/amount
5001800US3713,NC-13,1.0,10000.0,174485115.33778796,0,adjusted_gross_income/amount
5001800US3713,NC-13,10000.0,25000.0,937633834.9812301,0,adjusted_gross_income/amount
5001800US3713,NC-13,25000.0,50000.0,2820524930.207916,0,adjusted_gross_income/amount
5001800US3713,NC-13,50000.0,75000.0,3134817654.955818,0,adjusted_gross_income/amount
5001800US3713,NC-13,75000.0,100000.0,2893759208.0943027,0,adjusted_gross_income/amount
5001800US3713,NC-13,100000.0,200000.0,9438050424.0942,0,adjusted_gross_income/amount
5001800US3713,NC-13,200000.0,500000.0,10203652229.633682,0,adjusted_gross_income/amount
5001800US3713,NC-13,500000.0,inf,9039089594.412125,0,adjusted_gross_income/amount
5001800US3713,NC-13,-inf,1.0,4938.814386735942,1,adjusted_gross_income/count
5001800US3713,NC-13,1.0,10000.0,34410.45849478884,1,adjusted_gross_income/count
5001800US3713,NC-13,10000.0,25000.0,54767.986910687774,1,adjusted_gross_income/count
5001800US3713,NC-13,25000.0,50000.0,76387.53342908756,1,adjusted_gross_income/count
5001800US3713,NC-13,50000.0,75000.0,50938.41929868882,1,adjusted_gross_income/count
5001800US3713,NC-13,75000.0,100000.0,33370.87291938777,1,adjusted_gross_income/count
5001800US3713,NC-13,100000.0,200000.0,67086.2318458595,1,adjusted_gross_income/count
5001800US3713,NC-13,200000.0,500000.0,35248.21904699561,1,adjusted_gross_income/count
5001800US3713,NC-13,500000.0,inf,6901.156548611918,1,adjusted_gross_income/count
5001800US3714,NC-14,-inf,1.0,-155915462.0379678,0,adjusted_gross_income/amount
5001800US3714,NC-14,1.0,10000.0,146057393.7955555,0,adjusted_gross_income/amount
5001800US3714,NC-14,10000.0,25000.0,811083284.8556849,0,adjusted_gross_income/amount
5001800US3714,NC-14,25000.0,50000.0,2523918044.790375,0,adjusted_gross_income/amount
5001800US3714,NC-14,50000.0,75000.0,2567948538.5408936,0,adjusted_gross_income/amount
5001800US3714,NC-14,75000.0,100000.0,2286580325.4100704,0,adjusted_gross_income/amount
5001800US3714,NC-14,100000.0,200000.0,5653397738.05236,0,adjusted_gross_income/amount
5001800US3714,NC-14,200000.0,500000.0,4184407379.3104405,0,adjusted_gross_income/amount
5001800US3714,NC-14,500000.0,inf,4695283295.576609,0,adjusted_gross_income/amount
5001800US3714,NC-14,-inf,1.0,4393.220676124787,1,adjusted_gross_income/count
5001800US3714,NC-14,1.0,10000.0,28230.065643906833,1,adjusted_gross_income/count
5001800US3714,NC-14,10000.0,25000.0,47233.13073338361,1,adjusted_gross_income/count
5001800US3714,NC-14,25000.0,50000.0,68564.95128137142,1,adjusted_gross_income/count
5001800US3714,NC-14,50000.0,75000.0,41809.32377354762,1,adjusted_gross_income/count
5001800US3714,NC-14,75000.0,100000.0,26388.528053411308,1,adjusted_gross_income/count
5001800US3714,NC-14,100000.0,200000.0,41500.93507977823,1,adjusted_gross_income/count
5001800US3714,NC-14,200000.0,500000.0,14467.80850497848,1,adjusted_gross_income/count
5001800US3714,NC-14,500000.0,inf,3520.808119368259,1,adjusted_gross_income/count
5001800US3800,ND-01,-inf,1.0,-393149591.49618685,0,adjusted_gross_income/amount
5001800US3800,ND-01,1.0,10000.0,171105789.59824824,0,adjusted_gross_income/amount
5001800US3800,ND-01,10000.0,25000.0,879554129.8875448,0,adjusted_gross_income/amount
5001800US3800,ND-01,25000.0,50000.0,3151040414.494323,0,adjusted_gross_income/amount
5001800US3800,ND-01,50000.0,75000.0,3616380146.993944,0,adjusted_gross_income/amount
5001800US3800,ND-01,75000.0,100000.0,3356801921.115695,0,adjusted_gross_income/amount
5001800US3800,ND-01,100000.0,200000.0,9955760791.013618,0,adjusted_gross_income/amount
5001800US3800,ND-01,200000.0,500000.0,6256337018.19627,0,adjusted_gross_income/amount
5001800US3800,ND-01,500000.0,inf,6949776373.878938,0,adjusted_gross_income/amount
5001800US3800,ND-01,-inf,1.0,5533.412303571002,1,adjusted_gross_income/count
5001800US3800,ND-01,1.0,10000.0,31835.47165988444,1,adjusted_gross_income/count
5001800US3800,ND-01,10000.0,25000.0,50943.89923576012,1,adjusted_gross_income/count
5001800US3800,ND-01,25000.0,50000.0,84565.89665708582,1,adjusted_gross_income/count
5001800US3800,ND-01,50000.0,75000.0,58873.56869998246,1,adjusted_gross_income/count
5001800US3800,ND-01,75000.0,100000.0,38627.893837956006,1,adjusted_gross_income/count
5001800US3800,ND-01,100000.0,200000.0,72709.36342431093,1,adjusted_gross_income/count
5001800US3800,ND-01,200000.0,500000.0,21918.37992515959,1,adjusted_gross_income/count
5001800US3800,ND-01,500000.0,inf,5171.681140295155,1,adjusted_gross_income/count
5001800US3901,OH-01,-inf,1.0,-164549487.31503108,0,adjusted_gross_income/amount
5001800US3901,OH-01,1.0,10000.0,202566487.52652577,0,adjusted_gross_income/amount
5001800US3901,OH-01,10000.0,25000.0,1042829069.1387311,0,adjusted_gross_income/amount
5001800US3901,OH-01,25000.0,50000.0,3278167480.0674253,0,adjusted_gross_income/amount
5001800US3901,OH-01,50000.0,75000.0,3577248902.626615,0,adjusted_gross_income/amount
5001800US3901,OH-01,75000.0,100000.0,3192525517.5499177,0,adjusted_gross_income/amount
5001800US3901,OH-01,100000.0,200000.0,8423693762.254962,0,adjusted_gross_income/amount
5001800US3901,OH-01,200000.0,500000.0,6759559101.365223,0,adjusted_gross_income/amount
5001800US3901,OH-01,500000.0,inf,8356145514.537641,0,adjusted_gross_income/amount
5001800US3901,OH-01,-inf,1.0,4647.435007667351,1,adjusted_gross_income/count
5001800US3901,OH-01,1.0,10000.0,38849.44421490403,1,adjusted_gross_income/count
5001800US3901,OH-01,10000.0,25000.0,60819.17606556927,1,adjusted_gross_income/count
5001800US3901,OH-01,25000.0,50000.0,88497.48223103966,1,adjusted_gross_income/count
5001800US3901,OH-01,50000.0,75000.0,58212.322888353956,1,adjusted_gross_income/count
5001800US3901,OH-01,75000.0,100000.0,36880.035029945015,1,adjusted_gross_income/count
5001800US3901,OH-01,100000.0,200000.0,61327.56807998593,1,adjusted_gross_income/count
5001800US3901,OH-01,200000.0,500000.0,23369.454544515633,1,adjusted_gross_income/count
5001800US3901,OH-01,500000.0,inf,5799.964257483419,1,adjusted_gross_income/count
5001800US3902,OH-02,-inf,1.0,-166084403.5908588,0,adjusted_gross_income/amount
5001800US3902,OH-02,1.0,10000.0,190276999.26149702,0,adjusted_gross_income/amount
5001800US3902,OH-02,10000.0,25000.0,998991693.978838,0,adjusted_gross_income/amount
5001800US3902,OH-02,25000.0,50000.0,3319240428.715599,0,adjusted_gross_income/amount
5001800US3902,OH-02,50000.0,75000.0,3723698572.240177,0,adjusted_gross_income/amount
5001800US3902,OH-02,75000.0,100000.0,3343899423.4510384,0,adjusted_gross_income/amount
5001800US3902,OH-02,100000.0,200000.0,7946039835.319425,0,adjusted_gross_income/amount
5001800US3902,OH-02,200000.0,500000.0,5285442695.6938095,0,adjusted_gross_income/amount
5001800US3902,OH-02,500000.0,inf,6086026368.121852,0,adjusted_gross_income/amount
5001800US3902,OH-02,-inf,1.0,4645.431047818213,1,adjusted_gross_income/count
5001800US3902,OH-02,1.0,10000.0,36443.101616286374,1,adjusted_gross_income/count
5001800US3902,OH-02,10000.0,25000.0,57854.132296545766,1,adjusted_gross_income/count
5001800US3902,OH-02,25000.0,50000.0,89483.02321805128,1,adjusted_gross_income/count
5001800US3902,OH-02,50000.0,75000.0,60547.64111884139,1,adjusted_gross_income/count
5001800US3902,OH-02,75000.0,100000.0,38608.01115169197,1,adjusted_gross_income/count
5001800US3902,OH-02,100000.0,200000.0,58641.61158856868,1,adjusted_gross_income/count
5001800US3902,OH-02,200000.0,500000.0,18372.274908903484,1,adjusted_gross_income/count
5001800US3902,OH-02,500000.0,inf,4267.010461801596,1,adjusted_gross_income/count
5001800US3903,OH-03,-inf,1.0,-134593660.8368483,0,adjusted_gross_income/amount
5001800US3903,OH-03,1.0,10000.0,229522516.25535583,0,adjusted_gross_income/amount
5001800US3903,OH-03,10000.0,25000.0,1370161877.4150772,0,adjusted_gross_income/amount
5001800US3903,OH-03,25000.0,50000.0,4300105681.503316,0,adjusted_gross_income/amount
5001800US3903,OH-03,50000.0,75000.0,4319361154.397344,0,adjusted_gross_income/amount
5001800US3903,OH-03,75000.0,100000.0,3506609033.3075833,0,adjusted_gross_income/amount
5001800US3903,OH-03,100000.0,200000.0,7814970483.433442,0,adjusted_gross_income/amount
5001800US3903,OH-03,200000.0,500000.0,5007674734.061101,0,adjusted_gross_income/amount
5001800US3903,OH-03,500000.0,inf,5082100502.692697,0,adjusted_gross_income/amount
5001800US3903,OH-03,-inf,1.0,4936.117231891965,1,adjusted_gross_income/count
5001800US3903,OH-03,1.0,10000.0,44290.90954016089,1,adjusted_gross_income/count
5001800US3903,OH-03,10000.0,25000.0,79686.8952660138,1,adjusted_gross_income/count
5001800US3903,OH-03,25000.0,50000.0,115989.20783027,1,adjusted_gross_income/count
5001800US3903,OH-03,50000.0,75000.0,70574.87076795651,1,adjusted_gross_income/count
5001800US3903,OH-03,75000.0,100000.0,40569.5229708162,1,adjusted_gross_income/count
5001800US3903,OH-03,100000.0,200000.0,57602.72152466928,1,adjusted_gross_income/count
5001800US3903,OH-03,200000.0,500000.0,17584.451677472407,1,adjusted_gross_income/count
5001800US3903,OH-03,500000.0,inf,3625.011389689724,1,adjusted_gross_income/count
5001800US3904,OH-04,-inf,1.0,-163154463.72368112,0,adjusted_gross_income/amount
5001800US3904,OH-04,1.0,10000.0,219246008.56884205,0,adjusted_gross_income/amount
5001800US3904,OH-04,10000.0,25000.0,1070490338.1980597,0,adjusted_gross_income/amount
5001800US3904,OH-04,25000.0,50000.0,3647504591.760836,0,adjusted_gross_income/amount
5001800US3904,OH-04,50000.0,75000.0,4190243067.459739,0,adjusted_gross_income/amount
5001800US3904,OH-04,75000.0,100000.0,3764391316.534803,0,adjusted_gross_income/amount
5001800US3904,OH-04,100000.0,200000.0,9385144187.390154,0,adjusted_gross_income/amount
5001800US3904,OH-04,200000.0,500000.0,6099207464.349284,0,adjusted_gross_income/amount
5001800US3904,OH-04,500000.0,inf,5545612118.474293,0,adjusted_gross_income/amount
5001800US3904,OH-04,-inf,1.0,4754.9729052755565,1,adjusted_gross_income/count
5001800US3904,OH-04,1.0,10000.0,42273.53994514332,1,adjusted_gross_income/count
5001800US3904,OH-04,10000.0,25000.0,62276.34365654371,1,adjusted_gross_income/count
5001800US3904,OH-04,25000.0,50000.0,98044.8122589098,1,adjusted_gross_income/count
5001800US3904,OH-04,50000.0,75000.0,68248.77868960667,1,adjusted_gross_income/count
5001800US3904,OH-04,75000.0,100000.0,43394.87719893558,1,adjusted_gross_income/count
5001800US3904,OH-04,100000.0,200000.0,69155.78690874705,1,adjusted_gross_income/count
5001800US3904,OH-04,200000.0,500000.0,21373.205795267073,1,adjusted_gross_income/count
5001800US3904,OH-04,500000.0,inf,4351.3570845364,1,adjusted_gross_income/count
5001800US3905,OH-05,-inf,1.0,-152158386.17261326,0,adjusted_gross_income/amount
5001800US3905,OH-05,1.0,10000.0,210656273.29534513,0,adjusted_gross_income/amount
5001800US3905,OH-05,10000.0,25000.0,1080147727.1932101,0,adjusted_gross_income/amount
5001800US3905,OH-05,25000.0,50000.0,3672268153.184052,0,adjusted_gross_income/amount
5001800US3905,OH-05,50000.0,75000.0,4083915043.1061378,0,adjusted_gross_income/amount
5001800US3905,OH-05,75000.0,100000.0,3493029141.1649675,0,adjusted_gross_income/amount
5001800US3905,OH-05,100000.0,200000.0,7803716102.470714,0,adjusted_gross_income/amount
5001800US3905,OH-05,200000.0,500000.0,3788739254.0044613,0,adjusted_gross_income/amount
5001800US3905,OH-05,500000.0,inf,3469346401.698537,0,adjusted_gross_income/amount
5001800US3905,OH-05,-inf,1.0,4360.998434397816,1,adjusted_gross_income/count
5001800US3905,OH-05,1.0,10000.0,40157.60006556458,1,adjusted_gross_income/count
5001800US3905,OH-05,10000.0,25000.0,62724.7096831374,1,adjusted_gross_income/count
5001800US3905,OH-05,25000.0,50000.0,98800.25981428959,1,adjusted_gross_income/count
5001800US3905,OH-05,50000.0,75000.0,66593.56275896619,1,adjusted_gross_income/count
5001800US3905,OH-05,75000.0,100000.0,40284.82110395695,1,adjusted_gross_income/count
5001800US3905,OH-05,100000.0,200000.0,58400.22621407382,1,adjusted_gross_income/count
5001800US3905,OH-05,200000.0,500000.0,13422.296364953641,1,adjusted_gross_income/count
5001800US3905,OH-05,500000.0,inf,2741.617336097617,1,adjusted_gross_income/count
5001800US3906,OH-06,-inf,1.0,-147130632.94575885,0,adjusted_gross_income/amount
5001800US3906,OH-06,1.0,10000.0,206520647.26476252,0,adjusted_gross_income/amount
5001800US3906,OH-06,10000.0,25000.0,1146080132.1611328,0,adjusted_gross_income/amount
5001800US3906,OH-06,25000.0,50000.0,3578513026.997433,0,adjusted_gross_income/amount
5001800US3906,OH-06,50000.0,75000.0,3770758307.066201,0,adjusted_gross_income/amount
5001800US3906,OH-06,75000.0,100000.0,3196487237.2370663,0,adjusted_gross_income/amount
5001800US3906,OH-06,100000.0,200000.0,6493264803.709192,0,adjusted_gross_income/amount
5001800US3906,OH-06,200000.0,500000.0,2824272223.6062145,0,adjusted_gross_income/amount
5001800US3906,OH-06,500000.0,inf,2744375144.0094714,0,adjusted_gross_income/amount
5001800US3906,OH-06,-inf,1.0,4610.268258331049,1,adjusted_gross_income/count
5001800US3906,OH-06,1.0,10000.0,39058.031783242375,1,adjusted_gross_income/count
5001800US3906,OH-06,10000.0,25000.0,66331.77340083747,1,adjusted_gross_income/count
5001800US3906,OH-06,25000.0,50000.0,97163.76400822026,1,adjusted_gross_income/count
5001800US3906,OH-06,50000.0,75000.0,61444.38316215733,1,adjusted_gross_income/count
5001800US3906,OH-06,75000.0,100000.0,36915.21513144308,1,adjusted_gross_income/count
5001800US3906,OH-06,100000.0,200000.0,49027.324694492185,1,adjusted_gross_income/count
5001800US3906,OH-06,200000.0,500000.0,10001.09716648081,1,adjusted_gross_income/count
5001800US3906,OH-06,500000.0,inf,2049.9489961903,1,adjusted_gross_income/count
5001800US3907,OH-07,-inf,1.0,-286852475.4882204,0,adjusted_gross_income/amount
5001800US3907,OH-07,1.0,10000.0,218655455.65726253,0,adjusted_gross_income/amount
5001800US3907,OH-07,10000.0,25000.0,1082118421.079273,0,adjusted_gross_income/amount
5001800US3907,OH-07,25000.0,50000.0,3539610112.2018957,0,adjusted_gross_income/amount
5001800US3907,OH-07,50000.0,75000.0,4245746840.2373967,0,adjusted_gross_income/amount
5001800US3907,OH-07,75000.0,100000.0,3813372182.3024383,0,adjusted_gross_income/amount
5001800US3907,OH-07,100000.0,200000.0,9184726323.887497,0,adjusted_gross_income/amount
5001800US3907,OH-07,200000.0,500000.0,5586273554.345184,0,adjusted_gross_income/amount
5001800US3907,OH-07,500000.0,inf,5454567290.240268,0,adjusted_gross_income/amount
5001800US3907,OH-07,-inf,1.0,4870.750845493557,1,adjusted_gross_income/count
5001800US3907,OH-07,1.0,10000.0,42598.81020549948,1,adjusted_gross_income/count
5001800US3907,OH-07,10000.0,25000.0,62999.9831598139,1,adjusted_gross_income/count
5001800US3907,OH-07,25000.0,50000.0,95290.85546903772,1,adjusted_gross_income/count
5001800US3907,OH-07,50000.0,75000.0,68971.49351735252,1,adjusted_gross_income/count
5001800US3907,OH-07,75000.0,100000.0,44017.59576628005,1,adjusted_gross_income/count
5001800US3907,OH-07,100000.0,200000.0,67811.20791423756,1,adjusted_gross_income/count
5001800US3907,OH-07,200000.0,500000.0,19607.105239806737,1,adjusted_gross_income/count
5001800US3907,OH-07,500000.0,inf,4176.472540241259,1,adjusted_gross_income/count
5001800US3908,OH-08,-inf,1.0,-136628575.18272462,0,adjusted_gross_income/amount
5001800US3908,OH-08,1.0,10000.0,210690477.58255497,0,adjusted_gross_income/amount
5001800US3908,OH-08,10000.0,25000.0,1079442477.9776552,0,adjusted_gross_income/amount
5001800US3908,OH-08,25000.0,50000.0,3523910016.687416,0,adjusted_gross_income/amount
5001800US3908,OH-08,50000.0,75000.0,3831719612.4596505,0,adjusted_gross_income/amount
5001800US3908,OH-08,75000.0,100000.0,3389707903.602203,0,adjusted_gross_income/amount
5001800US3908,OH-08,100000.0,200000.0,8628977892.68068,0,adjusted_gross_income/amount
5001800US3908,OH-08,200000.0,500000.0,5524728177.998504,0,adjusted_gross_income/amount
5001800US3908,OH-08,500000.0,inf,5571196623.741885,0,adjusted_gross_income/amount
5001800US3908,OH-08,-inf,1.0,4501.2657692467665,1,adjusted_gross_income/count
5001800US3908,OH-08,1.0,10000.0,40146.087635234195,1,adjusted_gross_income/count
5001800US3908,OH-08,10000.0,25000.0,62843.025403919564,1,adjusted_gross_income/count
5001800US3908,OH-08,25000.0,50000.0,94989.94313713715,1,adjusted_gross_income/count
5001800US3908,OH-08,50000.0,75000.0,62370.348881441576,1,adjusted_gross_income/count
5001800US3908,OH-08,75000.0,100000.0,39128.06033166423,1,adjusted_gross_income/count
5001800US3908,OH-08,100000.0,200000.0,63398.60036927477,1,adjusted_gross_income/count
5001800US3908,OH-08,200000.0,500000.0,19449.92350217851,1,adjusted_gross_income/count
5001800US3908,OH-08,500000.0,inf,4050.6418009854287,1,adjusted_gross_income/count
5001800US3909,OH-09,-inf,1.0,-122112399.02358483,0,adjusted_gross_income/amount
5001800US3909,OH-09,1.0,10000.0,187299327.67295122,0,adjusted_gross_income/amount
5001800US3909,OH-09,10000.0,25000.0,1012767601.3371953,0,adjusted_gross_income/amount
5001800US3909,OH-09,25000.0,50000.0,3270572451.0395107,0,adjusted_gross_income/amount
5001800US3909,OH-09,50000.0,75000.0,3480097841.128711,0,adjusted_gross_income/amount
5001800US3909,OH-09,75000.0,100000.0,2892351522.737233,0,adjusted_gross_income/amount
5001800US3909,OH-09,100000.0,200000.0,6292014611.731282,0,adjusted_gross_income/amount
5001800US3909,OH-09,200000.0,500000.0,3200919147.90318,0,adjusted_gross_income/amount
5001800US3909,OH-09,500000.0,inf,3104200637.426144,0,adjusted_gross_income/amount
5001800US3909,OH-09,-inf,1.0,3853.1150916141023,1,adjusted_gross_income/count
5001800US3909,OH-09,1.0,10000.0,35556.2428471768,1,adjusted_gross_income/count
5001800US3909,OH-09,10000.0,25000.0,58781.39795575718,1,adjusted_gross_income/count
5001800US3909,OH-09,25000.0,50000.0,88297.0716570842,1,adjusted_gross_income/count
5001800US3909,OH-09,50000.0,75000.0,56774.83876118657,1,adjusted_gross_income/count
5001800US3909,OH-09,75000.0,100000.0,33391.356073129,1,adjusted_gross_income/count
5001800US3909,OH-09,100000.0,200000.0,47046.61418631477,1,adjusted_gross_income/count
5001800US3909,OH-09,200000.0,500000.0,11274.75349999781,1,adjusted_gross_income/count
5001800US3909,OH-09,500000.0,inf,2395.980999962264,1,adjusted_gross_income/count
5001800US3910,OH-10,-inf,1.0,-129522573.21307863,0,adjusted_gross_income/amount
5001800US3910,OH-10,1.0,10000.0,206277179.66942072,0,adjusted_gross_income/amount
5001800US3910,OH-10,10000.0,25000.0,1139061803.8891726,0,adjusted_gross_income/amount
5001800US3910,OH-10,25000.0,50000.0,3573552177.637004,0,adjusted_gross_income/amount
5001800US3910,OH-10,50000.0,75000.0,3789058621.1977806,0,adjusted_gross_income/amount
5001800US3910,OH-10,75000.0,100000.0,3321465806.4047456,0,adjusted_gross_income/amount
5001800US3910,OH-10,100000.0,200000.0,7984579382.86243,0,adjusted_gross_income/amount
5001800US3910,OH-10,200000.0,500000.0,4223112582.104759,0,adjusted_gross_income/amount
5001800US3910,OH-10,500000.0,inf,3368625685.1224475,0,adjusted_gross_income/amount
5001800US3910,OH-10,-inf,1.0,4463.073130217761,1,adjusted_gross_income/count
5001800US3910,OH-10,1.0,10000.0,39562.47591478182,1,adjusted_gross_income/count
5001800US3910,OH-10,10000.0,25000.0,66121.13314197127,1,adjusted_gross_income/count
5001800US3910,OH-10,25000.0,50000.0,96502.15378294399,1,adjusted_gross_income/count
5001800US3910,OH-10,50000.0,75000.0,61700.51978972341,1,adjusted_gross_income/count
5001800US3910,OH-10,75000.0,100000.0,38342.20088521434,1,adjusted_gross_income/count
5001800US3910,OH-10,100000.0,200000.0,58945.19147094953,1,adjusted_gross_income/count
5001800US3910,OH-10,200000.0,500000.0,15155.05174306756,1,adjusted_gross_income/count
5001800US3910,OH-10,500000.0,inf,2682.4936866678127,1,adjusted_gross_income/count
5001800US3911,OH-11,-inf,1.0,-173029720.003739,0,adjusted_gross_income/amount
5001800US3911,OH-11,1.0,10000.0,224471735.8708444,0,adjusted_gross_income/amount
5001800US3911,OH-11,10000.0,25000.0,1356062898.4459581,0,adjusted_gross_income/amount
5001800US3911,OH-11,25000.0,50000.0,3611745354.6761856,0,adjusted_gross_income/amount
5001800US3911,OH-11,50000.0,75000.0,3309058447.81299,0,adjusted_gross_income/amount
5001800US3911,OH-11,75000.0,100000.0,2441168003.8188415,0,adjusted_gross_income/amount
5001800US3911,OH-11,100000.0,200000.0,5123428904.550473,0,adjusted_gross_income/amount
5001800US3911,OH-11,200000.0,500000.0,3911780235.5887194,0,adjusted_gross_income/amount
5001800US3911,OH-11,500000.0,inf,5847646480.212933,0,adjusted_gross_income/amount
5001800US3911,OH-11,-inf,1.0,5481.094011233966,1,adjusted_gross_income/count
5001800US3911,OH-11,1.0,10000.0,42114.76033845312,1,adjusted_gross_income/count
5001800US3911,OH-11,10000.0,25000.0,79423.44403410658,1,adjusted_gross_income/count
5001800US3911,OH-11,25000.0,50000.0,98626.64292790262,1,adjusted_gross_income/count
5001800US3911,OH-11,50000.0,75000.0,54145.951808643724,1,adjusted_gross_income/count
5001800US3911,OH-11,75000.0,100000.0,28288.93347311985,1,adjusted_gross_income/count
5001800US3911,OH-11,100000.0,200000.0,37861.627798927235,1,adjusted_gross_income/count
5001800US3911,OH-11,200000.0,500000.0,13282.918981697165,1,adjusted_gross_income/count
5001800US3911,OH-11,500000.0,inf,3944.8774408107242,1,adjusted_gross_income/count
5001800US3912,OH-12,-inf,1.0,-159191564.6733352,0,adjusted_gross_income/amount
5001800US3912,OH-12,1.0,10000.0,188240201.932064,0,adjusted_gross_income/amount
5001800US3912,OH-12,10000.0,25000.0,936437867.6985093,0,adjusted_gross_income/amount
5001800US3912,OH-12,25000.0,50000.0,3134969289.508639,0,adjusted_gross_income/amount
5001800US3912,OH-12,50000.0,75000.0,3678796469.333775,0,adjusted_gross_income/amount
5001800US3912,OH-12,75000.0,100000.0,3438652423.86542,0,adjusted_gross_income/amount
5001800US3912,OH-12,100000.0,200000.0,8733317986.776087,0,adjusted_gross_income/amount
5001800US3912,OH-12,200000.0,500000.0,5909273175.450044,0,adjusted_gross_income/amount
5001800US3912,OH-12,500000.0,inf,5485944568.877008,0,adjusted_gross_income/amount
5001800US3912,OH-12,-inf,1.0,4363.8219577405025,1,adjusted_gross_income/count
5001800US3912,OH-12,1.0,10000.0,36488.52092016594,1,adjusted_gross_income/count
5001800US3912,OH-12,10000.0,25000.0,54382.7684554307,1,adjusted_gross_income/count
5001800US3912,OH-12,25000.0,50000.0,84331.24514730585,1,adjusted_gross_income/count
5001800US3912,OH-12,50000.0,75000.0,59769.172631973954,1,adjusted_gross_income/count
5001800US3912,OH-12,75000.0,100000.0,39642.316375577604,1,adjusted_gross_income/count
5001800US3912,OH-12,100000.0,200000.0,64083.1163958437,1,adjusted_gross_income/count
5001800US3912,OH-12,200000.0,500000.0,20680.464646672906,1,adjusted_gross_income/count
5001800US3912,OH-12,500000.0,inf,4225.8011994551,1,adjusted_gross_income/count
5001800US3913,OH-13,-inf,1.0,-223602451.14689013,0,adjusted_gross_income/amount
5001800US3913,OH-13,1.0,10000.0,229889259.78456926,0,adjusted_gross_income/amount
5001800US3913,OH-13,10000.0,25000.0,1216145040.47149,0,adjusted_gross_income/amount
5001800US3913,OH-13,25000.0,50000.0,3802620167.1316905,0,adjusted_gross_income/amount
5001800US3913,OH-13,50000.0,75000.0,4179149442.252701,0,adjusted_gross_income/amount
5001800US3913,OH-13,75000.0,100000.0,3551048294.479807,0,adjusted_gross_income/amount
5001800US3913,OH-13,100000.0,200000.0,8039827186.32623,0,adjusted_gross_income/amount
5001800US3913,OH-13,200000.0,500000.0,4817221295.866717,0,adjusted_gross_income/amount
5001800US3913,OH-13,500000.0,inf,5491294135.210281,0,adjusted_gross_income/amount
5001800US3913,OH-13,-inf,1.0,5225.163772765861,1,adjusted_gross_income/count
5001800US3913,OH-13,1.0,10000.0,44174.24355222987,1,adjusted_gross_income/count
5001800US3913,OH-13,10000.0,25000.0,70853.69890115832,1,adjusted_gross_income/count
5001800US3913,OH-13,25000.0,50000.0,102820.11288900967,1,adjusted_gross_income/count
5001800US3913,OH-13,50000.0,75000.0,68055.73880190002,1,adjusted_gross_income/count
5001800US3913,OH-13,75000.0,100000.0,41018.20564980378,1,adjusted_gross_income/count
5001800US3913,OH-13,100000.0,200000.0,59661.651456410276,1,adjusted_gross_income/count
5001800US3913,OH-13,200000.0,500000.0,16842.445633907984,1,adjusted_gross_income/count
5001800US3913,OH-13,500000.0,inf,3872.8358754338174,1,adjusted_gross_income/count
5001800US3914,OH-14,-inf,1.0,-214527742.45804423,0,adjusted_gross_income/amount
5001800US3914,OH-14,1.0,10000.0,217519115.13427854,0,adjusted_gross_income/amount
5001800US3914,OH-14,10000.0,25000.0,1079673221.820876,0,adjusted_gross_income/amount
5001800US3914,OH-14,25000.0,50000.0,3513730959.257655,0,adjusted_gross_income/amount
5001800US3914,OH-14,50000.0,75000.0,4045278862.0767097,0,adjusted_gross_income/amount
5001800US3914,OH-14,75000.0,100000.0,3575379139.9330544,0,adjusted_gross_income/amount
5001800US3914,OH-14,100000.0,200000.0,8547554360.101893,0,adjusted_gross_income/amount
5001800US3914,OH-14,200000.0,500000.0,5643681580.18244,0,adjusted_gross_income/amount
5001800US3914,OH-14,500000.0,inf,7206076226.204634,0,adjusted_gross_income/amount
5001800US3914,OH-14,-inf,1.0,5086.302537858693,1,adjusted_gross_income/count
5001800US3914,OH-14,1.0,10000.0,42417.1997797369,1,adjusted_gross_income/count
5001800US3914,OH-14,10000.0,25000.0,62861.20395100855,1,adjusted_gross_income/count
5001800US3914,OH-14,25000.0,50000.0,94650.71297451569,1,adjusted_gross_income/count
5001800US3914,OH-14,50000.0,75000.0,65800.3718946531,1,adjusted_gross_income/count
5001800US3914,OH-14,75000.0,100000.0,41264.73076017356,1,adjusted_gross_income/count
5001800US3914,OH-14,100000.0,200000.0,63002.64253741927,1,adjusted_gross_income/count
5001800US3914,OH-14,200000.0,500000.0,19654.662335012817,1,adjusted_gross_income/count
5001800US3914,OH-14,500000.0,inf,4837.639418642394,1,adjusted_gross_income/count
5001800US3915,OH-15,-inf,1.0,-101480997.88490331,0,adjusted_gross_income/amount
5001800US3915,OH-15,1.0,10000.0,162322869.36957902,0,adjusted_gross_income/amount
5001800US3915,OH-15,10000.0,25000.0,913769679.0809832,0,adjusted_gross_income/amount
5001800US3915,OH-15,25000.0,50000.0,2969239545.6813393,0,adjusted_gross_income/amount
5001800US3915,OH-15,50000.0,75000.0,3136659658.603988,0,adjusted_gross_income/amount
5001800US3915,OH-15,75000.0,100000.0,2645493842.0371737,0,adjusted_gross_income/amount
5001800US3915,OH-15,100000.0,200000.0,6055067531.784309,0,adjusted_gross_income/amount
5001800US3915,OH-15,200000.0,500000.0,3441085260.149269,0,adjusted_gross_income/amount
5001800US3915,OH-15,500000.0,inf,3161306655.270637,0,adjusted_gross_income/amount
5001800US3915,OH-15,-inf,1.0,3552.9962124198987,1,adjusted_gross_income/count
5001800US3915,OH-15,1.0,10000.0,31176.17100951337,1,adjusted_gross_income/count
5001800US3915,OH-15,10000.0,25000.0,53102.85069385251,1,adjusted_gross_income/count
5001800US3915,OH-15,25000.0,50000.0,79961.63988850062,1,adjusted_gross_income/count
5001800US3915,OH-15,50000.0,75000.0,51156.91186567561,1,adjusted_gross_income/count
5001800US3915,OH-15,75000.0,100000.0,30565.3144312913,1,adjusted_gross_income/count
5001800US3915,OH-15,100000.0,200000.0,44791.30433399732,1,adjusted_gross_income/count
5001800US3915,OH-15,200000.0,500000.0,12192.349153759966,1,adjusted_gross_income/count
5001800US3915,OH-15,500000.0,inf,2331.497216723733,1,adjusted_gross_income/count
5001800US4001,OK-01,-inf,1.0,-307920127.3569035,0,adjusted_gross_income/amount
5001800US4001,OK-01,1.0,10000.0,194098430.04340598,0,adjusted_gross_income/amount
5001800US4001,OK-01,10000.0,25000.0,1046266050.2366183,0,adjusted_gross_income/amount
5001800US4001,OK-01,25000.0,50000.0,3109153285.3776684,0,adjusted_gross_income/amount
5001800US4001,OK-01,50000.0,75000.0,3025297062.0586457,0,adjusted_gross_income/amount
5001800US4001,OK-01,75000.0,100000.0,2694212243.997778,0,adjusted_gross_income/amount
5001800US4001,OK-01,100000.0,200000.0,7066338199.912902,0,adjusted_gross_income/amount
5001800US4001,OK-01,200000.0,500000.0,5085470406.5310135,0,adjusted_gross_income/amount
5001800US4001,OK-01,500000.0,inf,6851538507.37163,0,adjusted_gross_income/amount
5001800US4001,OK-01,-inf,1.0,5980.191727601364,1,adjusted_gross_income/count
5001800US4001,OK-01,1.0,10000.0,37962.88197203864,1,adjusted_gross_income/count
5001800US4001,OK-01,10000.0,25000.0,60694.847849720994,1,adjusted_gross_income/count
5001800US4001,OK-01,25000.0,50000.0,84882.90153825341,1,adjusted_gross_income/count
5001800US4001,OK-01,50000.0,75000.0,49205.51135060144,1,adjusted_gross_income/count
5001800US4001,OK-01,75000.0,100000.0,31080.703505353198,1,adjusted_gross_income/count
5001800US4001,OK-01,100000.0,200000.0,51549.33669719179,1,adjusted_gross_income/count
5001800US4001,OK-01,200000.0,500000.0,17785.464800806592,1,adjusted_gross_income/count
5001800US4001,OK-01,500000.0,inf,4554.456521477895,1,adjusted_gross_income/count
5001800US4002,OK-02,-inf,1.0,-352810353.08609694,0,adjusted_gross_income/amount
5001800US4002,OK-02,1.0,10000.0,215830782.31158894,0,adjusted_gross_income/amount
5001800US4002,OK-02,10000.0,25000.0,1165800562.7950497,0,adjusted_gross_income/amount
5001800US4002,OK-02,25000.0,50000.0,3302218330.9528255,0,adjusted_gross_income/amount
5001800US4002,OK-02,50000.0,75000.0,3043840471.9216456,0,adjusted_gross_income/amount
5001800US4002,OK-02,75000.0,100000.0,2648286248.2143593,0,adjusted_gross_income/amount
5001800US4002,OK-02,100000.0,200000.0,5553883118.301924,0,adjusted_gross_income/amount
5001800US4002,OK-02,200000.0,500000.0,2631738046.400777,0,adjusted_gross_income/amount
5001800US4002,OK-02,500000.0,inf,2417270581.255358,0,adjusted_gross_income/amount
5001800US4002,OK-02,-inf,1.0,9106.568898328367,1,adjusted_gross_income/count
5001800US4002,OK-02,1.0,10000.0,42319.10941995754,1,adjusted_gross_income/count
5001800US4002,OK-02,10000.0,25000.0,67457.20386048776,1,adjusted_gross_income/count
5001800US4002,OK-02,25000.0,50000.0,90783.76491906945,1,adjusted_gross_income/count
5001800US4002,OK-02,50000.0,75000.0,49599.61221027587,1,adjusted_gross_income/count
5001800US4002,OK-02,75000.0,100000.0,30577.455102884735,1,adjusted_gross_income/count
5001800US4002,OK-02,100000.0,200000.0,41534.87572514149,1,adjusted_gross_income/count
5001800US4002,OK-02,200000.0,500000.0,9311.614798633682,1,adjusted_gross_income/count
5001800US4002,OK-02,500000.0,inf,1916.913243264791,1,adjusted_gross_income/count
5001800US4003,OK-03,-inf,1.0,-470919697.8626315,0,adjusted_gross_income/amount
5001800US4003,OK-03,1.0,10000.0,219614601.79179358,0,adjusted_gross_income/amount
5001800US4003,OK-03,10000.0,25000.0,1161064544.8539999,0,adjusted_gross_income/amount
5001800US4003,OK-03,25000.0,50000.0,3367686302.3343215,0,adjusted_gross_income/amount
5001800US4003,OK-03,50000.0,75000.0,3336464615.030649,0,adjusted_gross_income/amount
5001800US4003,OK-03,75000.0,100000.0,3066705651.837318,0,adjusted_gross_income/amount
5001800US4003,OK-03,100000.0,200000.0,7518726634.105722,0,adjusted_gross_income/amount
5001800US4003,OK-03,200000.0,500000.0,4384015537.074385,0,adjusted_gross_income/amount
5001800US4003,OK-03,500000.0,inf,4480993018.277975,0,adjusted_gross_income/amount
5001800US4003,OK-03,-inf,1.0,8552.909308415123,1,adjusted_gross_income/count
5001800US4003,OK-03,1.0,10000.0,42420.10104499885,1,adjusted_gross_income/count
5001800US4003,OK-03,10000.0,25000.0,67208.12553952477,1,adjusted_gross_income/count
5001800US4003,OK-03,25000.0,50000.0,91985.47013037896,1,adjusted_gross_income/count
5001800US4003,OK-03,50000.0,75000.0,54273.55837365387,1,adjusted_gross_income/count
5001800US4003,OK-03,75000.0,100000.0,35362.89200480848,1,adjusted_gross_income/count
5001800US4003,OK-03,100000.0,200000.0,55373.07479331671,1,adjusted_gross_income/count
5001800US4003,OK-03,200000.0,500000.0,15518.486067444946,1,adjusted_gross_income/count
5001800US4003,OK-03,500000.0,inf,3277.820510062726,1,adjusted_gross_income/count
5001800US4004,OK-04,-inf,1.0,-290753013.6889941,0,adjusted_gross_income/amount
5001800US4004,OK-04,1.0,10000.0,195442793.0065387,0,adjusted_gross_income/amount
5001800US4004,OK-04,10000.0,25000.0,1085306494.1902397,0,adjusted_gross_income/amount
5001800US4004,OK-04,25000.0,50000.0,3195326539.5751815,0,adjusted_gross_income/amount
5001800US4004,OK-04,50000.0,75000.0,3266571177.1167316,0,adjusted_gross_income/amount
5001800US4004,OK-04,75000.0,100000.0,2995015286.5940723,0,adjusted_gross_income/amount
5001800US4004,OK-04,100000.0,200000.0,7259530273.615122,0,adjusted_gross_income/amount
5001800US4004,OK-04,200000.0,500000.0,3665516231.256562,0,adjusted_gross_income/amount
5001800US4004,OK-04,500000.0,inf,3293002018.952122,0,adjusted_gross_income/amount
5001800US4004,OK-04,-inf,1.0,6851.955368000468,1,adjusted_gross_income/count
5001800US4004,OK-04,1.0,10000.0,38036.8887567022,1,adjusted_gross_income/count
5001800US4004,OK-04,10000.0,25000.0,62687.24206872466,1,adjusted_gross_income/count
5001800US4004,OK-04,25000.0,50000.0,87261.98741414344,1,adjusted_gross_income/count
5001800US4004,OK-04,50000.0,75000.0,53140.30767839153,1,adjusted_gross_income/count
5001800US4004,OK-04,75000.0,100000.0,34518.66419439364,1,adjusted_gross_income/count
5001800US4004,OK-04,100000.0,200000.0,53615.29975623497,1,adjusted_gross_income/count
5001800US4004,OK-04,200000.0,500000.0,13134.886419969873,1,adjusted_gross_income/count
5001800US4004,OK-04,500000.0,inf,2545.744887729701,1,adjusted_gross_income/count
5001800US4005,OK-05,-inf,1.0,-347292878.5098633,0,adjusted_gross_income/amount
5001800US4005,OK-05,1.0,10000.0,183093325.88845494,0,adjusted_gross_income/amount
5001800US4005,OK-05,10000.0,25000.0,1017761135.4154152,0,adjusted_gross_income/amount
5001800US4005,OK-05,25000.0,50000.0,2929730874.221724,0,adjusted_gross_income/amount
5001800US4005,OK-05,50000.0,75000.0,2714743393.60966,0,adjusted_gross_income/amount
5001800US4005,OK-05,75000.0,100000.0,2315040933.6817384,0,adjusted_gross_income/amount
5001800US4005,OK-05,100000.0,200000.0,5768224438.310238,0,adjusted_gross_income/amount
5001800US4005,OK-05,200000.0,500000.0,4255405122.4173923,0,adjusted_gross_income/amount
5001800US4005,OK-05,500000.0,inf,6259177233.445426,0,adjusted_gross_income/amount
5001800US4005,OK-05,-inf,1.0,6020.4317906250935,1,adjusted_gross_income/count
5001800US4005,OK-05,1.0,10000.0,34804.43685443664,1,adjusted_gross_income/count
5001800US4005,OK-05,10000.0,25000.0,58948.00495390909,1,adjusted_gross_income/count
5001800US4005,OK-05,25000.0,50000.0,80077.98408782747,1,adjusted_gross_income/count
5001800US4005,OK-05,50000.0,75000.0,44284.83245959819,1,adjusted_gross_income/count
5001800US4005,OK-05,75000.0,100000.0,26726.234841524198,1,adjusted_gross_income/count
5001800US4005,OK-05,100000.0,200000.0,42185.9013396342,1,adjusted_gross_income/count
5001800US4005,OK-05,200000.0,500000.0,14730.209966066324,1,adjusted_gross_income/count
5001800US4005,OK-05,500000.0,inf,4149.394713247139,1,adjusted_gross_income/count
5001800US4101,OR-01,-inf,1.0,-188597452.5459617,0,adjusted_gross_income/amount
5001800US4101,OR-01,1.0,10000.0,142414069.6672582,0,adjusted_gross_income/amount
5001800US4101,OR-01,10000.0,25000.0,676384430.1860936,0,adjusted_gross_income/amount
5001800US4101,OR-01,25000.0,50000.0,2419536450.467408,0,adjusted_gross_income/amount
5001800US4101,OR-01,50000.0,75000.0,2883891924.3098717,0,adjusted_gross_income/amount
5001800US4101,OR-01,75000.0,100000.0,2874746506.4512744,0,adjusted_gross_income/amount
5001800US4101,OR-01,100000.0,200000.0,8781756028.444735,0,adjusted_gross_income/amount
5001800US4101,OR-01,200000.0,500000.0,7867220586.130077,0,adjusted_gross_income/amount
5001800US4101,OR-01,500000.0,inf,5661545505.173099,0,adjusted_gross_income/amount
5001800US4101,OR-01,-inf,1.0,4349.882689882947,1,adjusted_gross_income/count
5001800US4101,OR-01,1.0,10000.0,28121.06448763876,1,adjusted_gross_income/count
5001800US4101,OR-01,10000.0,25000.0,39147.07378022193,1,adjusted_gross_income/count
5001800US4101,OR-01,25000.0,50000.0,64761.327504688044,1,adjusted_gross_income/count
5001800US4101,OR-01,50000.0,75000.0,46792.46900489192,1,adjusted_gross_income/count
5001800US4101,OR-01,75000.0,100000.0,33078.873632474366,1,adjusted_gross_income/count
5001800US4101,OR-01,100000.0,200000.0,62962.73188732467,1,adjusted_gross_income/count
5001800US4101,OR-01,200000.0,500000.0,27304.8455655498,1,adjusted_gross_income/count
5001800US4101,OR-01,500000.0,inf,4595.609663941121,1,adjusted_gross_income/count
5001800US4102,OR-02,-inf,1.0,-432656425.4301111,0,adjusted_gross_income/amount
5001800US4102,OR-02,1.0,10000.0,228384772.74029627,0,adjusted_gross_income/amount
5001800US4102,OR-02,10000.0,25000.0,1161517941.3348534,0,adjusted_gross_income/amount
5001800US4102,OR-02,25000.0,50000.0,3732490427.6679754,0,adjusted_gross_income/amount
5001800US4102,OR-02,50000.0,75000.0,3802138943.060733,0,adjusted_gross_income/amount
5001800US4102,OR-02,75000.0,100000.0,3557861687.3525743,0,adjusted_gross_income/amount
5001800US4102,OR-02,100000.0,200000.0,8761806174.765646,0,adjusted_gross_income/amount
5001800US4102,OR-02,200000.0,500000.0,5510376766.52502,0,adjusted_gross_income/amount
5001800US4102,OR-02,500000.0,inf,5177607618.201185,0,adjusted_gross_income/amount
5001800US4102,OR-02,-inf,1.0,8692.741455444977,1,adjusted_gross_income/count
5001800US4102,OR-02,1.0,10000.0,43902.75410707087,1,adjusted_gross_income/count
5001800US4102,OR-02,10000.0,25000.0,67175.02175691938,1,adjusted_gross_income/count
5001800US4102,OR-02,25000.0,50000.0,101002.23490527774,1,adjusted_gross_income/count
5001800US4102,OR-02,50000.0,75000.0,61837.31797356459,1,adjusted_gross_income/count
5001800US4102,OR-02,75000.0,100000.0,41006.10358607554,1,adjusted_gross_income/count
5001800US4102,OR-02,100000.0,200000.0,64429.96225169057,1,adjusted_gross_income/count
5001800US4102,OR-02,200000.0,500000.0,19323.8636203822,1,adjusted_gross_income/count
5001800US4102,OR-02,500000.0,inf,4236.52056928487,1,adjusted_gross_income/count
5001800US4103,OR-03,-inf,1.0,-204952191.91855198,0,adjusted_gross_income/amount
5001800US4103,OR-03,1.0,10000.0,167879058.05329117,0,adjusted_gross_income/amount
5001800US4103,OR-03,10000.0,25000.0,881842807.88097,0,adjusted_gross_income/amount
5001800US4103,OR-03,25000.0,50000.0,3121024912.7302003,0,adjusted_gross_income/amount
5001800US4103,OR-03,50000.0,75000.0,3576540277.473193,0,adjusted_gross_income/amount
5001800US4103,OR-03,75000.0,100000.0,3312420638.7718277,0,adjusted_gross_income/amount
5001800US4103,OR-03,100000.0,200000.0,8744331524.011154,0,adjusted_gross_income/amount
5001800US4103,OR-03,200000.0,500000.0,6745375721.048219,0,adjusted_gross_income/amount
5001800US4103,OR-03,500000.0,inf,4902717282.207527,0,adjusted_gross_income/amount
5001800US4103,OR-03,-inf,1.0,5310.516355022669,1,adjusted_gross_income/count
5001800US4103,OR-03,1.0,10000.0,32907.59891678231,1,adjusted_gross_income/count
5001800US4103,OR-03,10000.0,25000.0,50805.20426834146,1,adjusted_gross_income/count
5001800US4103,OR-03,25000.0,50000.0,83598.42132030518,1,adjusted_gross_income/count
5001800US4103,OR-03,50000.0,75000.0,58160.43968273673,1,adjusted_gross_income/count
5001800US4103,OR-03,75000.0,100000.0,38182.45877260111,1,adjusted_gross_income/count
5001800US4103,OR-03,100000.0,200000.0,63303.84024051879,1,adjusted_gross_income/count
5001800US4103,OR-03,200000.0,500000.0,23722.8269453738,1,adjusted_gross_income/count
5001800US4103,OR-03,500000.0,inf,4147.071241101446,1,adjusted_gross_income/count
5001800US4104,OR-04,-inf,1.0,-221663125.65204883,0,adjusted_gross_income/amount
5001800US4104,OR-04,1.0,10000.0,189006573.3886119,0,adjusted_gross_income/amount
5001800US4104,OR-04,10000.0,25000.0,989391550.2137034,0,adjusted_gross_income/amount
5001800US4104,OR-04,25000.0,50000.0,3011274499.272275,0,adjusted_gross_income/amount
5001800US4104,OR-04,50000.0,75000.0,3057025498.7772856,0,adjusted_gross_income/amount
5001800US4104,OR-04,75000.0,100000.0,2905451554.8729844,0,adjusted_gross_income/amount
5001800US4104,OR-04,100000.0,200000.0,6956191329.850073,0,adjusted_gross_income/amount
5001800US4104,OR-04,200000.0,500000.0,3873810536.1309285,0,adjusted_gross_income/amount
5001800US4104,OR-04,500000.0,inf,3818705603.149362,0,adjusted_gross_income/amount
5001800US4104,OR-04,-inf,1.0,6363.121920142666,1,adjusted_gross_income/count
5001800US4104,OR-04,1.0,10000.0,36903.90299847615,1,adjusted_gross_income/count
5001800US4104,OR-04,10000.0,25000.0,57062.13977388954,1,adjusted_gross_income/count
5001800US4104,OR-04,25000.0,50000.0,82057.37794894422,1,adjusted_gross_income/count
5001800US4104,OR-04,50000.0,75000.0,49685.14905408767,1,adjusted_gross_income/count
5001800US4104,OR-04,75000.0,100000.0,33485.57123905645,1,adjusted_gross_income/count
5001800US4104,OR-04,100000.0,200000.0,51272.25195121143,1,adjusted_gross_income/count
5001800US4104,OR-04,200000.0,500000.0,13679.417272335746,1,adjusted_gross_income/count
5001800US4104,OR-04,500000.0,inf,2722.671954902274,1,adjusted_gross_income/count
5001800US4105,OR-05,-inf,1.0,-191056818.0034116,0,adjusted_gross_income/amount
5001800US4105,OR-05,1.0,10000.0,139795986.46360403,0,adjusted_gross_income/amount
5001800US4105,OR-05,10000.0,25000.0,708445972.8506796,0,adjusted_gross_income/amount
5001800US4105,OR-05,25000.0,50000.0,2371569238.0881133,0,adjusted_gross_income/amount
5001800US4105,OR-05,50000.0,75000.0,2610868271.7469606,0,adjusted_gross_income/amount
5001800US4105,OR-05,75000.0,100000.0,2499668030.9392433,0,adjusted_gross_income/amount
5001800US4105,OR-05,100000.0,200000.0,6656621757.4892845,0,adjusted_gross_income/amount
5001800US4105,OR-05,200000.0,500000.0,4503199384.104344,0,adjusted_gross_income/amount
5001800US4105,OR-05,500000.0,inf,4249327468.1621895,0,adjusted_gross_income/amount
5001800US4105,OR-05,-inf,1.0,4627.791120397597,1,adjusted_gross_income/count
5001800US4105,OR-05,1.0,10000.0,27242.436506704667,1,adjusted_gross_income/count
5001800US4105,OR-05,10000.0,25000.0,40940.57037605429,1,adjusted_gross_income/count
5001800US4105,OR-05,25000.0,50000.0,63954.74699200211,1,adjusted_gross_income/count
5001800US4105,OR-05,50000.0,75000.0,42402.56016837397,1,adjusted_gross_income/count
5001800US4105,OR-05,75000.0,100000.0,28800.28262598146,1,adjusted_gross_income/count
5001800US4105,OR-05,100000.0,200000.0,48494.186758965625,1,adjusted_gross_income/count
5001800US4105,OR-05,200000.0,500000.0,15787.809391648947,1,adjusted_gross_income/count
5001800US4105,OR-05,500000.0,inf,3226.164634640228,1,adjusted_gross_income/count
5001800US4106,OR-06,-inf,1.0,-233492125.85242164,0,adjusted_gross_income/amount
5001800US4106,OR-06,1.0,10000.0,167925163.39444223,0,adjusted_gross_income/amount
5001800US4106,OR-06,10000.0,25000.0,812479237.3570423,0,adjusted_gross_income/amount
5001800US4106,OR-06,25000.0,50000.0,2837350665.5696244,0,adjusted_gross_income/amount
5001800US4106,OR-06,50000.0,75000.0,3281901867.313729,0,adjusted_gross_income/amount
5001800US4106,OR-06,75000.0,100000.0,3237260876.1643376,0,adjusted_gross_income/amount
5001800US4106,OR-06,100000.0,200000.0,9459834607.818552,0,adjusted_gross_income/amount
5001800US4106,OR-06,200000.0,500000.0,7523277383.012199,0,adjusted_gross_income/amount
5001800US4106,OR-06,500000.0,inf,6335000062.419165,0,adjusted_gross_income/amount
5001800US4106,OR-06,-inf,1.0,5337.639635219551,1,adjusted_gross_income/count
5001800US4106,OR-06,1.0,10000.0,32907.59097026237,1,adjusted_gross_income/count
5001800US4106,OR-06,10000.0,25000.0,47037.334003002274,1,adjusted_gross_income/count
5001800US4106,OR-06,25000.0,50000.0,76176.17802080604,1,adjusted_gross_income/count
5001800US4106,OR-06,50000.0,75000.0,53250.36856957755,1,adjusted_gross_income/count
5001800US4106,OR-06,75000.0,100000.0,37267.704913746005,1,adjusted_gross_income/count
5001800US4106,OR-06,100000.0,200000.0,68275.36894137754,1,adjusted_gross_income/count
5001800US4106,OR-06,200000.0,500000.0,26181.758866223234,1,adjusted_gross_income/count
5001800US4106,OR-06,500000.0,inf,4920.280631905181,1,adjusted_gross_income/count
5001800US4201,PA-01,-inf,1.0,-403504537.9347109,0,adjusted_gross_income/amount
5001800US4201,PA-01,1.0,10000.0,209376874.21855563,0,adjusted_gross_income/amount
5001800US4201,PA-01,10000.0,25000.0,796626551.3913759,0,adjusted_gross_income/amount
5001800US4201,PA-01,25000.0,50000.0,2585897011.485333,0,adjusted_gross_income/amount
5001800US4201,PA-01,50000.0,75000.0,3430840905.4235225,0,adjusted_gross_income/amount
5001800US4201,PA-01,75000.0,100000.0,3560627459.120169,0,adjusted_gross_income/amount
5001800US4201,PA-01,100000.0,200000.0,11970952468.925406,0,adjusted_gross_income/amount
5001800US4201,PA-01,200000.0,500000.0,12236152766.642124,0,adjusted_gross_income/amount
5001800US4201,PA-01,500000.0,inf,13562335743.52523,0,adjusted_gross_income/amount
5001800US4201,PA-01,-inf,1.0,5201.643003877779,1,adjusted_gross_income/count
5001800US4201,PA-01,1.0,10000.0,43976.63870037172,1,adjusted_gross_income/count
5001800US4201,PA-01,10000.0,25000.0,46693.17122272651,1,adjusted_gross_income/count
5001800US4201,PA-01,25000.0,50000.0,69168.1711658007,1,adjusted_gross_income/count
5001800US4201,PA-01,50000.0,75000.0,55482.80881201155,1,adjusted_gross_income/count
5001800US4201,PA-01,75000.0,100000.0,40985.29987635996,1,adjusted_gross_income/count
5001800US4201,PA-01,100000.0,200000.0,85146.95386159145,1,adjusted_gross_income/count
5001800US4201,PA-01,200000.0,500000.0,42136.14279321458,1,adjusted_gross_income/count
5001800US4201,PA-01,500000.0,inf,9754.789780013987,1,adjusted_gross_income/count
5001800US4202,PA-02,-inf,1.0,-68817322.11292595,0,adjusted_gross_income/amount
5001800US4202,PA-02,1.0,10000.0,197960459.97931084,0,adjusted_gross_income/amount
5001800US4202,PA-02,10000.0,25000.0,1186645347.268305,0,adjusted_gross_income/amount
5001800US4202,PA-02,25000.0,50000.0,3284456818.8445973,0,adjusted_gross_income/amount
5001800US4202,PA-02,50000.0,75000.0,3057480945.1290684,0,adjusted_gross_income/amount
5001800US4202,PA-02,75000.0,100000.0,2304274452.600074,0,adjusted_gross_income/amount
5001800US4202,PA-02,100000.0,200000.0,4159839240.73738,0,adjusted_gross_income/amount
5001800US4202,PA-02,200000.0,500000.0,1791837806.533053,0,adjusted_gross_income/amount
5001800US4202,PA-02,500000.0,inf,872547694.0245332,0,adjusted_gross_income/amount
5001800US4202,PA-02,-inf,1.0,5675.680622666764,1,adjusted_gross_income/count
5001800US4202,PA-02,1.0,10000.0,37466.511054920265,1,adjusted_gross_income/count
5001800US4202,PA-02,10000.0,25000.0,69577.33565141095,1,adjusted_gross_income/count
5001800US4202,PA-02,25000.0,50000.0,89293.19772718372,1,adjusted_gross_income/count
5001800US4202,PA-02,50000.0,75000.0,49988.81584121129,1,adjusted_gross_income/count
5001800US4202,PA-02,75000.0,100000.0,26744.660957924127,1,adjusted_gross_income/count
5001800US4202,PA-02,100000.0,200000.0,31073.565177577926,1,adjusted_gross_income/count
5001800US4202,PA-02,200000.0,500000.0,6551.547168064724,1,adjusted_gross_income/count
5001800US4202,PA-02,500000.0,inf,774.809497441897,1,adjusted_gross_income/count
5001800US4203,PA-03,-inf,1.0,-237549924.24420106,0,adjusted_gross_income/amount
5001800US4203,PA-03,1.0,10000.0,177108940.77838686,0,adjusted_gross_income/amount
5001800US4203,PA-03,10000.0,25000.0,1054793777.7976959,0,adjusted_gross_income/amount
5001800US4203,PA-03,25000.0,50000.0,3176643626.135321,0,adjusted_gross_income/amount
5001800US4203,PA-03,50000.0,75000.0,3479115049.4937177,0,adjusted_gross_income/amount
5001800US4203,PA-03,75000.0,100000.0,2758419036.982047,0,adjusted_gross_income/amount
5001800US4203,PA-03,100000.0,200000.0,5810219468.299465,0,adjusted_gross_income/amount
5001800US4203,PA-03,200000.0,500000.0,5281336593.400542,0,adjusted_gross_income/amount
5001800US4203,PA-03,500000.0,inf,7190844843.952148,0,adjusted_gross_income/amount
5001800US4203,PA-03,-inf,1.0,4919.467320450632,1,adjusted_gross_income/count
5001800US4203,PA-03,1.0,10000.0,33483.73945571777,1,adjusted_gross_income/count
5001800US4203,PA-03,10000.0,25000.0,61404.7370634953,1,adjusted_gross_income/count
5001800US4203,PA-03,25000.0,50000.0,85778.49562541826,1,adjusted_gross_income/count
5001800US4203,PA-03,50000.0,75000.0,56612.96908611862,1,adjusted_gross_income/count
5001800US4203,PA-03,75000.0,100000.0,31994.969843176765,1,adjusted_gross_income/count
5001800US4203,PA-03,100000.0,200000.0,42517.359669728496,1,adjusted_gross_income/count
5001800US4203,PA-03,200000.0,500000.0,18011.445927185112,1,adjusted_gross_income/count
5001800US4203,PA-03,500000.0,inf,4860.545114489199,1,adjusted_gross_income/count
5001800US4204,PA-04,-inf,1.0,-348530206.3019285,0,adjusted_gross_income/amount
5001800US4204,PA-04,1.0,10000.0,192981770.25606743,0,adjusted_gross_income/amount
5001800US4204,PA-04,10000.0,25000.0,728437610.6035945,0,adjusted_gross_income/amount
5001800US4204,PA-04,25000.0,50000.0,2396576608.424987,0,adjusted_gross_income/amount
5001800US4204,PA-04,50000.0,75000.0,3225773356.7843733,0,adjusted_gross_income/amount
5001800US4204,PA-04,75000.0,100000.0,3359529698.28415,0,adjusted_gross_income/amount
5001800US4204,PA-04,100000.0,200000.0,11242365572.61474,0,adjusted_gross_income/amount
5001800US4204,PA-04,200000.0,500000.0,11957786021.63546,0,adjusted_gross_income/amount
5001800US4204,PA-04,500000.0,inf,15650206252.293806,0,adjusted_gross_income/amount
5001800US4204,PA-04,-inf,1.0,5439.584222243733,1,adjusted_gross_income/count
5001800US4204,PA-04,1.0,10000.0,41094.64886405965,1,adjusted_gross_income/count
5001800US4204,PA-04,10000.0,25000.0,42804.020739599575,1,adjusted_gross_income/count
5001800US4204,PA-04,25000.0,50000.0,64031.41774571746,1,adjusted_gross_income/count
5001800US4204,PA-04,50000.0,75000.0,52143.02910181262,1,adjusted_gross_income/count
5001800US4204,PA-04,75000.0,100000.0,38646.634636419745,1,adjusted_gross_income/count
5001800US4204,PA-04,100000.0,200000.0,79959.9586272062,1,adjusted_gross_income/count
5001800US4204,PA-04,200000.0,500000.0,41042.88272965343,1,adjusted_gross_income/count
5001800US4204,PA-04,500000.0,inf,9950.942556296082,1,adjusted_gross_income/count
5001800US4205,PA-05,-inf,1.0,-291948705.01852554,0,adjusted_gross_income/amount
5001800US4205,PA-05,1.0,10000.0,194456716.6534842,0,adjusted_gross_income/amount
5001800US4205,PA-05,10000.0,25000.0,944489301.3905914,0,adjusted_gross_income/amount
5001800US4205,PA-05,25000.0,50000.0,2803974447.3036,0,adjusted_gross_income/amount
5001800US4205,PA-05,50000.0,75000.0,3295194108.7880764,0,adjusted_gross_income/amount
5001800US4205,PA-05,75000.0,100000.0,3073110032.106741,0,adjusted_gross_income/amount
5001800US4205,PA-05,100000.0,200000.0,9036697630.40479,0,adjusted_gross_income/amount
5001800US4205,PA-05,200000.0,500000.0,9383703798.769217,0,adjusted_gross_income/amount
5001800US4205,PA-05,500000.0,inf,14296593562.827297,0,adjusted_gross_income/amount
5001800US4205,PA-05,-inf,1.0,5212.262866608529,1,adjusted_gross_income/count
5001800US4205,PA-05,1.0,10000.0,39033.63904768359,1,adjusted_gross_income/count
5001800US4205,PA-05,10000.0,25000.0,55260.1384565085,1,adjusted_gross_income/count
5001800US4205,PA-05,25000.0,50000.0,75454.9515274498,1,adjusted_gross_income/count
5001800US4205,PA-05,50000.0,75000.0,53482.43404307167,1,adjusted_gross_income/count
5001800US4205,PA-05,75000.0,100000.0,35475.295302839164,1,adjusted_gross_income/count
5001800US4205,PA-05,100000.0,200000.0,64642.28687475734,1,adjusted_gross_income/count
5001800US4205,PA-05,200000.0,500000.0,32095.17337294507,1,adjusted_gross_income/count
5001800US4205,PA-05,500000.0,inf,9287.43327924676,1,adjusted_gross_income/count
5001800US4206,PA-06,-inf,1.0,-335221366.67989206,0,adjusted_gross_income/amount
5001800US4206,PA-06,1.0,10000.0,192050659.0696578,0,adjusted_gross_income/amount
5001800US4206,PA-06,10000.0,25000.0,787402769.6450499,0,adjusted_gross_income/amount
5001800US4206,PA-06,25000.0,50000.0,2480350188.9303317,0,adjusted_gross_income/amount
5001800US4206,PA-06,50000.0,75000.0,2895718457.795901,0,adjusted_gross_income/amount
5001800US4206,PA-06,75000.0,100000.0,2835528786.3397985,0,adjusted_gross_income/amount
5001800US4206,PA-06,100000.0,200000.0,9704601525.373016,0,adjusted_gross_income/amount
5001800US4206,PA-06,200000.0,500000.0,11861341021.075008,0,adjusted_gross_income/amount
5001800US4206,PA-06,500000.0,inf,13638026105.536379,0,adjusted_gross_income/amount
5001800US4206,PA-06,-inf,1.0,4875.277664702511,1,adjusted_gross_income/count
5001800US4206,PA-06,1.0,10000.0,39940.48672106863,1,adjusted_gross_income/count
5001800US4206,PA-06,10000.0,25000.0,46227.10171082146,1,adjusted_gross_income/count
5001800US4206,PA-06,25000.0,50000.0,66660.21363461377,1,adjusted_gross_income/count
5001800US4206,PA-06,50000.0,75000.0,47001.61956963633,1,adjusted_gross_income/count
5001800US4206,PA-06,75000.0,100000.0,32655.032321961153,1,adjusted_gross_income/count
5001800US4206,PA-06,100000.0,200000.0,68683.98467396712,1,adjusted_gross_income/count
5001800US4206,PA-06,200000.0,500000.0,40249.968443327736,1,adjusted_gross_income/count
5001800US4206,PA-06,500000.0,inf,10058.858522677412,1,adjusted_gross_income/count
5001800US4207,PA-07,-inf,1.0,-195486422.24941716,0,adjusted_gross_income/amount
5001800US4207,PA-07,1.0,10000.0,224208225.99257496,0,adjusted_gross_income/amount
5001800US4207,PA-07,10000.0,25000.0,1022254080.4920957,0,adjusted_gross_income/amount
5001800US4207,PA-07,25000.0,50000.0,3209598432.3558264,0,adjusted_gross_income/amount
5001800US4207,PA-07,50000.0,75000.0,3593053866.1802964,0,adjusted_gross_income/amount
5001800US4207,PA-07,75000.0,100000.0,3278892049.7961693,0,adjusted_gross_income/amount
5001800US4207,PA-07,100000.0,200000.0,8939547558.03513,0,adjusted_gross_income/amount
5001800US4207,PA-07,200000.0,500000.0,6034019092.9504595,0,adjusted_gross_income/amount
5001800US4207,PA-07,500000.0,inf,4888171149.201796,0,adjusted_gross_income/amount
5001800US4207,PA-07,-inf,1.0,5434.1026257932335,1,adjusted_gross_income/count
5001800US4207,PA-07,1.0,10000.0,45517.70694058689,1,adjusted_gross_income/count
5001800US4207,PA-07,10000.0,25000.0,59843.57724573284,1,adjusted_gross_income/count
5001800US4207,PA-07,25000.0,50000.0,86309.42404374924,1,adjusted_gross_income/count
5001800US4207,PA-07,50000.0,75000.0,58406.91658661449,1,adjusted_gross_income/count
5001800US4207,PA-07,75000.0,100000.0,37840.52464581094,1,adjusted_gross_income/count
5001800US4207,PA-07,100000.0,200000.0,64952.87635750902,1,adjusted_gross_income/count
5001800US4207,PA-07,200000.0,500000.0,21238.360070156956,1,adjusted_gross_income/count
5001800US4207,PA-07,500000.0,inf,3828.037867318634,1,adjusted_gross_income/count
5001800US4208,PA-08,-inf,1.0,-139571750.85327214,0,adjusted_gross_income/amount
5001800US4208,PA-08,1.0,10000.0,236795604.0914234,0,adjusted_gross_income/amount
5001800US4208,PA-08,10000.0,25000.0,1092324833.8557467,0,adjusted_gross_income/amount
5001800US4208,PA-08,25000.0,50000.0,3386643908.971582,0,adjusted_gross_income/amount
5001800US4208,PA-08,50000.0,75000.0,3432443444.8377924,0,adjusted_gross_income/amount
5001800US4208,PA-08,75000.0,100000.0,3068584845.2853866,0,adjusted_gross_income/amount
5001800US4208,PA-08,100000.0,200000.0,7265901434.764361,0,adjusted_gross_income/amount
5001800US4208,PA-08,200000.0,500000.0,3708234253.0038123,0,adjusted_gross_income/amount
5001800US4208,PA-08,500000.0,inf,2943431385.119862,0,adjusted_gross_income/amount
5001800US4208,PA-08,-inf,1.0,5900.137797626422,1,adjusted_gross_income/count
5001800US4208,PA-08,1.0,10000.0,47786.987958795944,1,adjusted_gross_income/count
5001800US4208,PA-08,10000.0,25000.0,64076.19389985577,1,adjusted_gross_income/count
5001800US4208,PA-08,25000.0,50000.0,91822.77749623693,1,adjusted_gross_income/count
5001800US4208,PA-08,50000.0,75000.0,55895.36843742596,1,adjusted_gross_income/count
5001800US4208,PA-08,75000.0,100000.0,35459.97615734125,1,adjusted_gross_income/count
5001800US4208,PA-08,100000.0,200000.0,53588.57862079546,1,adjusted_gross_income/count
5001800US4208,PA-08,200000.0,500000.0,13222.032657639915,1,adjusted_gross_income/count
5001800US4208,PA-08,500000.0,inf,2385.5436075851767,1,adjusted_gross_income/count
5001800US4209,PA-09,-inf,1.0,-165401158.08612233,0,adjusted_gross_income/amount
5001800US4209,PA-09,1.0,10000.0,259769490.38593858,0,adjusted_gross_income/amount
5001800US4209,PA-09,10000.0,25000.0,1082285605.9523265,0,adjusted_gross_income/amount
5001800US4209,PA-09,25000.0,50000.0,3589165591.6065707,0,adjusted_gross_income/amount
5001800US4209,PA-09,50000.0,75000.0,4094820079.976827,0,adjusted_gross_income/amount
5001800US4209,PA-09,75000.0,100000.0,3874078460.1502433,0,adjusted_gross_income/amount
5001800US4209,PA-09,100000.0,200000.0,9266210896.324072,0,adjusted_gross_income/amount
5001800US4209,PA-09,200000.0,500000.0,4342320433.14297,0,adjusted_gross_income/amount
5001800US4209,PA-09,500000.0,inf,3361472760.663593,0,adjusted_gross_income/amount
5001800US4209,PA-09,-inf,1.0,6354.517816575596,1,adjusted_gross_income/count
5001800US4209,PA-09,1.0,10000.0,53277.86283496858,1,adjusted_gross_income/count
5001800US4209,PA-09,10000.0,25000.0,63381.377770321866,1,adjusted_gross_income/count
5001800US4209,PA-09,25000.0,50000.0,96468.39104334115,1,adjusted_gross_income/count
5001800US4209,PA-09,50000.0,75000.0,66596.57379047884,1,adjusted_gross_income/count
5001800US4209,PA-09,75000.0,100000.0,44654.28870260394,1,adjusted_gross_income/count
5001800US4209,PA-09,100000.0,200000.0,68637.84907184762,1,adjusted_gross_income/count
5001800US4209,PA-09,200000.0,500000.0,15599.53021473449,1,adjusted_gross_income/count
5001800US4209,PA-09,500000.0,inf,2760.628357941764,1,adjusted_gross_income/count
5001800US4210,PA-10,-inf,1.0,-144649343.7911146,0,adjusted_gross_income/amount
5001800US4210,PA-10,1.0,10000.0,232314916.41193777,0,adjusted_gross_income/amount
5001800US4210,PA-10,10000.0,25000.0,1027727928.3615193,0,adjusted_gross_income/amount
5001800US4210,PA-10,25000.0,50000.0,3464793355.945689,0,adjusted_gross_income/amount
5001800US4210,PA-10,50000.0,75000.0,3868403631.568934,0,adjusted_gross_income/amount
5001800US4210,PA-10,75000.0,100000.0,3562846062.459999,0,adjusted_gross_income/amount
5001800US4210,PA-10,100000.0,200000.0,9450732252.376375,0,adjusted_gross_income/amount
5001800US4210,PA-10,200000.0,500000.0,5499576674.204244,0,adjusted_gross_income/amount
5001800US4210,PA-10,500000.0,inf,5242069327.996734,0,adjusted_gross_income/amount
5001800US4210,PA-10,-inf,1.0,5615.580225907559,1,adjusted_gross_income/count
5001800US4210,PA-10,1.0,10000.0,47088.482421705594,1,adjusted_gross_income/count
5001800US4210,PA-10,10000.0,25000.0,60219.75884483765,1,adjusted_gross_income/count
5001800US4210,PA-10,25000.0,50000.0,92933.31733981558,1,adjusted_gross_income/count
5001800US4210,PA-10,50000.0,75000.0,62865.707141939805,1,adjusted_gross_income/count
5001800US4210,PA-10,75000.0,100000.0,41093.575621491014,1,adjusted_gross_income/count
5001800US4210,PA-10,100000.0,200000.0,69011.44464852122,1,adjusted_gross_income/count
5001800US4210,PA-10,200000.0,500000.0,19570.099103293353,1,adjusted_gross_income/count
5001800US4210,PA-10,500000.0,inf,3890.699994494291,1,adjusted_gross_income/count
5001800US4211,PA-11,-inf,1.0,-221931074.55667445,0,adjusted_gross_income/amount
5001800US4211,PA-11,1.0,10000.0,221538165.05666846,0,adjusted_gross_income/amount
5001800US4211,PA-11,10000.0,25000.0,892133218.401739,0,adjusted_gross_income/amount
5001800US4211,PA-11,25000.0,50000.0,3071510151.6263804,0,adjusted_gross_income/amount
5001800US4211,PA-11,50000.0,75000.0,3736663371.1437063,0,adjusted_gross_income/amount
5001800US4211,PA-11,75000.0,100000.0,3611267851.057118,0,adjusted_gross_income/amount
5001800US4211,PA-11,100000.0,200000.0,9401058900.504835,0,adjusted_gross_income/amount
5001800US4211,PA-11,200000.0,500000.0,5028802854.271854,0,adjusted_gross_income/amount
5001800US4211,PA-11,500000.0,inf,4701703513.50878,0,adjusted_gross_income/amount
5001800US4211,PA-11,-inf,1.0,4197.930434526237,1,adjusted_gross_income/count
5001800US4211,PA-11,1.0,10000.0,44038.18372216108,1,adjusted_gross_income/count
5001800US4211,PA-11,10000.0,25000.0,52256.25178336064,1,adjusted_gross_income/count
5001800US4211,PA-11,25000.0,50000.0,82226.16296203424,1,adjusted_gross_income/count
5001800US4211,PA-11,50000.0,75000.0,60641.04236362464,1,adjusted_gross_income/count
5001800US4211,PA-11,75000.0,100000.0,41614.87727212798,1,adjusted_gross_income/count
5001800US4211,PA-11,100000.0,200000.0,69157.98196428546,1,adjusted_gross_income/count
5001800US4211,PA-11,200000.0,500000.0,17909.789552193444,1,adjusted_gross_income/count
5001800US4211,PA-11,500000.0,inf,3520.5026245254007,1,adjusted_gross_income/count
5001800US4212,PA-12,-inf,1.0,-190200436.4337185,0,adjusted_gross_income/amount
5001800US4212,PA-12,1.0,10000.0,221538439.10196227,0,adjusted_gross_income/amount
5001800US4212,PA-12,10000.0,25000.0,1026394208.8677728,0,adjusted_gross_income/amount
5001800US4212,PA-12,25000.0,50000.0,3389434068.1721315,0,adjusted_gross_income/amount
5001800US4212,PA-12,50000.0,75000.0,3652796520.4660335,0,adjusted_gross_income/amount
5001800US4212,PA-12,75000.0,100000.0,3259429767.943837,0,adjusted_gross_income/amount
5001800US4212,PA-12,100000.0,200000.0,8292922234.606551,0,adjusted_gross_income/amount
5001800US4212,PA-12,200000.0,500000.0,5582011193.791804,0,adjusted_gross_income/amount
5001800US4212,PA-12,500000.0,inf,5667941689.276805,0,adjusted_gross_income/amount
5001800US4212,PA-12,-inf,1.0,5680.866102720283,1,adjusted_gross_income/count
5001800US4212,PA-12,1.0,10000.0,44710.57173016321,1,adjusted_gross_income/count
5001800US4212,PA-12,10000.0,25000.0,60087.43195399496,1,adjusted_gross_income/count
5001800US4212,PA-12,25000.0,50000.0,91370.86344029082,1,adjusted_gross_income/count
5001800US4212,PA-12,50000.0,75000.0,59416.02528167072,1,adjusted_gross_income/count
5001800US4212,PA-12,75000.0,100000.0,37596.389713834236,1,adjusted_gross_income/count
5001800US4212,PA-12,100000.0,200000.0,60586.31263169034,1,adjusted_gross_income/count
5001800US4212,PA-12,200000.0,500000.0,19462.419600363824,1,adjusted_gross_income/count
5001800US4212,PA-12,500000.0,inf,4211.686421739447,1,adjusted_gross_income/count
5001800US4213,PA-13,-inf,1.0,-137063258.7713625,0,adjusted_gross_income/amount
5001800US4213,PA-13,1.0,10000.0,238709203.45087183,0,adjusted_gross_income/amount
5001800US4213,PA-13,10000.0,25000.0,1031071105.0288216,0,adjusted_gross_income/amount
5001800US4213,PA-13,25000.0,50000.0,3315868103.6376038,0,adjusted_gross_income/amount
5001800US4213,PA-13,50000.0,75000.0,3642444218.3591137,0,adjusted_gross_income/amount
5001800US4213,PA-13,75000.0,100000.0,3434443319.237928,0,adjusted_gross_income/amount
5001800US4213,PA-13,100000.0,200000.0,7740202889.433249,0,adjusted_gross_income/amount
5001800US4213,PA-13,200000.0,500000.0,3262345886.1396556,0,adjusted_gross_income/amount
5001800US4213,PA-13,500000.0,inf,2876641127.574497,0,adjusted_gross_income/amount
5001800US4213,PA-13,-inf,1.0,6470.690118755905,1,adjusted_gross_income/count
5001800US4213,PA-13,1.0,10000.0,48983.709285371064,1,adjusted_gross_income/count
5001800US4213,PA-13,10000.0,25000.0,60216.59647795442,1,adjusted_gross_income/count
5001800US4213,PA-13,25000.0,50000.0,89604.87132784896,1,adjusted_gross_income/count
5001800US4213,PA-13,50000.0,75000.0,59143.32853429651,1,adjusted_gross_income/count
5001800US4213,PA-13,75000.0,100000.0,39541.23615133668,1,adjusted_gross_income/count
5001800US4213,PA-13,100000.0,200000.0,57865.07277411765,1,adjusted_gross_income/count
5001800US4213,PA-13,200000.0,500000.0,11740.384572766023,1,adjusted_gross_income/count
5001800US4213,PA-13,500000.0,inf,2200.5343871155605,1,adjusted_gross_income/count
5001800US4214,PA-14,-inf,1.0,-156239282.0929627,0,adjusted_gross_income/amount
5001800US4214,PA-14,1.0,10000.0,231615993.4673469,0,adjusted_gross_income/amount
5001800US4214,PA-14,10000.0,25000.0,982660911.0440629,0,adjusted_gross_income/amount
5001800US4214,PA-14,25000.0,50000.0,3133426169.8443527,0,adjusted_gross_income/amount
5001800US4214,PA-14,50000.0,75000.0,3511412733.6185718,0,adjusted_gross_income/amount
5001800US4214,PA-14,75000.0,100000.0,3418913704.4567423,0,adjusted_gross_income/amount
5001800US4214,PA-14,100000.0,200000.0,8951812088.584368,0,adjusted_gross_income/amount
5001800US4214,PA-14,200000.0,500000.0,4910977945.548584,0,adjusted_gross_income/amount
5001800US4214,PA-14,500000.0,inf,4500553910.361273,0,adjusted_gross_income/amount
5001800US4214,PA-14,-inf,1.0,5796.902590592259,1,adjusted_gross_income/count
5001800US4214,PA-14,1.0,10000.0,47692.8757685331,1,adjusted_gross_income/count
5001800US4214,PA-14,10000.0,25000.0,57440.77294192153,1,adjusted_gross_income/count
5001800US4214,PA-14,25000.0,50000.0,84726.55122314484,1,adjusted_gross_income/count
5001800US4214,PA-14,50000.0,75000.0,56935.89099411179,1,adjusted_gross_income/count
5001800US4214,PA-14,75000.0,100000.0,39355.521309943135,1,adjusted_gross_income/count
5001800US4214,PA-14,100000.0,200000.0,65618.78239953678,1,adjusted_gross_income/count
5001800US4214,PA-14,200000.0,500000.0,17494.97097853044,1,adjusted_gross_income/count
5001800US4214,PA-14,500000.0,inf,3318.626986235696,1,adjusted_gross_income/count
5001800US4215,PA-15,-inf,1.0,-173418141.24404827,0,adjusted_gross_income/amount
5001800US4215,PA-15,1.0,10000.0,224436137.9890552,0,adjusted_gross_income/amount
5001800US4215,PA-15,10000.0,25000.0,940238939.7640439,0,adjusted_gross_income/amount
5001800US4215,PA-15,25000.0,50000.0,3064634780.270297,0,adjusted_gross_income/amount
5001800US4215,PA-15,50000.0,75000.0,3340187903.65617,0,adjusted_gross_income/amount
5001800US4215,PA-15,75000.0,100000.0,3163495166.0094113,0,adjusted_gross_income/amount
5001800US4215,PA-15,100000.0,200000.0,6994294542.163912,0,adjusted_gross_income/amount
5001800US4215,PA-15,200000.0,500000.0,3014404571.952139,0,adjusted_gross_income/amount
5001800US4215,PA-15,500000.0,inf,3027286599.7609715,0,adjusted_gross_income/amount
5001800US4215,PA-15,-inf,1.0,6159.558730378076,1,adjusted_gross_income/count
5001800US4215,PA-15,1.0,10000.0,46469.57774167693,1,adjusted_gross_income/count
5001800US4215,PA-15,10000.0,25000.0,54920.48952013219,1,adjusted_gross_income/count
5001800US4215,PA-15,25000.0,50000.0,82990.62487821137,1,adjusted_gross_income/count
5001800US4215,PA-15,50000.0,75000.0,54218.063209110485,1,adjusted_gross_income/count
5001800US4215,PA-15,75000.0,100000.0,36468.82544969665,1,adjusted_gross_income/count
5001800US4215,PA-15,100000.0,200000.0,52369.763051133305,1,adjusted_gross_income/count
5001800US4215,PA-15,200000.0,500000.0,10742.894477886914,1,adjusted_gross_income/count
5001800US4215,PA-15,500000.0,inf,2060.1956399817127,1,adjusted_gross_income/count
5001800US4216,PA-16,-inf,1.0,-174116301.83276492,0,adjusted_gross_income/amount
5001800US4216,PA-16,1.0,10000.0,245026807.82389173,0,adjusted_gross_income/amount
5001800US4216,PA-16,10000.0,25000.0,1039632955.8886317,0,adjusted_gross_income/amount
5001800US4216,PA-16,25000.0,50000.0,3221821112.4963207,0,adjusted_gross_income/amount
5001800US4216,PA-16,50000.0,75000.0,3365957739.805595,0,adjusted_gross_income/amount
5001800US4216,PA-16,75000.0,100000.0,3121649347.764129,0,adjusted_gross_income/amount
5001800US4216,PA-16,100000.0,200000.0,7472334800.510344,0,adjusted_gross_income/amount
5001800US4216,PA-16,200000.0,500000.0,4274154381.287629,0,adjusted_gross_income/amount
5001800US4216,PA-16,500000.0,inf,3960759256.530838,0,adjusted_gross_income/amount
5001800US4216,PA-16,-inf,1.0,6120.940263822046,1,adjusted_gross_income/count
5001800US4216,PA-16,1.0,10000.0,50122.66758062805,1,adjusted_gross_income/count
5001800US4216,PA-16,10000.0,25000.0,60832.311620761575,1,adjusted_gross_income/count
5001800US4216,PA-16,25000.0,50000.0,87576.81989895969,1,adjusted_gross_income/count
5001800US4216,PA-16,50000.0,75000.0,54712.68692471435,1,adjusted_gross_income/count
5001800US4216,PA-16,75000.0,100000.0,35989.88731578572,1,adjusted_gross_income/count
5001800US4216,PA-16,100000.0,200000.0,55367.59074857334,1,adjusted_gross_income/count
5001800US4216,PA-16,200000.0,500000.0,15026.448213717853,1,adjusted_gross_income/count
5001800US4216,PA-16,500000.0,inf,3078.632085225444,1,adjusted_gross_income/count
5001800US4217,PA-17,-inf,1.0,-252498714.46561348,0,adjusted_gross_income/amount
5001800US4217,PA-17,1.0,10000.0,225230789.40895432,0,adjusted_gross_income/amount
5001800US4217,PA-17,10000.0,25000.0,902836323.034549,0,adjusted_gross_income/amount
5001800US4217,PA-17,25000.0,50000.0,3079748087.8941674,0,adjusted_gross_income/amount
5001800US4217,PA-17,50000.0,75000.0,3681673824.5894804,0,adjusted_gross_income/amount
5001800US4217,PA-17,75000.0,100000.0,3636494151.8766427,0,adjusted_gross_income/amount
5001800US4217,PA-17,100000.0,200000.0,10744678414.636648,0,adjusted_gross_income/amount
5001800US4217,PA-17,200000.0,500000.0,8878951712.093336,0,adjusted_gross_income/amount
5001800US4217,PA-17,500000.0,inf,9633502447.924173,0,adjusted_gross_income/amount
5001800US4217,PA-17,-inf,1.0,5023.446891707203,1,adjusted_gross_income/count
5001800US4217,PA-17,1.0,10000.0,47359.95562318194,1,adjusted_gross_income/count
5001800US4217,PA-17,10000.0,25000.0,52883.69494861132,1,adjusted_gross_income/count
5001800US4217,PA-17,25000.0,50000.0,82392.59963948817,1,adjusted_gross_income/count
5001800US4217,PA-17,50000.0,75000.0,59728.300930141144,1,adjusted_gross_income/count
5001800US4217,PA-17,75000.0,100000.0,41885.712820394314,1,adjusted_gross_income/count
5001800US4217,PA-17,100000.0,200000.0,77487.9847503789,1,adjusted_gross_income/count
5001800US4217,PA-17,200000.0,500000.0,30799.889328142082,1,adjusted_gross_income/count
5001800US4217,PA-17,500000.0,inf,7056.955015572501,1,adjusted_gross_income/count
5001800US4401,RI-01,-inf,1.0,-134906375.59025288,0,adjusted_gross_income/amount
5001800US4401,RI-01,1.0,10000.0,157416395.83348322,0,adjusted_gross_income/amount
5001800US4401,RI-01,10000.0,25000.0,747792321.1796982,0,adjusted_gross_income/amount
5001800US4401,RI-01,25000.0,50000.0,2442530605.460584,0,adjusted_gross_income/amount
5001800US4401,RI-01,50000.0,75000.0,2784308696.7659035,0,adjusted_gross_income/amount
5001800US4401,RI-01,75000.0,100000.0,2495024211.348105,0,adjusted_gross_income/amount
5001800US4401,RI-01,100000.0,200000.0,6267082508.038563,0,adjusted_gross_income/amount
5001800US4401,RI-01,200000.0,500000.0,4514970028.194126,0,adjusted_gross_income/amount
5001800US4401,RI-01,500000.0,inf,5196229590.193055,0,adjusted_gross_income/amount
5001800US4401,RI-01,-inf,1.0,4352.661083652321,1,adjusted_gross_income/count
5001800US4401,RI-01,1.0,10000.0,31813.839854387345,1,adjusted_gross_income/count
5001800US4401,RI-01,10000.0,25000.0,43570.72299527244,1,adjusted_gross_income/count
5001800US4401,RI-01,25000.0,50000.0,65654.96873945407,1,adjusted_gross_income/count
5001800US4401,RI-01,50000.0,75000.0,45220.10007316118,1,adjusted_gross_income/count
5001800US4401,RI-01,75000.0,100000.0,28874.716504659402,1,adjusted_gross_income/count
5001800US4401,RI-01,100000.0,200000.0,45555.36845946542,1,adjusted_gross_income/count
5001800US4401,RI-01,200000.0,500000.0,15881.795736089198,1,adjusted_gross_income/count
5001800US4401,RI-01,500000.0,inf,3509.746536876033,1,adjusted_gross_income/count
5001800US4402,RI-02,-inf,1.0,-167149981.75545004,0,adjusted_gross_income/amount
5001800US4402,RI-02,1.0,10000.0,159058523.50030288,0,adjusted_gross_income/amount
5001800US4402,RI-02,10000.0,25000.0,752319636.5730456,0,adjusted_gross_income/amount
5001800US4402,RI-02,25000.0,50000.0,2363651715.0062957,0,adjusted_gross_income/amount
5001800US4402,RI-02,50000.0,75000.0,2750286749.396707,0,adjusted_gross_income/amount
5001800US4402,RI-02,75000.0,100000.0,2571769961.405306,0,adjusted_gross_income/amount
5001800US4402,RI-02,100000.0,200000.0,6903558827.965082,0,adjusted_gross_income/amount
5001800US4402,RI-02,200000.0,500000.0,4488430001.718467,0,adjusted_gross_income/amount
5001800US4402,RI-02,500000.0,inf,3948898607.868353,0,adjusted_gross_income/amount
5001800US4402,RI-02,-inf,1.0,4619.296150436033,1,adjusted_gross_income/count
5001800US4402,RI-02,1.0,10000.0,31988.571423316247,1,adjusted_gross_income/count
5001800US4402,RI-02,10000.0,25000.0,43870.74790751914,1,adjusted_gross_income/count
5001800US4402,RI-02,25000.0,50000.0,63634.435971551386,1,adjusted_gross_income/count
5001800US4402,RI-02,50000.0,75000.0,44586.187788595846,1,adjusted_gross_income/count
5001800US4402,RI-02,75000.0,100000.0,29709.584025047272,1,adjusted_gross_income/count
5001800US4402,RI-02,100000.0,200000.0,50031.89628253219,1,adjusted_gross_income/count
5001800US4402,RI-02,200000.0,500000.0,15889.800852674238,1,adjusted_gross_income/count
5001800US4402,RI-02,500000.0,inf,2934.6530090386336,1,adjusted_gross_income/count
5001800US4501,SC-01,-inf,1.0,-425739079.0852121,0,adjusted_gross_income/amount
5001800US4501,SC-01,1.0,10000.0,189591396.4577781,0,adjusted_gross_income/amount
5001800US4501,SC-01,10000.0,25000.0,1029531926.4121904,0,adjusted_gross_income/amount
5001800US4501,SC-01,25000.0,50000.0,3256040711.0567865,0,adjusted_gross_income/amount
5001800US4501,SC-01,50000.0,75000.0,3530466570.296367,0,adjusted_gross_income/amount
5001800US4501,SC-01,75000.0,100000.0,3191431555.7713714,0,adjusted_gross_income/amount
5001800US4501,SC-01,100000.0,200000.0,9479110116.84376,0,adjusted_gross_income/amount
5001800US4501,SC-01,200000.0,500000.0,8231269617.49395,0,adjusted_gross_income/amount
5001800US4501,SC-01,500000.0,inf,12174979187.742434,0,adjusted_gross_income/amount
5001800US4501,SC-01,-inf,1.0,5564.868279111184,1,adjusted_gross_income/count
5001800US4501,SC-01,1.0,10000.0,37932.67443562857,1,adjusted_gross_income/count
5001800US4501,SC-01,10000.0,25000.0,59684.14320846467,1,adjusted_gross_income/count
5001800US4501,SC-01,25000.0,50000.0,88277.8409477287,1,adjusted_gross_income/count
5001800US4501,SC-01,50000.0,75000.0,57440.69924742524,1,adjusted_gross_income/count
5001800US4501,SC-01,75000.0,100000.0,36793.782988053616,1,adjusted_gross_income/count
5001800US4501,SC-01,100000.0,200000.0,68445.34521223008,1,adjusted_gross_income/count
5001800US4501,SC-01,200000.0,500000.0,28255.199080784565,1,adjusted_gross_income/count
5001800US4501,SC-01,500000.0,inf,8017.749001483541,1,adjusted_gross_income/count
5001800US4502,SC-02,-inf,1.0,-204251631.113137,0,adjusted_gross_income/amount
5001800US4502,SC-02,1.0,10000.0,187806214.60293496,0,adjusted_gross_income/amount
5001800US4502,SC-02,10000.0,25000.0,1035544092.06892,0,adjusted_gross_income/amount
5001800US4502,SC-02,25000.0,50000.0,3051865876.8093524,0,adjusted_gross_income/amount
5001800US4502,SC-02,50000.0,75000.0,3187934625.9112134,0,adjusted_gross_income/amount
5001800US4502,SC-02,75000.0,100000.0,2907173315.942427,0,adjusted_gross_income/amount
5001800US4502,SC-02,100000.0,200000.0,7711479610.350616,0,adjusted_gross_income/amount
5001800US4502,SC-02,200000.0,500000.0,4728132987.046921,0,adjusted_gross_income/amount
5001800US4502,SC-02,500000.0,inf,4086531049.352219,0,adjusted_gross_income/amount
5001800US4502,SC-02,-inf,1.0,4941.374305737124,1,adjusted_gross_income/count
5001800US4502,SC-02,1.0,10000.0,36219.97868687743,1,adjusted_gross_income/count
5001800US4502,SC-02,10000.0,25000.0,60215.0895528642,1,adjusted_gross_income/count
5001800US4502,SC-02,25000.0,50000.0,83066.18966361076,1,adjusted_gross_income/count
5001800US4502,SC-02,50000.0,75000.0,51857.37764233152,1,adjusted_gross_income/count
5001800US4502,SC-02,75000.0,100000.0,33515.98136620553,1,adjusted_gross_income/count
5001800US4502,SC-02,100000.0,200000.0,56393.9770383386,1,adjusted_gross_income/count
5001800US4502,SC-02,200000.0,500000.0,16723.78131942842,1,adjusted_gross_income/count
5001800US4502,SC-02,500000.0,inf,3256.6596149044503,1,adjusted_gross_income/count
5001800US4503,SC-03,-inf,1.0,-164116938.23059982,0,adjusted_gross_income/amount
5001800US4503,SC-03,1.0,10000.0,197203374.59122518,0,adjusted_gross_income/amount
5001800US4503,SC-03,10000.0,25000.0,1073061402.6030139,0,adjusted_gross_income/amount
5001800US4503,SC-03,25000.0,50000.0,3174857460.368726,0,adjusted_gross_income/amount
5001800US4503,SC-03,50000.0,75000.0,2954854800.6508703,0,adjusted_gross_income/amount
5001800US4503,SC-03,75000.0,100000.0,2595599557.448591,0,adjusted_gross_income/amount
5001800US4503,SC-03,100000.0,200000.0,6243486759.724215,0,adjusted_gross_income/amount
5001800US4503,SC-03,200000.0,500000.0,3380056822.1966376,0,adjusted_gross_income/amount
5001800US4503,SC-03,500000.0,inf,2790724492.8695397,0,adjusted_gross_income/amount
5001800US4503,SC-03,-inf,1.0,5093.5815280748975,1,adjusted_gross_income/count
5001800US4503,SC-03,1.0,10000.0,37460.82857658736,1,adjusted_gross_income/count
5001800US4503,SC-03,10000.0,25000.0,62435.052228545006,1,adjusted_gross_income/count
5001800US4503,SC-03,25000.0,50000.0,86679.97093683951,1,adjusted_gross_income/count
5001800US4503,SC-03,50000.0,75000.0,48155.757226188995,1,adjusted_gross_income/count
5001800US4503,SC-03,75000.0,100000.0,29949.449095742348,1,adjusted_gross_income/count
5001800US4503,SC-03,100000.0,200000.0,46145.26856660546,1,adjusted_gross_income/count
5001800US4503,SC-03,200000.0,500000.0,12036.431841180129,1,adjusted_gross_income/count
5001800US4503,SC-03,500000.0,inf,2305.068264053988,1,adjusted_gross_income/count
5001800US4504,SC-04,-inf,1.0,-237886523.60708869,0,adjusted_gross_income/amount
5001800US4504,SC-04,1.0,10000.0,204169469.96433434,0,adjusted_gross_income/amount
5001800US4504,SC-04,10000.0,25000.0,1087469025.0996032,0,adjusted_gross_income/amount
5001800US4504,SC-04,25000.0,50000.0,3360882243.4936814,0,adjusted_gross_income/amount
5001800US4504,SC-04,50000.0,75000.0,3357327350.9344807,0,adjusted_gross_income/amount
5001800US4504,SC-04,75000.0,100000.0,2912882477.9957523,0,adjusted_gross_income/amount
5001800US4504,SC-04,100000.0,200000.0,7497783456.432512,0,adjusted_gross_income/amount
5001800US4504,SC-04,200000.0,500000.0,5343478431.371388,0,adjusted_gross_income/amount
5001800US4504,SC-04,500000.0,inf,5848182339.813659,0,adjusted_gross_income/amount
5001800US4504,SC-04,-inf,1.0,4918.281590778116,1,adjusted_gross_income/count
5001800US4504,SC-04,1.0,10000.0,40289.091154714646,1,adjusted_gross_income/count
5001800US4504,SC-04,10000.0,25000.0,63353.97269176195,1,adjusted_gross_income/count
5001800US4504,SC-04,25000.0,50000.0,91329.7642193463,1,adjusted_gross_income/count
5001800US4504,SC-04,50000.0,75000.0,54660.09234400744,1,adjusted_gross_income/count
5001800US4504,SC-04,75000.0,100000.0,33624.199595260485,1,adjusted_gross_income/count
5001800US4504,SC-04,100000.0,200000.0,54815.69245041278,1,adjusted_gross_income/count
5001800US4504,SC-04,200000.0,500000.0,18677.703173634603,1,adjusted_gross_income/count
5001800US4504,SC-04,500000.0,inf,4295.585297075924,1,adjusted_gross_income/count
5001800US4505,SC-05,-inf,1.0,-175130566.30016497,0,adjusted_gross_income/amount
5001800US4505,SC-05,1.0,10000.0,196862085.61577395,0,adjusted_gross_income/amount
5001800US4505,SC-05,10000.0,25000.0,1081387626.7924998,0,adjusted_gross_income/amount
5001800US4505,SC-05,25000.0,50000.0,3211785417.7125587,0,adjusted_gross_income/amount
5001800US4505,SC-05,50000.0,75000.0,3117308632.03411,0,adjusted_gross_income/amount
5001800US4505,SC-05,75000.0,100000.0,2728005573.0636783,0,adjusted_gross_income/amount
5001800US4505,SC-05,100000.0,200000.0,7264271522.71919,0,adjusted_gross_income/amount
5001800US4505,SC-05,200000.0,500000.0,4890911179.501788,0,adjusted_gross_income/amount
5001800US4505,SC-05,500000.0,inf,3443788291.543965,0,adjusted_gross_income/amount
5001800US4505,SC-05,-inf,1.0,4475.444964374998,1,adjusted_gross_income/count
5001800US4505,SC-05,1.0,10000.0,37067.23582898299,1,adjusted_gross_income/count
5001800US4505,SC-05,10000.0,25000.0,62852.21243458524,1,adjusted_gross_income/count
5001800US4505,SC-05,25000.0,50000.0,87543.48426062208,1,adjusted_gross_income/count
5001800US4505,SC-05,50000.0,75000.0,50762.0249222069,1,adjusted_gross_income/count
5001800US4505,SC-05,75000.0,100000.0,31463.33849696854,1,adjusted_gross_income/count
5001800US4505,SC-05,100000.0,200000.0,53077.60459354576,1,adjusted_gross_income/count
5001800US4505,SC-05,200000.0,500000.0,17389.756337955307,1,adjusted_gross_income/count
5001800US4505,SC-05,500000.0,inf,2633.138103728212,1,adjusted_gross_income/count
5001800US4506,SC-06,-inf,1.0,-215444636.1399543,0,adjusted_gross_income/amount
5001800US4506,SC-06,1.0,10000.0,207407041.66236725,0,adjusted_gross_income/amount
5001800US4506,SC-06,10000.0,25000.0,1284121987.986299,0,adjusted_gross_income/amount
5001800US4506,SC-06,25000.0,50000.0,3431169290.790713,0,adjusted_gross_income/amount
5001800US4506,SC-06,50000.0,75000.0,2921390592.359654,0,adjusted_gross_income/amount
5001800US4506,SC-06,75000.0,100000.0,2264928596.349027,0,adjusted_gross_income/amount
5001800US4506,SC-06,100000.0,200000.0,5261234111.62732,0,adjusted_gross_income/amount
5001800US4506,SC-06,200000.0,500000.0,3539784761.0462475,0,adjusted_gross_income/amount
5001800US4506,SC-06,500000.0,inf,4735384471.175546,0,adjusted_gross_income/amount
5001800US4506,SC-06,-inf,1.0,5543.314906356743,1,adjusted_gross_income/count
5001800US4506,SC-06,1.0,10000.0,39688.99281947707,1,adjusted_gross_income/count
5001800US4506,SC-06,10000.0,25000.0,74669.41056423156,1,adjusted_gross_income/count
5001800US4506,SC-06,25000.0,50000.0,94415.8113236183,1,adjusted_gross_income/count
5001800US4506,SC-06,50000.0,75000.0,47845.058777139886,1,adjusted_gross_income/count
5001800US4506,SC-06,75000.0,100000.0,26197.689098398427,1,adjusted_gross_income/count
5001800US4506,SC-06,100000.0,200000.0,38693.653913365015,1,adjusted_gross_income/count
5001800US4506,SC-06,200000.0,500000.0,12311.751828365666,1,adjusted_gross_income/count
5001800US4506,SC-06,500000.0,inf,3120.5181236011044,1,adjusted_gross_income/count
5001800US4507,SC-07,-inf,1.0,-284090675.13844997,0,adjusted_gross_income/amount
5001800US4507,SC-07,1.0,10000.0,239252747.7507695,0,adjusted_gross_income/amount
5001800US4507,SC-07,10000.0,25000.0,1379598880.3690574,0,adjusted_gross_income/amount
5001800US4507,SC-07,25000.0,50000.0,3497387425.367919,0,adjusted_gross_income/amount
5001800US4507,SC-07,50000.0,75000.0,3103525705.8917565,0,adjusted_gross_income/amount
5001800US4507,SC-07,75000.0,100000.0,2675652546.646664,0,adjusted_gross_income/amount
5001800US4507,SC-07,100000.0,200000.0,6304281864.488529,0,adjusted_gross_income/amount
5001800US4507,SC-07,200000.0,500000.0,3586838527.3296,0,adjusted_gross_income/amount
5001800US4507,SC-07,500000.0,inf,3952122467.010811,0,adjusted_gross_income/amount
5001800US4507,SC-07,-inf,1.0,6609.9998134020925,1,adjusted_gross_income/count
5001800US4507,SC-07,1.0,10000.0,45674.375028127404,1,adjusted_gross_income/count
5001800US4507,SC-07,10000.0,25000.0,80308.27487835949,1,adjusted_gross_income/count
5001800US4507,SC-07,25000.0,50000.0,96915.13363604623,1,adjusted_gross_income/count
5001800US4507,SC-07,50000.0,75000.0,50612.505787556955,1,adjusted_gross_income/count
5001800US4507,SC-07,75000.0,100000.0,30897.217247954006,1,adjusted_gross_income/count
5001800US4507,SC-07,100000.0,200000.0,46637.820975388386,1,adjusted_gross_income/count
5001800US4507,SC-07,200000.0,500000.0,12572.510208512509,1,adjusted_gross_income/count
5001800US4507,SC-07,500000.0,inf,2866.0464994383155,1,adjusted_gross_income/count
5001800US4600,SD-01,-inf,1.0,-549999993.0525903,0,adjusted_gross_income/amount
5001800US4600,SD-01,1.0,10000.0,234978181.742855,0,adjusted_gross_income/amount
5001800US4600,SD-01,10000.0,25000.0,1115729697.2354033,0,adjusted_gross_income/amount
5001800US4600,SD-01,25000.0,50000.0,3937783924.530058,0,adjusted_gross_income/amount
5001800US4600,SD-01,50000.0,75000.0,4274853849.507098,0,adjusted_gross_income/amount
5001800US4600,SD-01,75000.0,100000.0,4019113305.980376,0,adjusted_gross_income/amount
5001800US4600,SD-01,100000.0,200000.0,10449036135.61363,0,adjusted_gross_income/amount
5001800US4600,SD-01,200000.0,500000.0,6316644739.417201,0,adjusted_gross_income/amount
5001800US4600,SD-01,500000.0,inf,9336188396.459797,0,adjusted_gross_income/amount
5001800US4600,SD-01,-inf,1.0,7966.844100552514,1,adjusted_gross_income/count
5001800US4600,SD-01,1.0,10000.0,44719.33153748697,1,adjusted_gross_income/count
5001800US4600,SD-01,10000.0,25000.0,64847.7360612959,1,adjusted_gross_income/count
5001800US4600,SD-01,25000.0,50000.0,105546.6755307975,1,adjusted_gross_income/count
5001800US4600,SD-01,50000.0,75000.0,69726.62595862521,1,adjusted_gross_income/count
5001800US4600,SD-01,75000.0,100000.0,46267.142073580886,1,adjusted_gross_income/count
5001800US4600,SD-01,100000.0,200000.0,77337.14425250467,1,adjusted_gross_income/count
5001800US4600,SD-01,200000.0,500000.0,21908.32562244162,1,adjusted_gross_income/count
5001800US4600,SD-01,500000.0,inf,5828.242222559189,1,adjusted_gross_income/count
5001800US4701,TN-01,-inf,1.0,-159303446.64530033,0,adjusted_gross_income/amount
5001800US4701,TN-01,1.0,10000.0,210323051.89423972,0,adjusted_gross_income/amount
5001800US4701,TN-01,10000.0,25000.0,1196794865.952215,0,adjusted_gross_income/amount
5001800US4701,TN-01,25000.0,50000.0,3414542408.0382037,0,adjusted_gross_income/amount
5001800US4701,TN-01,50000.0,75000.0,3170880219.9345794,0,adjusted_gross_income/amount
5001800US4701,TN-01,75000.0,100000.0,2788119726.4438114,0,adjusted_gross_income/amount
5001800US4701,TN-01,100000.0,200000.0,5854591565.586077,0,adjusted_gross_income/amount
5001800US4701,TN-01,200000.0,500000.0,3191326626.8095837,0,adjusted_gross_income/amount
5001800US4701,TN-01,500000.0,inf,3287827432.1239796,0,adjusted_gross_income/amount
5001800US4701,TN-01,-inf,1.0,5922.412185265562,1,adjusted_gross_income/count
5001800US4701,TN-01,1.0,10000.0,40018.316628947934,1,adjusted_gross_income/count
5001800US4701,TN-01,10000.0,25000.0,69422.2349159502,1,adjusted_gross_income/count
5001800US4701,TN-01,25000.0,50000.0,93773.47522320147,1,adjusted_gross_income/count
5001800US4701,TN-01,50000.0,75000.0,51640.01688720066,1,adjusted_gross_income/count
5001800US4701,TN-01,75000.0,100000.0,32189.020961439677,1,adjusted_gross_income/count
5001800US4701,TN-01,100000.0,200000.0,43783.51595344804,1,adjusted_gross_income/count
5001800US4701,TN-01,200000.0,500000.0,11171.511448500356,1,adjusted_gross_income/count
5001800US4701,TN-01,500000.0,inf,2504.1083395008436,1,adjusted_gross_income/count
5001800US4702,TN-02,-inf,1.0,-270330386.0270313,0,adjusted_gross_income/amount
5001800US4702,TN-02,1.0,10000.0,188159991.3966544,0,adjusted_gross_income/amount
5001800US4702,TN-02,10000.0,25000.0,1057196691.2379687,0,adjusted_gross_income/amount
5001800US4702,TN-02,25000.0,50000.0,3242590523.952004,0,adjusted_gross_income/amount
5001800US4702,TN-02,50000.0,75000.0,3396999586.291212,0,adjusted_gross_income/amount
5001800US4702,TN-02,75000.0,100000.0,3193710237.6050544,0,adjusted_gross_income/amount
5001800US4702,TN-02,100000.0,200000.0,8521232075.639802,0,adjusted_gross_income/amount
5001800US4702,TN-02,200000.0,500000.0,5943586990.252633,0,adjusted_gross_income/amount
5001800US4702,TN-02,500000.0,inf,8145097644.928268,0,adjusted_gross_income/amount
5001800US4702,TN-02,-inf,1.0,5220.282780665758,1,adjusted_gross_income/count
5001800US4702,TN-02,1.0,10000.0,36220.385126760506,1,adjusted_gross_income/count
5001800US4702,TN-02,10000.0,25000.0,61277.024124132775,1,adjusted_gross_income/count
5001800US4702,TN-02,25000.0,50000.0,88213.33739420008,1,adjusted_gross_income/count
5001800US4702,TN-02,50000.0,75000.0,55215.76899290623,1,adjusted_gross_income/count
5001800US4702,TN-02,75000.0,100000.0,36799.001179094616,1,adjusted_gross_income/count
5001800US4702,TN-02,100000.0,200000.0,62266.172623479244,1,adjusted_gross_income/count
5001800US4702,TN-02,200000.0,500000.0,20869.570748754824,1,adjusted_gross_income/count
5001800US4702,TN-02,500000.0,inf,4812.050710307851,1,adjusted_gross_income/count
5001800US4703,TN-03,-inf,1.0,-211053566.56644192,0,adjusted_gross_income/amount
5001800US4703,TN-03,1.0,10000.0,188711809.7990242,0,adjusted_gross_income/amount
5001800US4703,TN-03,10000.0,25000.0,1078654326.1055434,0,adjusted_gross_income/amount
5001800US4703,TN-03,25000.0,50000.0,3253636367.2999797,0,adjusted_gross_income/amount
5001800US4703,TN-03,50000.0,75000.0,3349820524.2384915,0,adjusted_gross_income/amount
5001800US4703,TN-03,75000.0,100000.0,3034175343.9700828,0,adjusted_gross_income/amount
5001800US4703,TN-03,100000.0,200000.0,7418637473.04915,0,adjusted_gross_income/amount
5001800US4703,TN-03,200000.0,500000.0,4483169678.232231,0,adjusted_gross_income/amount
5001800US4703,TN-03,500000.0,inf,5222563575.314173,0,adjusted_gross_income/amount
5001800US4703,TN-03,-inf,1.0,5712.694145205711,1,adjusted_gross_income/count
5001800US4703,TN-03,1.0,10000.0,36229.839193132284,1,adjusted_gross_income/count
5001800US4703,TN-03,10000.0,25000.0,62554.12740058281,1,adjusted_gross_income/count
5001800US4703,TN-03,25000.0,50000.0,88616.30335024926,1,adjusted_gross_income/count
5001800US4703,TN-03,50000.0,75000.0,54495.26986307109,1,adjusted_gross_income/count
5001800US4703,TN-03,75000.0,100000.0,35007.93489923913,1,adjusted_gross_income/count
5001800US4703,TN-03,100000.0,200000.0,54692.86888336199,1,adjusted_gross_income/count
5001800US4703,TN-03,200000.0,500000.0,15819.629633104805,1,adjusted_gross_income/count
5001800US4703,TN-03,500000.0,inf,3268.3253685143304,1,adjusted_gross_income/count
5001800US4704,TN-04,-inf,1.0,-228215539.13515118,0,adjusted_gross_income/amount
5001800US4704,TN-04,1.0,10000.0,194568512.94392586,0,adjusted_gross_income/amount
5001800US4704,TN-04,10000.0,25000.0,1094208510.1293948,0,adjusted_gross_income/amount
5001800US4704,TN-04,25000.0,50000.0,3391094616.7204633,0,adjusted_gross_income/amount
5001800US4704,TN-04,50000.0,75000.0,3579553693.095793,0,adjusted_gross_income/amount
5001800US4704,TN-04,75000.0,100000.0,3194388068.1108484,0,adjusted_gross_income/amount
5001800US4704,TN-04,100000.0,200000.0,7751961194.462446,0,adjusted_gross_income/amount
5001800US4704,TN-04,200000.0,500000.0,4344436875.5557575,0,adjusted_gross_income/amount
5001800US4704,TN-04,500000.0,inf,4189715763.653343,0,adjusted_gross_income/amount
5001800US4704,TN-04,-inf,1.0,5957.947995952106,1,adjusted_gross_income/count
5001800US4704,TN-04,1.0,10000.0,37199.06870867739,1,adjusted_gross_income/count
5001800US4704,TN-04,10000.0,25000.0,63549.814596013246,1,adjusted_gross_income/count
5001800US4704,TN-04,25000.0,50000.0,91862.613887545,1,adjusted_gross_income/count
5001800US4704,TN-04,50000.0,75000.0,58241.45831214275,1,adjusted_gross_income/count
5001800US4704,TN-04,75000.0,100000.0,36837.39140698242,1,adjusted_gross_income/count
5001800US4704,TN-04,100000.0,200000.0,57326.676526433155,1,adjusted_gross_income/count
5001800US4704,TN-04,200000.0,500000.0,15411.502514319973,1,adjusted_gross_income/count
5001800US4704,TN-04,500000.0,inf,3117.836756954605,1,adjusted_gross_income/count
5001800US4705,TN-05,-inf,1.0,-257164310.19863254,0,adjusted_gross_income/amount
5001800US4705,TN-05,1.0,10000.0,171373512.91723654,0,adjusted_gross_income/amount
5001800US4705,TN-05,10000.0,25000.0,961192538.5032907,0,adjusted_gross_income/amount
5001800US4705,TN-05,25000.0,50000.0,3078492261.5983033,0,adjusted_gross_income/amount
5001800US4705,TN-05,50000.0,75000.0,3325610033.554877,0,adjusted_gross_income/amount
5001800US4705,TN-05,75000.0,100000.0,2864938202.367628,0,adjusted_gross_income/amount
5001800US4705,TN-05,100000.0,200000.0,7098783548.202258,0,adjusted_gross_income/amount
5001800US4705,TN-05,200000.0,500000.0,5678746632.261098,0,adjusted_gross_income/amount
5001800US4705,TN-05,500000.0,inf,9894746698.556648,0,adjusted_gross_income/amount
5001800US4705,TN-05,-inf,1.0,5703.454214804528,1,adjusted_gross_income/count
5001800US4705,TN-05,1.0,10000.0,33122.763142172764,1,adjusted_gross_income/count
5001800US4705,TN-05,10000.0,25000.0,55818.96818099665,1,adjusted_gross_income/count
5001800US4705,TN-05,25000.0,50000.0,83059.90341281038,1,adjusted_gross_income/count
5001800US4705,TN-05,50000.0,75000.0,54135.82670604304,1,adjusted_gross_income/count
5001800US4705,TN-05,75000.0,100000.0,33093.38191701945,1,adjusted_gross_income/count
5001800US4705,TN-05,100000.0,200000.0,51888.94075573926,1,adjusted_gross_income/count
5001800US4705,TN-05,200000.0,500000.0,19496.309966477475,1,adjusted_gross_income/count
5001800US4705,TN-05,500000.0,inf,5915.561171797061,1,adjusted_gross_income/count
5001800US4706,TN-06,-inf,1.0,-261198702.09381878,0,adjusted_gross_income/amount
5001800US4706,TN-06,1.0,10000.0,213936867.06400028,0,adjusted_gross_income/amount
5001800US4706,TN-06,10000.0,25000.0,1163671009.657043,0,adjusted_gross_income/amount
5001800US4706,TN-06,25000.0,50000.0,3679623294.040451,0,adjusted_gross_income/amount
5001800US4706,TN-06,50000.0,75000.0,3953361663.228824,0,adjusted_gross_income/amount
5001800US4706,TN-06,75000.0,100000.0,3609457609.3744655,0,adjusted_gross_income/amount
5001800US4706,TN-06,100000.0,200000.0,8965654714.737755,0,adjusted_gross_income/amount
5001800US4706,TN-06,200000.0,500000.0,5805351899.018496,0,adjusted_gross_income/amount
5001800US4706,TN-06,500000.0,inf,7886372109.4346485,0,adjusted_gross_income/amount
5001800US4706,TN-06,-inf,1.0,6860.898499520172,1,adjusted_gross_income/count
5001800US4706,TN-06,1.0,10000.0,41123.30914742775,1,adjusted_gross_income/count
5001800US4706,TN-06,10000.0,25000.0,67732.49162498838,1,adjusted_gross_income/count
5001800US4706,TN-06,25000.0,50000.0,99446.3663425831,1,adjusted_gross_income/count
5001800US4706,TN-06,50000.0,75000.0,64235.13604109222,1,adjusted_gross_income/count
5001800US4706,TN-06,75000.0,100000.0,41634.45477237792,1,adjusted_gross_income/count
5001800US4706,TN-06,100000.0,200000.0,65846.04096440497,1,adjusted_gross_income/count
5001800US4706,TN-06,200000.0,500000.0,20394.28206351098,1,adjusted_gross_income/count
5001800US4706,TN-06,500000.0,inf,4840.210465071998,1,adjusted_gross_income/count
5001800US4707,TN-07,-inf,1.0,-291839287.75814986,0,adjusted_gross_income/amount
5001800US4707,TN-07,1.0,10000.0,179823186.23810732,0,adjusted_gross_income/amount
5001800US4707,TN-07,10000.0,25000.0,992706925.14866,0,adjusted_gross_income/amount
5001800US4707,TN-07,25000.0,50000.0,3151364702.430352,0,adjusted_gross_income/amount
5001800US4707,TN-07,50000.0,75000.0,3379178520.8837757,0,adjusted_gross_income/amount
5001800US4707,TN-07,75000.0,100000.0,2952274871.5333133,0,adjusted_gross_income/amount
5001800US4707,TN-07,100000.0,200000.0,7549880609.064858,0,adjusted_gross_income/amount
5001800US4707,TN-07,200000.0,500000.0,6722044099.995906,0,adjusted_gross_income/amount
5001800US4707,TN-07,500000.0,inf,11640291451.926632,0,adjusted_gross_income/amount
5001800US4707,TN-07,-inf,1.0,6270.700156391889,1,adjusted_gross_income/count
5001800US4707,TN-07,1.0,10000.0,34843.15186384793,1,adjusted_gross_income/count
5001800US4707,TN-07,10000.0,25000.0,57653.50479031156,1,adjusted_gross_income/count
5001800US4707,TN-07,25000.0,50000.0,85127.93693999134,1,adjusted_gross_income/count
5001800US4707,TN-07,50000.0,75000.0,54979.66902234267,1,adjusted_gross_income/count
5001800US4707,TN-07,75000.0,100000.0,34086.969950872,1,adjusted_gross_income/count
5001800US4707,TN-07,100000.0,200000.0,54962.50728294417,1,adjusted_gross_income/count
5001800US4707,TN-07,200000.0,500000.0,22896.64328210501,1,adjusted_gross_income/count
5001800US4707,TN-07,500000.0,inf,7169.453998000875,1,adjusted_gross_income/count
5001800US4708,TN-08,-inf,1.0,-273293880.5248115,0,adjusted_gross_income/amount
5001800US4708,TN-08,1.0,10000.0,192084194.2081143,0,adjusted_gross_income/amount
5001800US4708,TN-08,10000.0,25000.0,1075737981.1454914,0,adjusted_gross_income/amount
5001800US4708,TN-08,25000.0,50000.0,3058705897.3671603,0,adjusted_gross_income/amount
5001800US4708,TN-08,50000.0,75000.0,3218596397.6678114,0,adjusted_gross_income/amount
5001800US4708,TN-08,75000.0,100000.0,2988515213.996165,0,adjusted_gross_income/amount
5001800US4708,TN-08,100000.0,200000.0,8288675201.635263,0,adjusted_gross_income/amount
5001800US4708,TN-08,200000.0,500000.0,6833530604.41849,0,adjusted_gross_income/amount
5001800US4708,TN-08,500000.0,inf,9469302307.379143,0,adjusted_gross_income/amount
5001800US4708,TN-08,-inf,1.0,6248.568623951116,1,adjusted_gross_income/count
5001800US4708,TN-08,1.0,10000.0,36217.464016361715,1,adjusted_gross_income/count
5001800US4708,TN-08,10000.0,25000.0,62705.816443115385,1,adjusted_gross_income/count
5001800US4708,TN-08,25000.0,50000.0,83262.9426853044,1,adjusted_gross_income/count
5001800US4708,TN-08,50000.0,75000.0,52279.64650581608,1,adjusted_gross_income/count
5001800US4708,TN-08,75000.0,100000.0,34469.20414525604,1,adjusted_gross_income/count
5001800US4708,TN-08,100000.0,200000.0,60190.67286572915,1,adjusted_gross_income/count
5001800US4708,TN-08,200000.0,500000.0,23434.86333548942,1,adjusted_gross_income/count
5001800US4708,TN-08,500000.0,inf,6752.446104196621,1,adjusted_gross_income/count
5001800US4709,TN-09,-inf,1.0,-115057878.58534293,0,adjusted_gross_income/amount
5001800US4709,TN-09,1.0,10000.0,197067249.5201193,0,adjusted_gross_income/amount
5001800US4709,TN-09,10000.0,25000.0,1638818712.6931143,0,adjusted_gross_income/amount
5001800US4709,TN-09,25000.0,50000.0,3588506242.078587,0,adjusted_gross_income/amount
5001800US4709,TN-09,50000.0,75000.0,2868054416.9684834,0,adjusted_gross_income/amount
5001800US4709,TN-09,75000.0,100000.0,1965975031.4480033,0,adjusted_gross_income/amount
5001800US4709,TN-09,100000.0,200000.0,3638605807.5379095,0,adjusted_gross_income/amount
5001800US4709,TN-09,200000.0,500000.0,2172874538.4048166,0,adjusted_gross_income/amount
5001800US4709,TN-09,500000.0,inf,2774330847.864267,0,adjusted_gross_income/amount
5001800US4709,TN-09,-inf,1.0,5109.534019449114,1,adjusted_gross_income/count
5001800US4709,TN-09,1.0,10000.0,34615.87271501407,1,adjusted_gross_income/count
5001800US4709,TN-09,10000.0,25000.0,96658.74130312499,1,adjusted_gross_income/count
5001800US4709,TN-09,25000.0,50000.0,99022.11873343821,1,adjusted_gross_income/count
5001800US4709,TN-09,50000.0,75000.0,47080.31837941945,1,adjusted_gross_income/count
5001800US4709,TN-09,75000.0,100000.0,22827.83564380522,1,adjusted_gross_income/count
5001800US4709,TN-09,100000.0,200000.0,27059.23641545785,1,adjusted_gross_income/count
5001800US4709,TN-09,200000.0,500000.0,7594.112673192837,1,adjusted_gross_income/count
5001800US4709,TN-09,500000.0,inf,1892.4537777589087,1,adjusted_gross_income/count
5001800US4801,TX-01,-inf,1.0,-380988240.2508244,0,adjusted_gross_income/amount
5001800US4801,TX-01,1.0,10000.0,195898749.3604925,0,adjusted_gross_income/amount
5001800US4801,TX-01,10000.0,25000.0,1251174867.6362913,0,adjusted_gross_income/amount
5001800US4801,TX-01,25000.0,50000.0,3216079887.225047,0,adjusted_gross_income/amount
5001800US4801,TX-01,50000.0,75000.0,3090222077.984916,0,adjusted_gross_income/amount
5001800US4801,TX-01,75000.0,100000.0,2804849222.777231,0,adjusted_gross_income/amount
5001800US4801,TX-01,100000.0,200000.0,6925834411.292683,0,adjusted_gross_income/amount
5001800US4801,TX-01,200000.0,500000.0,4208849559.6801367,0,adjusted_gross_income/amount
5001800US4801,TX-01,500000.0,inf,5716464384.129193,0,adjusted_gross_income/amount
5001800US4801,TX-01,-inf,1.0,7313.279015718898,1,adjusted_gross_income/count
5001800US4801,TX-01,1.0,10000.0,37512.673811338354,1,adjusted_gross_income/count
5001800US4801,TX-01,10000.0,25000.0,72324.9930825907,1,adjusted_gross_income/count
5001800US4801,TX-01,25000.0,50000.0,88470.08025174121,1,adjusted_gross_income/count
5001800US4801,TX-01,50000.0,75000.0,50304.92991301921,1,adjusted_gross_income/count
5001800US4801,TX-01,75000.0,100000.0,32364.70475967311,1,adjusted_gross_income/count
5001800US4801,TX-01,100000.0,200000.0,51000.18756348825,1,adjusted_gross_income/count
5001800US4801,TX-01,200000.0,500000.0,14744.037697817097,1,adjusted_gross_income/count
5001800US4801,TX-01,500000.0,inf,3727.115724993311,1,adjusted_gross_income/count
5001800US4802,TX-02,-inf,1.0,-542777967.8395938,0,adjusted_gross_income/amount
5001800US4802,TX-02,1.0,10000.0,161245133.5683739,0,adjusted_gross_income/amount
5001800US4802,TX-02,10000.0,25000.0,1001456331.400105,0,adjusted_gross_income/amount
5001800US4802,TX-02,25000.0,50000.0,2534764226.940288,0,adjusted_gross_income/amount
5001800US4802,TX-02,50000.0,75000.0,2880433188.164077,0,adjusted_gross_income/amount
5001800US4802,TX-02,75000.0,100000.0,2631885117.3735623,0,adjusted_gross_income/amount
5001800US4802,TX-02,100000.0,200000.0,7984445484.761561,0,adjusted_gross_income/amount
5001800US4802,TX-02,200000.0,500000.0,7957641940.842662,0,adjusted_gross_income/amount
5001800US4802,TX-02,500000.0,inf,10980314307.150635,0,adjusted_gross_income/amount
5001800US4802,TX-02,-inf,1.0,6954.3533915446405,1,adjusted_gross_income/count
5001800US4802,TX-02,1.0,10000.0,32000.683467417126,1,adjusted_gross_income/count
5001800US4802,TX-02,10000.0,25000.0,58320.74645809443,1,adjusted_gross_income/count
5001800US4802,TX-02,25000.0,50000.0,69398.25136691071,1,adjusted_gross_income/count
5001800US4802,TX-02,50000.0,75000.0,46794.62825071899,1,adjusted_gross_income/count
5001800US4802,TX-02,75000.0,100000.0,30344.90496405563,1,adjusted_gross_income/count
5001800US4802,TX-02,100000.0,200000.0,57213.805737886956,1,adjusted_gross_income/count
5001800US4802,TX-02,200000.0,500000.0,27268.76654791194,1,adjusted_gross_income/count
5001800US4802,TX-02,500000.0,inf,7010.500031505445,1,adjusted_gross_income/count
5001800US4803,TX-03,-inf,1.0,-357788635.84604913,0,adjusted_gross_income/amount
5001800US4803,TX-03,1.0,10000.0,137037727.5159653,0,adjusted_gross_income/amount
5001800US4803,TX-03,10000.0,25000.0,714265542.5357281,0,adjusted_gross_income/amount
5001800US4803,TX-03,25000.0,50000.0,1992513085.0362318,0,adjusted_gross_income/amount
5001800US4803,TX-03,50000.0,75000.0,2405927187.231359,0,adjusted_gross_income/amount
5001800US4803,TX-03,75000.0,100000.0,2466615027.0172,0,adjusted_gross_income/amount
5001800US4803,TX-03,100000.0,200000.0,9126194207.353703,0,adjusted_gross_income/amount
5001800US4803,TX-03,200000.0,500000.0,11243828540.088747,0,adjusted_gross_income/amount
5001800US4803,TX-03,500000.0,inf,10830397814.13267,0,adjusted_gross_income/amount
5001800US4803,TX-03,-inf,1.0,5282.978263947223,1,adjusted_gross_income/count
5001800US4803,TX-03,1.0,10000.0,27479.732196847486,1,adjusted_gross_income/count
5001800US4803,TX-03,10000.0,25000.0,41550.467550181835,1,adjusted_gross_income/count
5001800US4803,TX-03,25000.0,50000.0,54113.723863451974,1,adjusted_gross_income/count
5001800US4803,TX-03,50000.0,75000.0,39020.900211294356,1,adjusted_gross_income/count
5001800US4803,TX-03,75000.0,100000.0,28376.09556093706,1,adjusted_gross_income/count
5001800US4803,TX-03,100000.0,200000.0,64328.13664801825,1,adjusted_gross_income/count
5001800US4803,TX-03,200000.0,500000.0,38666.67785198282,1,adjusted_gross_income/count
5001800US4803,TX-03,500000.0,inf,7932.315227698933,1,adjusted_gross_income/count
5001800US4804,TX-04,-inf,1.0,-490009058.7008132,0,adjusted_gross_income/amount
5001800US4804,TX-04,1.0,10000.0,205349333.2004009,0,adjusted_gross_income/amount
5001800US4804,TX-04,10000.0,25000.0,1138509190.2965593,0,adjusted_gross_income/amount
5001800US4804,TX-04,25000.0,50000.0,3175808509.994476,0,adjusted_gross_income/amount
5001800US4804,TX-04,50000.0,75000.0,3594918415.615824,0,adjusted_gross_income/amount
5001800US4804,TX-04,75000.0,100000.0,3583378065.856714,0,adjusted_gross_income/amount
5001800US4804,TX-04,100000.0,200000.0,11949415163.52352,0,adjusted_gross_income/amount
5001800US4804,TX-04,200000.0,500000.0,12666534291.221254,0,adjusted_gross_income/amount
5001800US4804,TX-04,500000.0,inf,11986711538.86623,0,adjusted_gross_income/amount
5001800US4804,TX-04,-inf,1.0,8085.921677521169,1,adjusted_gross_income/count
5001800US4804,TX-04,1.0,10000.0,40511.837802335984,1,adjusted_gross_income/count
5001800US4804,TX-04,10000.0,25000.0,66074.41376309696,1,adjusted_gross_income/count
5001800US4804,TX-04,25000.0,50000.0,86464.24443477429,1,adjusted_gross_income/count
5001800US4804,TX-04,50000.0,75000.0,58356.35455680994,1,adjusted_gross_income/count
5001800US4804,TX-04,75000.0,100000.0,41248.34580536774,1,adjusted_gross_income/count
5001800US4804,TX-04,100000.0,200000.0,85118.67810087865,1,adjusted_gross_income/count
5001800US4804,TX-04,200000.0,500000.0,43793.26230019624,1,adjusted_gross_income/count
5001800US4804,TX-04,500000.0,inf,8846.839416788536,1,adjusted_gross_income/count
5001800US4805,TX-05,-inf,1.0,-495389591.8458585,0,adjusted_gross_income/amount
5001800US4805,TX-05,1.0,10000.0,153468506.41117546,0,adjusted_gross_income/amount
5001800US4805,TX-05,10000.0,25000.0,1012152071.6319112,0,adjusted_gross_income/amount
5001800US4805,TX-05,25000.0,50000.0,2758937337.0045714,0,adjusted_gross_income/amount
5001800US4805,TX-05,50000.0,75000.0,2867335593.3206706,0,adjusted_gross_income/amount
5001800US4805,TX-05,75000.0,100000.0,2425089192.080554,0,adjusted_gross_income/amount
5001800US4805,TX-05,100000.0,200000.0,6168252044.933274,0,adjusted_gross_income/amount
5001800US4805,TX-05,200000.0,500000.0,5401330985.491468,0,adjusted_gross_income/amount
5001800US4805,TX-05,500000.0,inf,14690667478.395145,0,adjusted_gross_income/amount
5001800US4805,TX-05,-inf,1.0,6200.638108055949,1,adjusted_gross_income/count
5001800US4805,TX-05,1.0,10000.0,29568.569374529005,1,adjusted_gross_income/count
5001800US4805,TX-05,10000.0,25000.0,58526.247018758004,1,adjusted_gross_income/count
5001800US4805,TX-05,25000.0,50000.0,75399.65644473412,1,adjusted_gross_income/count
5001800US4805,TX-05,50000.0,75000.0,46700.16923621662,1,adjusted_gross_income/count
5001800US4805,TX-05,75000.0,100000.0,28021.654461341128,1,adjusted_gross_income/count
5001800US4805,TX-05,100000.0,200000.0,44926.80454684957,1,adjusted_gross_income/count
5001800US4805,TX-05,200000.0,500000.0,18347.760755113377,1,adjusted_gross_income/count
5001800US4805,TX-05,500000.0,inf,7306.871203570127,1,adjusted_gross_income/count
5001800US4806,TX-06,-inf,1.0,-305084457.49062294,0,adjusted_gross_income/amount
5001800US4806,TX-06,1.0,10000.0,188709772.62303436,0,adjusted_gross_income/amount
5001800US4806,TX-06,10000.0,25000.0,1271269742.8091109,0,adjusted_gross_income/amount
5001800US4806,TX-06,25000.0,50000.0,3486319883.6215134,0,adjusted_gross_income/amount
5001800US4806,TX-06,50000.0,75000.0,3515182765.1232333,0,adjusted_gross_income/amount
5001800US4806,TX-06,75000.0,100000.0,2907938131.2758904,0,adjusted_gross_income/amount
5001800US4806,TX-06,100000.0,200000.0,7346719471.963016,0,adjusted_gross_income/amount
5001800US4806,TX-06,200000.0,500000.0,5405314618.174672,0,adjusted_gross_income/amount
5001800US4806,TX-06,500000.0,inf,6928804476.9939785,0,adjusted_gross_income/amount
5001800US4806,TX-06,-inf,1.0,6624.762912576133,1,adjusted_gross_income/count
5001800US4806,TX-06,1.0,10000.0,35693.56904669174,1,adjusted_gross_income/count
5001800US4806,TX-06,10000.0,25000.0,73552.88824196914,1,adjusted_gross_income/count
5001800US4806,TX-06,25000.0,50000.0,95176.07471230491,1,adjusted_gross_income/count
5001800US4806,TX-06,50000.0,75000.0,57362.75861795298,1,adjusted_gross_income/count
5001800US4806,TX-06,75000.0,100000.0,33606.70871581333,1,adjusted_gross_income/count
5001800US4806,TX-06,100000.0,200000.0,53602.02199072118,1,adjusted_gross_income/count
5001800US4806,TX-06,200000.0,500000.0,18860.519199052924,1,adjusted_gross_income/count
5001800US4806,TX-06,500000.0,inf,4336.851310827787,1,adjusted_gross_income/count
5001800US4807,TX-07,-inf,1.0,-678394158.4111422,0,adjusted_gross_income/amount
5001800US4807,TX-07,1.0,10000.0,145310458.1242012,0,adjusted_gross_income/amount
5001800US4807,TX-07,10000.0,25000.0,937370847.0901225,0,adjusted_gross_income/amount
5001800US4807,TX-07,25000.0,50000.0,2232908001.5394115,0,adjusted_gross_income/amount
5001800US4807,TX-07,50000.0,75000.0,2324695591.6139965,0,adjusted_gross_income/amount
5001800US4807,TX-07,75000.0,100000.0,1892738607.6391828,0,adjusted_gross_income/amount
5001800US4807,TX-07,100000.0,200000.0,5295364667.233511,0,adjusted_gross_income/amount
5001800US4807,TX-07,200000.0,500000.0,6221547840.861809,0,adjusted_gross_income/amount
5001800US4807,TX-07,500000.0,inf,16800130792.822151,0,adjusted_gross_income/amount
5001800US4807,TX-07,-inf,1.0,5702.249887797032,1,adjusted_gross_income/count
5001800US4807,TX-07,1.0,10000.0,29053.67051246342,1,adjusted_gross_income/count
5001800US4807,TX-07,10000.0,25000.0,54692.35200163422,1,adjusted_gross_income/count
5001800US4807,TX-07,25000.0,50000.0,61434.90121458266,1,adjusted_gross_income/count
5001800US4807,TX-07,50000.0,75000.0,37876.21785635885,1,adjusted_gross_income/count
5001800US4807,TX-07,75000.0,100000.0,21880.025811594165,1,adjusted_gross_income/count
5001800US4807,TX-07,100000.0,200000.0,37984.86065853479,1,adjusted_gross_income/count
5001800US4807,TX-07,200000.0,500000.0,20791.54639148631,1,adjusted_gross_income/count
5001800US4807,TX-07,500000.0,inf,8680.782198155366,1,adjusted_gross_income/count
5001800US4808,TX-08,-inf,1.0,-229386832.86604834,0,adjusted_gross_income/amount
5001800US4808,TX-08,1.0,10000.0,66813683.685292475,0,adjusted_gross_income/amount
5001800US4808,TX-08,10000.0,25000.0,401042890.86287177,0,adjusted_gross_income/amount
5001800US4808,TX-08,25000.0,50000.0,1044513248.3678225,0,adjusted_gross_income/amount
5001800US4808,TX-08,50000.0,75000.0,1190778292.591984,0,adjusted_gross_income/amount
5001800US4808,TX-08,75000.0,100000.0,1105603934.624295,0,adjusted_gross_income/amount
5001800US4808,TX-08,100000.0,200000.0,3406744317.5909595,0,adjusted_gross_income/amount
5001800US4808,TX-08,200000.0,500000.0,3407412528.0034018,0,adjusted_gross_income/amount
5001800US4808,TX-08,500000.0,inf,5212672360.493232,0,adjusted_gross_income/amount
5001800US4808,TX-08,-inf,1.0,2826.502165775249,1,adjusted_gross_income/count
5001800US4808,TX-08,1.0,10000.0,13284.750688780172,1,adjusted_gross_income/count
5001800US4808,TX-08,10000.0,25000.0,23312.60610009333,1,adjusted_gross_income/count
5001800US4808,TX-08,25000.0,50000.0,28534.647093825595,1,adjusted_gross_income/count
5001800US4808,TX-08,50000.0,75000.0,19352.801912567702,1,adjusted_gross_income/count
5001800US4808,TX-08,75000.0,100000.0,12744.496335832695,1,adjusted_gross_income/count
5001800US4808,TX-08,100000.0,200000.0,24406.304777575173,1,adjusted_gross_income/count
5001800US4808,TX-08,200000.0,500000.0,11655.788708235172,1,adjusted_gross_income/count
5001800US4808,TX-08,500000.0,inf,3141.7514301145106,1,adjusted_gross_income/count
5001800US4809,TX-09,-inf,1.0,-401451482.8716493,0,adjusted_gross_income/amount
5001800US4809,TX-09,1.0,10000.0,239228039.0543153,0,adjusted_gross_income/amount
5001800US4809,TX-09,10000.0,25000.0,1700678737.064419,0,adjusted_gross_income/amount
5001800US4809,TX-09,25000.0,50000.0,3763378761.911228,0,adjusted_gross_income/amount
5001800US4809,TX-09,50000.0,75000.0,3373341043.799763,0,adjusted_gross_income/amount
5001800US4809,TX-09,75000.0,100000.0,2398757966.330024,0,adjusted_gross_income/amount
5001800US4809,TX-09,100000.0,200000.0,5361566593.0435505,0,adjusted_gross_income/amount
5001800US4809,TX-09,200000.0,500000.0,4379401151.254124,0,adjusted_gross_income/amount
5001800US4809,TX-09,500000.0,inf,7555345334.464027,0,adjusted_gross_income/amount
5001800US4809,TX-09,-inf,1.0,7554.670799106582,1,adjusted_gross_income/count
5001800US4809,TX-09,1.0,10000.0,46756.5720823716,1,adjusted_gross_income/count
5001800US4809,TX-09,10000.0,25000.0,99346.17919175733,1,adjusted_gross_income/count
5001800US4809,TX-09,25000.0,50000.0,104229.43366354,1,adjusted_gross_income/count
5001800US4809,TX-09,50000.0,75000.0,55197.606220473586,1,adjusted_gross_income/count
5001800US4809,TX-09,75000.0,100000.0,27811.78372848795,1,adjusted_gross_income/count
5001800US4809,TX-09,100000.0,200000.0,39192.35510709561,1,adjusted_gross_income/count
5001800US4809,TX-09,200000.0,500000.0,15078.499102293183,1,adjusted_gross_income/count
5001800US4809,TX-09,500000.0,inf,4256.551034181213,1,adjusted_gross_income/count
5001800US4810,TX-10,-inf,1.0,-402218577.97968507,0,adjusted_gross_income/amount
5001800US4810,TX-10,1.0,10000.0,165462842.4365507,0,adjusted_gross_income/amount
5001800US4810,TX-10,10000.0,25000.0,968238519.3463942,0,adjusted_gross_income/amount
5001800US4810,TX-10,25000.0,50000.0,2758986461.8838696,0,adjusted_gross_income/amount
5001800US4810,TX-10,50000.0,75000.0,3037478862.7461824,0,adjusted_gross_income/amount
5001800US4810,TX-10,75000.0,100000.0,2780734311.8131747,0,adjusted_gross_income/amount
5001800US4810,TX-10,100000.0,200000.0,8428599746.975005,0,adjusted_gross_income/amount
5001800US4810,TX-10,200000.0,500000.0,8072508654.562064,0,adjusted_gross_income/amount
5001800US4810,TX-10,500000.0,inf,9616094986.3722,0,adjusted_gross_income/amount
5001800US4810,TX-10,-inf,1.0,6399.941687223652,1,adjusted_gross_income/count
5001800US4810,TX-10,1.0,10000.0,32558.522964267817,1,adjusted_gross_income/count
5001800US4810,TX-10,10000.0,25000.0,56033.90363745483,1,adjusted_gross_income/count
5001800US4810,TX-10,25000.0,50000.0,75030.67407563333,1,adjusted_gross_income/count
5001800US4810,TX-10,50000.0,75000.0,49447.15712817463,1,adjusted_gross_income/count
5001800US4810,TX-10,75000.0,100000.0,32045.138386101888,1,adjusted_gross_income/count
5001800US4810,TX-10,100000.0,200000.0,60530.772461083005,1,adjusted_gross_income/count
5001800US4810,TX-10,200000.0,500000.0,27780.606010970907,1,adjusted_gross_income/count
5001800US4810,TX-10,500000.0,inf,6290.8664594762995,1,adjusted_gross_income/count
5001800US4811,TX-11,-inf,1.0,-459678729.37128645,0,adjusted_gross_income/amount
5001800US4811,TX-11,1.0,10000.0,185065307.606888,0,adjusted_gross_income/amount
5001800US4811,TX-11,10000.0,25000.0,1088099238.5755272,0,adjusted_gross_income/amount
5001800US4811,TX-11,25000.0,50000.0,3112857868.074489,0,adjusted_gross_income/amount
5001800US4811,TX-11,50000.0,75000.0,3381971289.0274334,0,adjusted_gross_income/amount
5001800US4811,TX-11,75000.0,100000.0,3203738365.1756043,0,adjusted_gross_income/amount
5001800US4811,TX-11,100000.0,200000.0,8705835886.623896,0,adjusted_gross_income/amount
5001800US4811,TX-11,200000.0,500000.0,6649296104.051625,0,adjusted_gross_income/amount
5001800US4811,TX-11,500000.0,inf,13004840518.703331,0,adjusted_gross_income/amount
5001800US4811,TX-11,-inf,1.0,7863.049432623004,1,adjusted_gross_income/count
5001800US4811,TX-11,1.0,10000.0,35752.028941806966,1,adjusted_gross_income/count
5001800US4811,TX-11,10000.0,25000.0,62899.07616323326,1,adjusted_gross_income/count
5001800US4811,TX-11,25000.0,50000.0,84903.44213187833,1,adjusted_gross_income/count
5001800US4811,TX-11,50000.0,75000.0,54935.52149743619,1,adjusted_gross_income/count
5001800US4811,TX-11,75000.0,100000.0,36923.66371995145,1,adjusted_gross_income/count
5001800US4811,TX-11,100000.0,200000.0,63360.80216614465,1,adjusted_gross_income/count
5001800US4811,TX-11,200000.0,500000.0,23091.245526625175,1,adjusted_gross_income/count
5001800US4811,TX-11,500000.0,inf,6145.393774418647,1,adjusted_gross_income/count
5001800US4812,TX-12,-inf,1.0,-419629042.9270451,0,adjusted_gross_income/amount
5001800US4812,TX-12,1.0,10000.0,165100361.7372275,0,adjusted_gross_income/amount
5001800US4812,TX-12,10000.0,25000.0,1051421843.6153533,0,adjusted_gross_income/amount
5001800US4812,TX-12,25000.0,50000.0,3029393171.4715204,0,adjusted_gross_income/amount
5001800US4812,TX-12,50000.0,75000.0,3406918853.6863623,0,adjusted_gross_income/amount
5001800US4812,TX-12,75000.0,100000.0,3200718760.964197,0,adjusted_gross_income/amount
5001800US4812,TX-12,100000.0,200000.0,8985608789.452185,0,adjusted_gross_income/amount
5001800US4812,TX-12,200000.0,500000.0,6553906905.005328,0,adjusted_gross_income/amount
5001800US4812,TX-12,500000.0,inf,10264010913.92785,0,adjusted_gross_income/amount
5001800US4812,TX-12,-inf,1.0,5977.831506674706,1,adjusted_gross_income/count
5001800US4812,TX-12,1.0,10000.0,31693.86521625252,1,adjusted_gross_income/count
5001800US4812,TX-12,10000.0,25000.0,60686.769565107395,1,adjusted_gross_income/count
5001800US4812,TX-12,25000.0,50000.0,82375.94724061295,1,adjusted_gross_income/count
5001800US4812,TX-12,50000.0,75000.0,55332.817025747965,1,adjusted_gross_income/count
5001800US4812,TX-12,75000.0,100000.0,36898.37755810743,1,adjusted_gross_income/count
5001800US4812,TX-12,100000.0,200000.0,65208.368301396,1,adjusted_gross_income/count
5001800US4812,TX-12,200000.0,500000.0,23084.344694590058,1,adjusted_gross_income/count
5001800US4812,TX-12,500000.0,inf,5701.355495363909,1,adjusted_gross_income/count
5001800US4813,TX-13,-inf,1.0,-528765697.5936884,0,adjusted_gross_income/amount
5001800US4813,TX-13,1.0,10000.0,180935979.77869475,0,adjusted_gross_income/amount
5001800US4813,TX-13,10000.0,25000.0,1075460543.7977092,0,adjusted_gross_income/amount
5001800US4813,TX-13,25000.0,50000.0,2985745942.915729,0,adjusted_gross_income/amount
5001800US4813,TX-13,50000.0,75000.0,3195589601.958039,0,adjusted_gross_income/amount
5001800US4813,TX-13,75000.0,100000.0,2941098035.052041,0,adjusted_gross_income/amount
5001800US4813,TX-13,100000.0,200000.0,7831914128.847799,0,adjusted_gross_income/amount
5001800US4813,TX-13,200000.0,500000.0,5236322579.279167,0,adjusted_gross_income/amount
5001800US4813,TX-13,500000.0,inf,6181223334.100888,0,adjusted_gross_income/amount
5001800US4813,TX-13,-inf,1.0,7470.031131818248,1,adjusted_gross_income/count
5001800US4813,TX-13,1.0,10000.0,34787.215667794255,1,adjusted_gross_income/count
5001800US4813,TX-13,10000.0,25000.0,62198.99680475444,1,adjusted_gross_income/count
5001800US4813,TX-13,25000.0,50000.0,81516.61221695784,1,adjusted_gross_income/count
5001800US4813,TX-13,50000.0,75000.0,52006.71871103314,1,adjusted_gross_income/count
5001800US4813,TX-13,75000.0,100000.0,33895.99971316069,1,adjusted_gross_income/count
5001800US4813,TX-13,100000.0,200000.0,57250.765121905555,1,adjusted_gross_income/count
5001800US4813,TX-13,200000.0,500000.0,18406.033288208815,1,adjusted_gross_income/count
5001800US4813,TX-13,500000.0,inf,4097.738871984648,1,adjusted_gross_income/count
5001800US4814,TX-14,-inf,1.0,-276009575.5653097,0,adjusted_gross_income/amount
5001800US4814,TX-14,1.0,10000.0,186620171.979784,0,adjusted_gross_income/amount
5001800US4814,TX-14,10000.0,25000.0,1225660810.0549884,0,adjusted_gross_income/amount
5001800US4814,TX-14,25000.0,50000.0,2845459774.6336646,0,adjusted_gross_income/amount
5001800US4814,TX-14,50000.0,75000.0,3107999956.732349,0,adjusted_gross_income/amount
5001800US4814,TX-14,75000.0,100000.0,2875950694.1170106,0,adjusted_gross_income/amount
5001800US4814,TX-14,100000.0,200000.0,8707988343.240265,0,adjusted_gross_income/amount
5001800US4814,TX-14,200000.0,500000.0,5970763991.360752,0,adjusted_gross_income/amount
5001800US4814,TX-14,500000.0,inf,5433495402.139492,0,adjusted_gross_income/amount
5001800US4814,TX-14,-inf,1.0,6601.568625001815,1,adjusted_gross_income/count
5001800US4814,TX-14,1.0,10000.0,35427.13875712256,1,adjusted_gross_income/count
5001800US4814,TX-14,10000.0,25000.0,71618.57318393294,1,adjusted_gross_income/count
5001800US4814,TX-14,25000.0,50000.0,78153.06277453297,1,adjusted_gross_income/count
5001800US4814,TX-14,50000.0,75000.0,50449.6038697936,1,adjusted_gross_income/count
5001800US4814,TX-14,75000.0,100000.0,33123.55067423267,1,adjusted_gross_income/count
5001800US4814,TX-14,100000.0,200000.0,62668.30026814856,1,adjusted_gross_income/count
5001800US4814,TX-14,200000.0,500000.0,21493.215675932093,1,adjusted_gross_income/count
5001800US4814,TX-14,500000.0,inf,3698.369704874037,1,adjusted_gross_income/count
5001800US4815,TX-15,-inf,1.0,-149410837.49329886,0,adjusted_gross_income/amount
5001800US4815,TX-15,1.0,10000.0,148012599.61698306,0,adjusted_gross_income/amount
5001800US4815,TX-15,10000.0,25000.0,1195670004.56777,0,adjusted_gross_income/amount
5001800US4815,TX-15,25000.0,50000.0,2300231688.4794154,0,adjusted_gross_income/amount
5001800US4815,TX-15,50000.0,75000.0,1996755217.969344,0,adjusted_gross_income/amount
5001800US4815,TX-15,75000.0,100000.0,1502754795.269422,0,adjusted_gross_income/amount
5001800US4815,TX-15,100000.0,200000.0,3283106008.786465,0,adjusted_gross_income/amount
5001800US4815,TX-15,200000.0,500000.0,1470525444.2792654,0,adjusted_gross_income/amount
5001800US4815,TX-15,500000.0,inf,1868722513.4324331,0,adjusted_gross_income/amount
5001800US4815,TX-15,-inf,1.0,4184.037085004366,1,adjusted_gross_income/count
5001800US4815,TX-15,1.0,10000.0,27455.95975290273,1,adjusted_gross_income/count
5001800US4815,TX-15,10000.0,25000.0,70316.04707823446,1,adjusted_gross_income/count
5001800US4815,TX-15,25000.0,50000.0,64325.60516185979,1,adjusted_gross_income/count
5001800US4815,TX-15,50000.0,75000.0,32636.37298283686,1,adjusted_gross_income/count
5001800US4815,TX-15,75000.0,100000.0,17384.528025235413,1,adjusted_gross_income/count
5001800US4815,TX-15,100000.0,200000.0,24430.221147873894,1,adjusted_gross_income/count
5001800US4815,TX-15,200000.0,500000.0,5261.282161706097,1,adjusted_gross_income/count
5001800US4815,TX-15,500000.0,inf,1351.6462747651256,1,adjusted_gross_income/count
5001800US4816,TX-16,-inf,1.0,-124767603.55287646,0,adjusted_gross_income/amount
5001800US4816,TX-16,1.0,10000.0,214364008.51381865,0,adjusted_gross_income/amount
5001800US4816,TX-16,10000.0,25000.0,1558809369.9757164,0,adjusted_gross_income/amount
5001800US4816,TX-16,25000.0,50000.0,3648754001.523131,0,adjusted_gross_income/amount
5001800US4816,TX-16,50000.0,75000.0,3258100962.768097,0,adjusted_gross_income/amount
5001800US4816,TX-16,75000.0,100000.0,2366737791.2313004,0,adjusted_gross_income/amount
5001800US4816,TX-16,100000.0,200000.0,4904523746.990724,0,adjusted_gross_income/amount
5001800US4816,TX-16,200000.0,500000.0,2392183982.747044,0,adjusted_gross_income/amount
5001800US4816,TX-16,500000.0,inf,3824153942.6210494,0,adjusted_gross_income/amount
5001800US4816,TX-16,-inf,1.0,5751.126643400365,1,adjusted_gross_income/count
5001800US4816,TX-16,1.0,10000.0,39921.767770675404,1,adjusted_gross_income/count
5001800US4816,TX-16,10000.0,25000.0,90423.31244463916,1,adjusted_gross_income/count
5001800US4816,TX-16,25000.0,50000.0,101585.87454387288,1,adjusted_gross_income/count
5001800US4816,TX-16,50000.0,75000.0,53340.692287853206,1,adjusted_gross_income/count
5001800US4816,TX-16,75000.0,100000.0,27411.552696134408,1,adjusted_gross_income/count
5001800US4816,TX-16,100000.0,200000.0,36625.45924319829,1,adjusted_gross_income/count
5001800US4816,TX-16,200000.0,500000.0,8524.58440602882,1,adjusted_gross_income/count
5001800US4816,TX-16,500000.0,inf,2068.9870533578146,1,adjusted_gross_income/count
5001800US4817,TX-17,-inf,1.0,-543990250.8977072,0,adjusted_gross_income/amount
5001800US4817,TX-17,1.0,10000.0,259590549.0813234,0,adjusted_gross_income/amount
5001800US4817,TX-17,10000.0,25000.0,1568822206.6080892,0,adjusted_gross_income/amount
5001800US4817,TX-17,25000.0,50000.0,4337746414.359923,0,adjusted_gross_income/amount
5001800US4817,TX-17,50000.0,75000.0,4429680579.576676,0,adjusted_gross_income/amount
5001800US4817,TX-17,75000.0,100000.0,3978169845.8196054,0,adjusted_gross_income/amount
5001800US4817,TX-17,100000.0,200000.0,11204940005.133123,0,adjusted_gross_income/amount
5001800US4817,TX-17,200000.0,500000.0,9058689398.053238,0,adjusted_gross_income/amount
5001800US4817,TX-17,500000.0,inf,9849960919.046886,0,adjusted_gross_income/amount
5001800US4817,TX-17,-inf,1.0,9551.89621510026,1,adjusted_gross_income/count
5001800US4817,TX-17,1.0,10000.0,50321.94156974971,1,adjusted_gross_income/count
5001800US4817,TX-17,10000.0,25000.0,90926.88036115098,1,adjusted_gross_income/count
5001800US4817,TX-17,25000.0,50000.0,118452.05556161307,1,adjusted_gross_income/count
5001800US4817,TX-17,50000.0,75000.0,72154.27916081008,1,adjusted_gross_income/count
5001800US4817,TX-17,75000.0,100000.0,45850.67827939225,1,adjusted_gross_income/count
5001800US4817,TX-17,100000.0,200000.0,81232.41326483311,1,adjusted_gross_income/count
5001800US4817,TX-17,200000.0,500000.0,31489.681929845232,1,adjusted_gross_income/count
5001800US4817,TX-17,500000.0,inf,6850.9886920265435,1,adjusted_gross_income/count
5001800US4818,TX-18,-inf,1.0,-276986484.58293945,0,adjusted_gross_income/amount
5001800US4818,TX-18,1.0,10000.0,188404408.81574064,0,adjusted_gross_income/amount
5001800US4818,TX-18,10000.0,25000.0,1431325487.8902378,0,adjusted_gross_income/amount
5001800US4818,TX-18,25000.0,50000.0,3114550519.6079407,0,adjusted_gross_income/amount
5001800US4818,TX-18,50000.0,75000.0,2918408880.199355,0,adjusted_gross_income/amount
5001800US4818,TX-18,75000.0,100000.0,2173698743.6078844,0,adjusted_gross_income/amount
5001800US4818,TX-18,100000.0,200000.0,4894927526.393171,0,adjusted_gross_income/amount
5001800US4818,TX-18,200000.0,500000.0,4896185950.205409,0,adjusted_gross_income/amount
5001800US4818,TX-18,500000.0,inf,8817148132.791477,0,adjusted_gross_income/amount
5001800US4818,TX-18,-inf,1.0,6272.144886230856,1,adjusted_gross_income/count
5001800US4818,TX-18,1.0,10000.0,35696.26849794884,1,adjusted_gross_income/count
5001800US4818,TX-18,10000.0,25000.0,83688.07883394025,1,adjusted_gross_income/count
5001800US4818,TX-18,25000.0,50000.0,85993.7403699533,1,adjusted_gross_income/count
5001800US4818,TX-18,50000.0,75000.0,47710.791498027684,1,adjusted_gross_income/count
5001800US4818,TX-18,75000.0,100000.0,25190.16861566331,1,adjusted_gross_income/count
5001800US4818,TX-18,100000.0,200000.0,35645.28814279157,1,adjusted_gross_income/count
5001800US4818,TX-18,200000.0,500000.0,16489.218504111926,1,adjusted_gross_income/count
5001800US4818,TX-18,500000.0,inf,4983.267463863964,1,adjusted_gross_income/count
5001800US4819,TX-19,-inf,1.0,-415832271.9039221,0,adjusted_gross_income/amount
5001800US4819,TX-19,1.0,10000.0,190459539.45387658,0,adjusted_gross_income/amount
5001800US4819,TX-19,10000.0,25000.0,1142115661.5170834,0,adjusted_gross_income/amount
5001800US4819,TX-19,25000.0,50000.0,3102884937.936028,0,adjusted_gross_income/amount
5001800US4819,TX-19,50000.0,75000.0,2974432140.6741176,0,adjusted_gross_income/amount
5001800US4819,TX-19,75000.0,100000.0,2634601617.916946,0,adjusted_gross_income/amount
5001800US4819,TX-19,100000.0,200000.0,6463220206.812526,0,adjusted_gross_income/amount
5001800US4819,TX-19,200000.0,500000.0,3855796233.4417048,0,adjusted_gross_income/amount
5001800US4819,TX-19,500000.0,inf,6111792642.9091,0,adjusted_gross_income/amount
5001800US4819,TX-19,-inf,1.0,7703.704881644639,1,adjusted_gross_income/count
5001800US4819,TX-19,1.0,10000.0,36568.38163943763,1,adjusted_gross_income/count
5001800US4819,TX-19,10000.0,25000.0,66031.06326037903,1,adjusted_gross_income/count
5001800US4819,TX-19,25000.0,50000.0,85197.22358538858,1,adjusted_gross_income/count
5001800US4819,TX-19,50000.0,75000.0,48464.690728833986,1,adjusted_gross_income/count
5001800US4819,TX-19,75000.0,100000.0,30378.351249699594,1,adjusted_gross_income/count
5001800US4819,TX-19,100000.0,200000.0,47588.45741945964,1,adjusted_gross_income/count
5001800US4819,TX-19,200000.0,500000.0,13524.304032578848,1,adjusted_gross_income/count
5001800US4819,TX-19,500000.0,inf,3971.0278897826643,1,adjusted_gross_income/count
5001800US4820,TX-20,-inf,1.0,-172394709.3409916,0,adjusted_gross_income/amount
5001800US4820,TX-20,1.0,10000.0,214146410.11316583,0,adjusted_gross_income/amount
5001800US4820,TX-20,10000.0,25000.0,1401460261.621609,0,adjusted_gross_income/amount
5001800US4820,TX-20,25000.0,50000.0,3816306643.2087474,0,adjusted_gross_income/amount
5001800US4820,TX-20,50000.0,75000.0,3512157723.1651835,0,adjusted_gross_income/amount
5001800US4820,TX-20,75000.0,100000.0,2742199336.8937125,0,adjusted_gross_income/amount
5001800US4820,TX-20,100000.0,200000.0,6411677197.083052,0,adjusted_gross_income/amount
5001800US4820,TX-20,200000.0,500000.0,3550474199.5197387,0,adjusted_gross_income/amount
5001800US4820,TX-20,500000.0,inf,3704425336.712819,0,adjusted_gross_income/amount
5001800US4820,TX-20,-inf,1.0,5528.7302205153055,1,adjusted_gross_income/count
5001800US4820,TX-20,1.0,10000.0,41017.380115936496,1,adjusted_gross_income/count
5001800US4820,TX-20,10000.0,25000.0,81507.53740968683,1,adjusted_gross_income/count
5001800US4820,TX-20,25000.0,50000.0,104725.90076842226,1,adjusted_gross_income/count
5001800US4820,TX-20,50000.0,75000.0,57506.91648371793,1,adjusted_gross_income/count
5001800US4820,TX-20,75000.0,100000.0,31740.797819594212,1,adjusted_gross_income/count
5001800US4820,TX-20,100000.0,200000.0,47194.686290089376,1,adjusted_gross_income/count
5001800US4820,TX-20,200000.0,500000.0,12712.850297702198,1,adjusted_gross_income/count
5001800US4820,TX-20,500000.0,inf,2322.7962474619626,1,adjusted_gross_income/count
5001800US4821,TX-21,-inf,1.0,-636127457.8245025,0,adjusted_gross_income/amount
5001800US4821,TX-21,1.0,10000.0,195394744.7265341,0,adjusted_gross_income/amount
5001800US4821,TX-21,10000.0,25000.0,1081675370.3786418,0,adjusted_gross_income/amount
5001800US4821,TX-21,25000.0,50000.0,3370425618.842586,0,adjusted_gross_income/amount
5001800US4821,TX-21,50000.0,75000.0,3739950607.8980427,0,adjusted_gross_income/amount
5001800US4821,TX-21,75000.0,100000.0,3473000461.105885,0,adjusted_gross_income/amount
5001800US4821,TX-21,100000.0,200000.0,10926346829.128426,0,adjusted_gross_income/amount
5001800US4821,TX-21,200000.0,500000.0,10986661010.633537,0,adjusted_gross_income/amount
5001800US4821,TX-21,500000.0,inf,19723803484.35711,0,adjusted_gross_income/amount
5001800US4821,TX-21,-inf,1.0,8001.3056496272275,1,adjusted_gross_income/count
5001800US4821,TX-21,1.0,10000.0,38869.89680821003,1,adjusted_gross_income/count
5001800US4821,TX-21,10000.0,25000.0,62771.941974785106,1,adjusted_gross_income/count
5001800US4821,TX-21,25000.0,50000.0,91306.35604296855,1,adjusted_gross_income/count
5001800US4821,TX-21,50000.0,75000.0,60856.8164518292,1,adjusted_gross_income/count
5001800US4821,TX-21,75000.0,100000.0,40046.93605128323,1,adjusted_gross_income/count
5001800US4821,TX-21,100000.0,200000.0,78095.79617408047,1,adjusted_gross_income/count
5001800US4821,TX-21,200000.0,500000.0,37614.296302832554,1,adjusted_gross_income/count
5001800US4821,TX-21,500000.0,inf,11095.617520603832,1,adjusted_gross_income/count
5001800US4822,TX-22,-inf,1.0,-477800164.10339695,0,adjusted_gross_income/amount
5001800US4822,TX-22,1.0,10000.0,193439503.813798,0,adjusted_gross_income/amount
5001800US4822,TX-22,10000.0,25000.0,1133261760.6652615,0,adjusted_gross_income/amount
5001800US4822,TX-22,25000.0,50000.0,2853823103.081374,0,adjusted_gross_income/amount
5001800US4822,TX-22,50000.0,75000.0,3319062476.4688797,0,adjusted_gross_income/amount
5001800US4822,TX-22,75000.0,100000.0,3137426159.84174,0,adjusted_gross_income/amount
5001800US4822,TX-22,100000.0,200000.0,10839529387.574808,0,adjusted_gross_income/amount
5001800US4822,TX-22,200000.0,500000.0,11527987269.231802,0,adjusted_gross_income/amount
5001800US4822,TX-22,500000.0,inf,11266320783.963324,0,adjusted_gross_income/amount
5001800US4822,TX-22,-inf,1.0,7661.315655276208,1,adjusted_gross_income/count
5001800US4822,TX-22,1.0,10000.0,38908.5975939834,1,adjusted_gross_income/count
5001800US4822,TX-22,10000.0,25000.0,66157.09160117131,1,adjusted_gross_income/count
5001800US4822,TX-22,25000.0,50000.0,78041.10460840163,1,adjusted_gross_income/count
5001800US4822,TX-22,50000.0,75000.0,53887.82921441515,1,adjusted_gross_income/count
5001800US4822,TX-22,75000.0,100000.0,36150.84118697838,1,adjusted_gross_income/count
5001800US4822,TX-22,100000.0,200000.0,76858.77330341833,1,adjusted_gross_income/count
5001800US4822,TX-22,200000.0,500000.0,39805.41072762024,1,adjusted_gross_income/count
5001800US4822,TX-22,500000.0,inf,8245.899403484165,1,adjusted_gross_income/count
5001800US4823,TX-23,-inf,1.0,-212210428.6230077,0,adjusted_gross_income/amount
5001800US4823,TX-23,1.0,10000.0,187764628.29636195,0,adjusted_gross_income/amount
5001800US4823,TX-23,10000.0,25000.0,1254704477.0140605,0,adjusted_gross_income/amount
5001800US4823,TX-23,25000.0,50000.0,3220801899.1169887,0,adjusted_gross_income/amount
5001800US4823,TX-23,50000.0,75000.0,3066804902.238095,0,adjusted_gross_income/amount
5001800US4823,TX-23,75000.0,100000.0,2487321480.4060802,0,adjusted_gross_income/amount
5001800US4823,TX-23,100000.0,200000.0,6082607148.175906,0,adjusted_gross_income/amount
5001800US4823,TX-23,200000.0,500000.0,4304243384.922402,0,adjusted_gross_income/amount
5001800US4823,TX-23,500000.0,inf,4943546339.930065,0,adjusted_gross_income/amount
5001800US4823,TX-23,-inf,1.0,5541.379811220578,1,adjusted_gross_income/count
5001800US4823,TX-23,1.0,10000.0,35625.478256849776,1,adjusted_gross_income/count
5001800US4823,TX-23,10000.0,25000.0,72812.51598130079,1,adjusted_gross_income/count
5001800US4823,TX-23,25000.0,50000.0,88624.4894209409,1,adjusted_gross_income/count
5001800US4823,TX-23,50000.0,75000.0,50074.44866415368,1,adjusted_gross_income/count
5001800US4823,TX-23,75000.0,100000.0,28734.216562500427,1,adjusted_gross_income/count
5001800US4823,TX-23,100000.0,200000.0,44550.45856706964,1,adjusted_gross_income/count
5001800US4823,TX-23,200000.0,500000.0,15033.294954143494,1,adjusted_gross_income/count
5001800US4823,TX-23,500000.0,inf,3583.9206669096957,1,adjusted_gross_income/count
5001800US4824,TX-24,-inf,1.0,-806874827.5973306,0,adjusted_gross_income/amount
5001800US4824,TX-24,1.0,10000.0,197521074.35160023,0,adjusted_gross_income/amount
5001800US4824,TX-24,10000.0,25000.0,1173760953.2392664,0,adjusted_gross_income/amount
5001800US4824,TX-24,25000.0,50000.0,3537228052.2778535,0,adjusted_gross_income/amount
5001800US4824,TX-24,50000.0,75000.0,4136049402.968655,0,adjusted_gross_income/amount
5001800US4824,TX-24,75000.0,100000.0,3766666187.72553,0,adjusted_gross_income/amount
5001800US4824,TX-24,100000.0,200000.0,11334148861.76264,0,adjusted_gross_income/amount
5001800US4824,TX-24,200000.0,500000.0,12382075028.31884,0,adjusted_gross_income/amount
5001800US4824,TX-24,500000.0,inf,22531675113.511982,0,adjusted_gross_income/amount
5001800US4824,TX-24,-inf,1.0,7636.306997575254,1,adjusted_gross_income/count
5001800US4824,TX-24,1.0,10000.0,38800.206552068455,1,adjusted_gross_income/count
5001800US4824,TX-24,10000.0,25000.0,67904.10605494847,1,adjusted_gross_income/count
5001800US4824,TX-24,25000.0,50000.0,95853.5660424396,1,adjusted_gross_income/count
5001800US4824,TX-24,50000.0,75000.0,67202.70835733421,1,adjusted_gross_income/count
5001800US4824,TX-24,75000.0,100000.0,43443.16228993702,1,adjusted_gross_income/count
5001800US4824,TX-24,100000.0,200000.0,81179.3077582326,1,adjusted_gross_income/count
5001800US4824,TX-24,200000.0,500000.0,42082.246594425815,1,adjusted_gross_income/count
5001800US4824,TX-24,500000.0,inf,12835.438835304654,1,adjusted_gross_income/count
5001800US4825,TX-25,-inf,1.0,-416587907.63073754,0,adjusted_gross_income/amount
5001800US4825,TX-25,1.0,10000.0,183592533.72860533,0,adjusted_gross_income/amount
5001800US4825,TX-25,10000.0,25000.0,1133057700.719291,0,adjusted_gross_income/amount
5001800US4825,TX-25,25000.0,50000.0,3179710499.6419425,0,adjusted_gross_income/amount
5001800US4825,TX-25,50000.0,75000.0,3462467386.612149,0,adjusted_gross_income/amount
5001800US4825,TX-25,75000.0,100000.0,3112710199.4165306,0,adjusted_gross_income/amount
5001800US4825,TX-25,100000.0,200000.0,8692421271.856476,0,adjusted_gross_income/amount
5001800US4825,TX-25,200000.0,500000.0,7011873772.494383,0,adjusted_gross_income/amount
5001800US4825,TX-25,500000.0,inf,11570903001.749466,0,adjusted_gross_income/amount
5001800US4825,TX-25,-inf,1.0,6741.038847575971,1,adjusted_gross_income/count
5001800US4825,TX-25,1.0,10000.0,35229.50699755991,1,adjusted_gross_income/count
5001800US4825,TX-25,10000.0,25000.0,65591.7448757692,1,adjusted_gross_income/count
5001800US4825,TX-25,25000.0,50000.0,86629.22776069184,1,adjusted_gross_income/count
5001800US4825,TX-25,50000.0,75000.0,56351.33392667837,1,adjusted_gross_income/count
5001800US4825,TX-25,75000.0,100000.0,35906.24500545209,1,adjusted_gross_income/count
5001800US4825,TX-25,100000.0,200000.0,63017.76410539952,1,adjusted_gross_income/count
5001800US4825,TX-25,200000.0,500000.0,24276.01858584343,1,adjusted_gross_income/count
5001800US4825,TX-25,500000.0,inf,6333.848594651451,1,adjusted_gross_income/count
5001800US4826,TX-26,-inf,1.0,-511578212.8626265,0,adjusted_gross_income/amount
5001800US4826,TX-26,1.0,10000.0,163331519.9976993,0,adjusted_gross_income/amount
5001800US4826,TX-26,10000.0,25000.0,885579904.3674744,0,adjusted_gross_income/amount
5001800US4826,TX-26,25000.0,50000.0,2546396672.2181935,0,adjusted_gross_income/amount
5001800US4826,TX-26,50000.0,75000.0,3055861908.554393,0,adjusted_gross_income/amount
5001800US4826,TX-26,75000.0,100000.0,3015424277.0185676,0,adjusted_gross_income/amount
5001800US4826,TX-26,100000.0,200000.0,10618008030.69831,0,adjusted_gross_income/amount
5001800US4826,TX-26,200000.0,500000.0,11165588798.808258,0,adjusted_gross_income/amount
5001800US4826,TX-26,500000.0,inf,10851028588.216953,0,adjusted_gross_income/amount
5001800US4826,TX-26,-inf,1.0,5530.617159838405,1,adjusted_gross_income/count
5001800US4826,TX-26,1.0,10000.0,32140.48806825025,1,adjusted_gross_income/count
5001800US4826,TX-26,10000.0,25000.0,51353.71368959721,1,adjusted_gross_income/count
5001800US4826,TX-26,25000.0,50000.0,69132.3064339901,1,adjusted_gross_income/count
5001800US4826,TX-26,50000.0,75000.0,49570.99936024441,1,adjusted_gross_income/count
5001800US4826,TX-26,75000.0,100000.0,34693.01251014375,1,adjusted_gross_income/count
5001800US4826,TX-26,100000.0,200000.0,75433.66244188955,1,adjusted_gross_income/count
5001800US4826,TX-26,200000.0,500000.0,38631.54087969499,1,adjusted_gross_income/count
5001800US4826,TX-26,500000.0,inf,7633.714759565473,1,adjusted_gross_income/count
5001800US4827,TX-27,-inf,1.0,-345410341.1344966,0,adjusted_gross_income/amount
5001800US4827,TX-27,1.0,10000.0,215631723.6220774,0,adjusted_gross_income/amount
5001800US4827,TX-27,10000.0,25000.0,1436613660.6396823,0,adjusted_gross_income/amount
5001800US4827,TX-27,25000.0,50000.0,3406595390.794821,0,adjusted_gross_income/amount
5001800US4827,TX-27,50000.0,75000.0,3226864344.812812,0,adjusted_gross_income/amount
5001800US4827,TX-27,75000.0,100000.0,2669841034.8806763,0,adjusted_gross_income/amount
5001800US4827,TX-27,100000.0,200000.0,6485789426.835441,0,adjusted_gross_income/amount
5001800US4827,TX-27,200000.0,500000.0,3526409378.6865735,0,adjusted_gross_income/amount
5001800US4827,TX-27,500000.0,inf,4230168599.9717607,0,adjusted_gross_income/amount
5001800US4827,TX-27,-inf,1.0,7009.031908211471,1,adjusted_gross_income/count
5001800US4827,TX-27,1.0,10000.0,40430.54738558988,1,adjusted_gross_income/count
5001800US4827,TX-27,10000.0,25000.0,83868.1110053348,1,adjusted_gross_income/count
5001800US4827,TX-27,25000.0,50000.0,94156.40676576547,1,adjusted_gross_income/count
5001800US4827,TX-27,50000.0,75000.0,52665.05971011612,1,adjusted_gross_income/count
5001800US4827,TX-27,75000.0,100000.0,30846.629951482322,1,adjusted_gross_income/count
5001800US4827,TX-27,100000.0,200000.0,47647.43160780036,1,adjusted_gross_income/count
5001800US4827,TX-27,200000.0,500000.0,12608.03318415618,1,adjusted_gross_income/count
5001800US4827,TX-27,500000.0,inf,2854.0149315288522,1,adjusted_gross_income/count
5001800US4828,TX-28,-inf,1.0,-230800420.58752888,0,adjusted_gross_income/amount
5001800US4828,TX-28,1.0,10000.0,256164807.19396335,0,adjusted_gross_income/amount
5001800US4828,TX-28,10000.0,25000.0,1959503582.5583215,0,adjusted_gross_income/amount
5001800US4828,TX-28,25000.0,50000.0,4389460670.462728,0,adjusted_gross_income/amount
5001800US4828,TX-28,50000.0,75000.0,3957875808.530757,0,adjusted_gross_income/amount
5001800US4828,TX-28,75000.0,100000.0,3036910834.984277,0,adjusted_gross_income/amount
5001800US4828,TX-28,100000.0,200000.0,6468860933.658465,0,adjusted_gross_income/amount
5001800US4828,TX-28,200000.0,500000.0,2931584834.024002,0,adjusted_gross_income/amount
5001800US4828,TX-28,500000.0,inf,3149702459.259058,0,adjusted_gross_income/amount
5001800US4828,TX-28,-inf,1.0,7596.609529830524,1,adjusted_gross_income/count
5001800US4828,TX-28,1.0,10000.0,48107.805101848586,1,adjusted_gross_income/count
5001800US4828,TX-28,10000.0,25000.0,114709.37940546098,1,adjusted_gross_income/count
5001800US4828,TX-28,25000.0,50000.0,121488.8986677314,1,adjusted_gross_income/count
5001800US4828,TX-28,50000.0,75000.0,64742.76599282141,1,adjusted_gross_income/count
5001800US4828,TX-28,75000.0,100000.0,35131.55098022381,1,adjusted_gross_income/count
5001800US4828,TX-28,100000.0,200000.0,48173.02179529981,1,adjusted_gross_income/count
5001800US4828,TX-28,200000.0,500000.0,10569.640701216276,1,adjusted_gross_income/count
5001800US4828,TX-28,500000.0,inf,2175.3054488956504,1,adjusted_gross_income/count
5001800US4829,TX-29,-inf,1.0,-126849988.3082472,0,adjusted_gross_income/amount
5001800US4829,TX-29,1.0,10000.0,196722419.2740583,0,adjusted_gross_income/amount
5001800US4829,TX-29,10000.0,25000.0,1533353120.2873864,0,adjusted_gross_income/amount
5001800US4829,TX-29,25000.0,50000.0,3378868650.254208,0,adjusted_gross_income/amount
5001800US4829,TX-29,50000.0,75000.0,2991285025.322845,0,adjusted_gross_income/amount
5001800US4829,TX-29,75000.0,100000.0,1999069784.9939494,0,adjusted_gross_income/amount
5001800US4829,TX-29,100000.0,200000.0,3427534906.2733,0,adjusted_gross_income/amount
5001800US4829,TX-29,200000.0,500000.0,2017639485.5449824,0,adjusted_gross_income/amount
5001800US4829,TX-29,500000.0,inf,2376896594.382659,0,adjusted_gross_income/amount
5001800US4829,TX-29,-inf,1.0,5169.029392713775,1,adjusted_gross_income/count
5001800US4829,TX-29,1.0,10000.0,37351.61738022774,1,adjusted_gross_income/count
5001800US4829,TX-29,10000.0,25000.0,89605.25932057099,1,adjusted_gross_income/count
5001800US4829,TX-29,25000.0,50000.0,93203.27113400705,1,adjusted_gross_income/count
5001800US4829,TX-29,50000.0,75000.0,48992.57543714928,1,adjusted_gross_income/count
5001800US4829,TX-29,75000.0,100000.0,23249.763158418704,1,adjusted_gross_income/count
5001800US4829,TX-29,100000.0,200000.0,25688.867390020474,1,adjusted_gross_income/count
5001800US4829,TX-29,200000.0,500000.0,7049.279034600024,1,adjusted_gross_income/count
5001800US4829,TX-29,500000.0,inf,1457.167711455273,1,adjusted_gross_income/count
5001800US4830,TX-30,-inf,1.0,-432055951.2028591,0,adjusted_gross_income/amount
5001800US4830,TX-30,1.0,10000.0,171325349.08559847,0,adjusted_gross_income/amount
5001800US4830,TX-30,10000.0,25000.0,1325686919.5867708,0,adjusted_gross_income/amount
5001800US4830,TX-30,25000.0,50000.0,3308151068.9113603,0,adjusted_gross_income/amount
5001800US4830,TX-30,50000.0,75000.0,3082319954.1152673,0,adjusted_gross_income/amount
5001800US4830,TX-30,75000.0,100000.0,2165389645.281613,0,adjusted_gross_income/amount
5001800US4830,TX-30,100000.0,200000.0,4029277264.3209763,0,adjusted_gross_income/amount
5001800US4830,TX-30,200000.0,500000.0,2388989029.358082,0,adjusted_gross_income/amount
5001800US4830,TX-30,500000.0,inf,8764030423.579857,0,adjusted_gross_income/amount
5001800US4830,TX-30,-inf,1.0,4955.025274421716,1,adjusted_gross_income/count
5001800US4830,TX-30,1.0,10000.0,30973.01599493688,1,adjusted_gross_income/count
5001800US4830,TX-30,10000.0,25000.0,77117.51350377411,1,adjusted_gross_income/count
5001800US4830,TX-30,25000.0,50000.0,90599.5058462255,1,adjusted_gross_income/count
5001800US4830,TX-30,50000.0,75000.0,50488.08685314871,1,adjusted_gross_income/count
5001800US4830,TX-30,75000.0,100000.0,25140.281945369734,1,adjusted_gross_income/count
5001800US4830,TX-30,100000.0,200000.0,30021.99933910847,1,adjusted_gross_income/count
5001800US4830,TX-30,200000.0,500000.0,8339.41362025935,1,adjusted_gross_income/count
5001800US4830,TX-30,500000.0,inf,2573.7156201549956,1,adjusted_gross_income/count
5001800US4831,TX-31,-inf,1.0,-461114379.912397,0,adjusted_gross_income/amount
5001800US4831,TX-31,1.0,10000.0,167903917.59913564,0,adjusted_gross_income/amount
5001800US4831,TX-31,10000.0,25000.0,935023880.0806917,0,adjusted_gross_income/amount
5001800US4831,TX-31,25000.0,50000.0,3019197039.0716405,0,adjusted_gross_income/amount
5001800US4831,TX-31,50000.0,75000.0,3362228715.9444447,0,adjusted_gross_income/amount
5001800US4831,TX-31,75000.0,100000.0,3185167765.883907,0,adjusted_gross_income/amount
5001800US4831,TX-31,100000.0,200000.0,10000648710.39083,0,adjusted_gross_income/amount
5001800US4831,TX-31,200000.0,500000.0,10449406032.586893,0,adjusted_gross_income/amount
5001800US4831,TX-31,500000.0,inf,12849687984.597656,0,adjusted_gross_income/amount
5001800US4831,TX-31,-inf,1.0,6285.676508383679,1,adjusted_gross_income/count
5001800US4831,TX-31,1.0,10000.0,32991.26838055556,1,adjusted_gross_income/count
5001800US4831,TX-31,10000.0,25000.0,53934.904721240484,1,adjusted_gross_income/count
5001800US4831,TX-31,25000.0,50000.0,81756.9020478585,1,adjusted_gross_income/count
5001800US4831,TX-31,50000.0,75000.0,54704.371594081385,1,adjusted_gross_income/count
5001800US4831,TX-31,75000.0,100000.0,36675.85232173844,1,adjusted_gross_income/count
5001800US4831,TX-31,100000.0,200000.0,71648.81638461153,1,adjusted_gross_income/count
5001800US4831,TX-31,200000.0,500000.0,35631.54626537487,1,adjusted_gross_income/count
5001800US4831,TX-31,500000.0,inf,8355.102686995013,1,adjusted_gross_income/count
5001800US4832,TX-32,-inf,1.0,-741869911.4177524,0,adjusted_gross_income/amount
5001800US4832,TX-32,1.0,10000.0,188522255.26601082,0,adjusted_gross_income/amount
5001800US4832,TX-32,10000.0,25000.0,1233113251.3196948,0,adjusted_gross_income/amount
5001800US4832,TX-32,25000.0,50000.0,3425969863.6455393,0,adjusted_gross_income/amount
5001800US4832,TX-32,50000.0,75000.0,3685601307.1187387,0,adjusted_gross_income/amount
5001800US4832,TX-32,75000.0,100000.0,3107287234.237028,0,adjusted_gross_income/amount
5001800US4832,TX-32,100000.0,200000.0,8264127029.459998,0,adjusted_gross_income/amount
5001800US4832,TX-32,200000.0,500000.0,8402883036.91464,0,adjusted_gross_income/amount
5001800US4832,TX-32,500000.0,inf,22087577586.93147,0,adjusted_gross_income/amount
5001800US4832,TX-32,-inf,1.0,7226.081856422691,1,adjusted_gross_income/count
5001800US4832,TX-32,1.0,10000.0,36299.794430049355,1,adjusted_gross_income/count
5001800US4832,TX-32,10000.0,25000.0,71427.5764842669,1,adjusted_gross_income/count
5001800US4832,TX-32,25000.0,50000.0,93349.1500426805,1,adjusted_gross_income/count
5001800US4832,TX-32,50000.0,75000.0,60031.63229077805,1,adjusted_gross_income/count
5001800US4832,TX-32,75000.0,100000.0,35907.52355553733,1,adjusted_gross_income/count
5001800US4832,TX-32,100000.0,200000.0,59722.67056709973,1,adjusted_gross_income/count
5001800US4832,TX-32,200000.0,500000.0,28407.61102520152,1,adjusted_gross_income/count
5001800US4832,TX-32,500000.0,inf,10805.645059150493,1,adjusted_gross_income/count
5001800US4833,TX-33,-inf,1.0,-248796356.10405833,0,adjusted_gross_income/amount
5001800US4833,TX-33,1.0,10000.0,180935247.53167507,0,adjusted_gross_income/amount
5001800US4833,TX-33,10000.0,25000.0,1375022231.5578337,0,adjusted_gross_income/amount
5001800US4833,TX-33,25000.0,50000.0,3692545176.695071,0,adjusted_gross_income/amount
5001800US4833,TX-33,50000.0,75000.0,3172974990.859482,0,adjusted_gross_income/amount
5001800US4833,TX-33,75000.0,100000.0,2146303947.5869696,0,adjusted_gross_income/amount
5001800US4833,TX-33,100000.0,200000.0,3963856643.3508987,0,adjusted_gross_income/amount
5001800US4833,TX-33,200000.0,500000.0,2754027923.104642,0,adjusted_gross_income/amount
5001800US4833,TX-33,500000.0,inf,3913338678.6887507,0,adjusted_gross_income/amount
5001800US4833,TX-33,-inf,1.0,6131.053515451355,1,adjusted_gross_income/count
5001800US4833,TX-33,1.0,10000.0,33190.13464015194,1,adjusted_gross_income/count
5001800US4833,TX-33,10000.0,25000.0,79556.31623717051,1,adjusted_gross_income/count
5001800US4833,TX-33,25000.0,50000.0,101131.27826489875,1,adjusted_gross_income/count
5001800US4833,TX-33,50000.0,75000.0,52137.72792927787,1,adjusted_gross_income/count
5001800US4833,TX-33,75000.0,100000.0,24926.93987635081,1,adjusted_gross_income/count
5001800US4833,TX-33,100000.0,200000.0,29425.513184935964,1,adjusted_gross_income/count
5001800US4833,TX-33,200000.0,500000.0,9553.0316871379,1,adjusted_gross_income/count
5001800US4833,TX-33,500000.0,inf,2320.7252852557594,1,adjusted_gross_income/count
5001800US4834,TX-34,-inf,1.0,-212645026.68277258,0,adjusted_gross_income/amount
5001800US4834,TX-34,1.0,10000.0,194991489.2879938,0,adjusted_gross_income/amount
5001800US4834,TX-34,10000.0,25000.0,1538543056.1314197,0,adjusted_gross_income/amount
5001800US4834,TX-34,25000.0,50000.0,2999575399.503911,0,adjusted_gross_income/amount
5001800US4834,TX-34,50000.0,75000.0,2502456769.9122376,0,adjusted_gross_income/amount
5001800US4834,TX-34,75000.0,100000.0,1792250774.9338646,0,adjusted_gross_income/amount
5001800US4834,TX-34,100000.0,200000.0,3672190480.659685,0,adjusted_gross_income/amount
5001800US4834,TX-34,200000.0,500000.0,1646510601.7045016,0,adjusted_gross_income/amount
5001800US4834,TX-34,500000.0,inf,2105846376.5297024,0,adjusted_gross_income/amount
5001800US4834,TX-34,-inf,1.0,5487.987617012364,1,adjusted_gross_income/count
5001800US4834,TX-34,1.0,10000.0,35543.855068683675,1,adjusted_gross_income/count
5001800US4834,TX-34,10000.0,25000.0,90283.71982434914,1,adjusted_gross_income/count
5001800US4834,TX-34,25000.0,50000.0,83903.1216539583,1,adjusted_gross_income/count
5001800US4834,TX-34,50000.0,75000.0,40981.307196484624,1,adjusted_gross_income/count
5001800US4834,TX-34,75000.0,100000.0,20744.383259865903,1,adjusted_gross_income/count
5001800US4834,TX-34,100000.0,200000.0,27460.03857750607,1,adjusted_gross_income/count
5001800US4834,TX-34,200000.0,500000.0,5864.494334042999,1,adjusted_gross_income/count
5001800US4834,TX-34,500000.0,inf,1495.2283886726848,1,adjusted_gross_income/count
5001800US4835,TX-35,-inf,1.0,-249669841.88695517,0,adjusted_gross_income/amount
5001800US4835,TX-35,1.0,10000.0,183483660.7031091,0,adjusted_gross_income/amount
5001800US4835,TX-35,10000.0,25000.0,1238522986.5643153,0,adjusted_gross_income/amount
5001800US4835,TX-35,25000.0,50000.0,3401807130.2762237,0,adjusted_gross_income/amount
5001800US4835,TX-35,50000.0,75000.0,3266645516.23087,0,adjusted_gross_income/amount
5001800US4835,TX-35,75000.0,100000.0,2599836668.5911665,0,adjusted_gross_income/amount
5001800US4835,TX-35,100000.0,200000.0,6048007231.395103,0,adjusted_gross_income/amount
5001800US4835,TX-35,200000.0,500000.0,4015952174.6580215,0,adjusted_gross_income/amount
5001800US4835,TX-35,500000.0,inf,6052409608.59935,0,adjusted_gross_income/amount
5001800US4835,TX-35,-inf,1.0,5763.5297131126,1,adjusted_gross_income/count
5001800US4835,TX-35,1.0,10000.0,35111.06163177534,1,adjusted_gross_income/count
5001800US4835,TX-35,10000.0,25000.0,72016.65362421803,1,adjusted_gross_income/count
5001800US4835,TX-35,25000.0,50000.0,92984.32360696867,1,adjusted_gross_income/count
5001800US4835,TX-35,50000.0,75000.0,53422.50674080779,1,adjusted_gross_income/count
5001800US4835,TX-35,75000.0,100000.0,30057.828941941887,1,adjusted_gross_income/count
5001800US4835,TX-35,100000.0,200000.0,44482.911573535144,1,adjusted_gross_income/count
5001800US4835,TX-35,200000.0,500000.0,14015.278185068099,1,adjusted_gross_income/count
5001800US4835,TX-35,500000.0,inf,3481.973049923502,1,adjusted_gross_income/count
5001800US4836,TX-36,-inf,1.0,-258312813.83525625,0,adjusted_gross_income/amount
5001800US4836,TX-36,1.0,10000.0,192681604.90500522,0,adjusted_gross_income/amount
5001800US4836,TX-36,10000.0,25000.0,1261539731.5524042,0,adjusted_gross_income/amount
5001800US4836,TX-36,25000.0,50000.0,3019613332.684726,0,adjusted_gross_income/amount
5001800US4836,TX-36,50000.0,75000.0,3418583788.312293,0,adjusted_gross_income/amount
5001800US4836,TX-36,75000.0,100000.0,3175630668.0462623,0,adjusted_gross_income/amount
5001800US4836,TX-36,100000.0,200000.0,9243055977.994303,0,adjusted_gross_income/amount
5001800US4836,TX-36,200000.0,500000.0,6060729024.078159,0,adjusted_gross_income/amount
5001800US4836,TX-36,500000.0,inf,4764896572.787561,0,adjusted_gross_income/amount
5001800US4836,TX-36,-inf,1.0,6905.320806940439,1,adjusted_gross_income/count
5001800US4836,TX-36,1.0,10000.0,37169.29573508508,1,adjusted_gross_income/count
5001800US4836,TX-36,10000.0,25000.0,73621.11377513126,1,adjusted_gross_income/count
5001800US4836,TX-36,25000.0,50000.0,82723.37452840096,1,adjusted_gross_income/count
5001800US4836,TX-36,50000.0,75000.0,55494.49756388244,1,adjusted_gross_income/count
5001800US4836,TX-36,75000.0,100000.0,36616.293332752364,1,adjusted_gross_income/count
5001800US4836,TX-36,100000.0,200000.0,66707.45666579402,1,adjusted_gross_income/count
5001800US4836,TX-36,200000.0,500000.0,21802.10219147696,1,adjusted_gross_income/count
5001800US4836,TX-36,500000.0,inf,3441.7743452631235,1,adjusted_gross_income/count
5001800US4837,TX-37,-inf,1.0,-419608989.2767981,0,adjusted_gross_income/amount
5001800US4837,TX-37,1.0,10000.0,140520022.5125207,0,adjusted_gross_income/amount
5001800US4837,TX-37,10000.0,25000.0,791176051.2987989,0,adjusted_gross_income/amount
5001800US4837,TX-37,25000.0,50000.0,2429608556.725778,0,adjusted_gross_income/amount
5001800US4837,TX-37,50000.0,75000.0,2718888457.6924787,0,adjusted_gross_income/amount
5001800US4837,TX-37,75000.0,100000.0,2517040366.242242,0,adjusted_gross_income/amount
5001800US4837,TX-37,100000.0,200000.0,7800789921.2180395,0,adjusted_gross_income/amount
5001800US4837,TX-37,200000.0,500000.0,8223002589.128342,0,adjusted_gross_income/amount
5001800US4837,TX-37,500000.0,inf,12406532882.38911,0,adjusted_gross_income/amount
5001800US4837,TX-37,-inf,1.0,5596.065317303312,1,adjusted_gross_income/count
5001800US4837,TX-37,1.0,10000.0,27794.112677218185,1,adjusted_gross_income/count
5001800US4837,TX-37,10000.0,25000.0,45743.1026056528,1,adjusted_gross_income/count
5001800US4837,TX-37,25000.0,50000.0,65863.06084870698,1,adjusted_gross_income/count
5001800US4837,TX-37,50000.0,75000.0,44253.26991521217,1,adjusted_gross_income/count
5001800US4837,TX-37,75000.0,100000.0,29006.04980643001,1,adjusted_gross_income/count
5001800US4837,TX-37,100000.0,200000.0,55856.24274955997,1,adjusted_gross_income/count
5001800US4837,TX-37,200000.0,500000.0,27996.93923764748,1,adjusted_gross_income/count
5001800US4837,TX-37,500000.0,inf,7426.452607470462,1,adjusted_gross_income/count
5001800US4838,TX-38,-inf,1.0,-1119860538.9122581,0,adjusted_gross_income/amount
5001800US4838,TX-38,1.0,10000.0,212354566.48270544,0,adjusted_gross_income/amount
5001800US4838,TX-38,10000.0,25000.0,1290039614.6579406,0,adjusted_gross_income/amount
5001800US4838,TX-38,25000.0,50000.0,3377067257.9641213,0,adjusted_gross_income/amount
5001800US4838,TX-38,50000.0,75000.0,3852520002.021255,0,adjusted_gross_income/amount
5001800US4838,TX-38,75000.0,100000.0,3377711786.660718,0,adjusted_gross_income/amount
5001800US4838,TX-38,100000.0,200000.0,10061122479.88918,0,adjusted_gross_income/amount
5001800US4838,TX-38,200000.0,500000.0,11815803095.980957,0,adjusted_gross_income/amount
5001800US4838,TX-38,500000.0,inf,28242283705.345676,0,adjusted_gross_income/amount
5001800US4838,TX-38,-inf,1.0,9176.149885155186,1,adjusted_gross_income/count
5001800US4838,TX-38,1.0,10000.0,42607.05416938125,1,adjusted_gross_income/count
5001800US4838,TX-38,10000.0,25000.0,74985.4699435841,1,adjusted_gross_income/count
5001800US4838,TX-38,25000.0,50000.0,92241.32670941584,1,adjusted_gross_income/count
5001800US4838,TX-38,50000.0,75000.0,62649.75435679686,1,adjusted_gross_income/count
5001800US4838,TX-38,75000.0,100000.0,38980.48994977276,1,adjusted_gross_income/count
5001800US4838,TX-38,100000.0,200000.0,71958.81024719073,1,adjusted_gross_income/count
5001800US4838,TX-38,200000.0,500000.0,39628.232472005504,1,adjusted_gross_income/count
5001800US4838,TX-38,500000.0,inf,15049.838301671865,1,adjusted_gross_income/count
5001800US4901,UT-01,-inf,1.0,-359763717.2946662,0,adjusted_gross_income/amount
5001800US4901,UT-01,1.0,10000.0,201657447.78730845,0,adjusted_gross_income/amount
5001800US4901,UT-01,10000.0,25000.0,1023233398.3945804,0,adjusted_gross_income/amount
5001800US4901,UT-01,25000.0,50000.0,3299167959.619268,0,adjusted_gross_income/amount
5001800US4901,UT-01,50000.0,75000.0,3895521183.0545444,0,adjusted_gross_income/amount
5001800US4901,UT-01,75000.0,100000.0,3923839751.744756,0,adjusted_gross_income/amount
5001800US4901,UT-01,100000.0,200000.0,10402510218.954535,0,adjusted_gross_income/amount
5001800US4901,UT-01,200000.0,500000.0,5952211219.753811,0,adjusted_gross_income/amount
5001800US4901,UT-01,500000.0,inf,9775326725.92782,0,adjusted_gross_income/amount
5001800US4901,UT-01,-inf,1.0,5399.517626352818,1,adjusted_gross_income/count
5001800US4901,UT-01,1.0,10000.0,38881.204242399486,1,adjusted_gross_income/count
5001800US4901,UT-01,10000.0,25000.0,59468.55641210818,1,adjusted_gross_income/count
5001800US4901,UT-01,25000.0,50000.0,88992.82123847422,1,adjusted_gross_income/count
5001800US4901,UT-01,50000.0,75000.0,63094.14964114748,1,adjusted_gross_income/count
5001800US4901,UT-01,75000.0,100000.0,45196.84672817597,1,adjusted_gross_income/count
5001800US4901,UT-01,100000.0,200000.0,76535.8570719812,1,adjusted_gross_income/count
5001800US4901,UT-01,200000.0,500000.0,20915.423969244555,1,adjusted_gross_income/count
5001800US4901,UT-01,500000.0,inf,5376.353688510249,1,adjusted_gross_income/count
5001800US4902,UT-02,-inf,1.0,-379212715.2315805,0,adjusted_gross_income/amount
5001800US4902,UT-02,1.0,10000.0,193948052.18438244,0,adjusted_gross_income/amount
5001800US4902,UT-02,10000.0,25000.0,1052409448.6907923,0,adjusted_gross_income/amount
5001800US4902,UT-02,25000.0,50000.0,3416253504.4261217,0,adjusted_gross_income/amount
5001800US4902,UT-02,50000.0,75000.0,3778705254.5839963,0,adjusted_gross_income/amount
5001800US4902,UT-02,75000.0,100000.0,3609962553.1555123,0,adjusted_gross_income/amount
5001800US4902,UT-02,100000.0,200000.0,9047594436.363493,0,adjusted_gross_income/amount
5001800US4902,UT-02,200000.0,500000.0,5713088373.972228,0,adjusted_gross_income/amount
5001800US4902,UT-02,500000.0,inf,7280046499.191182,0,adjusted_gross_income/amount
5001800US4902,UT-02,-inf,1.0,6114.317285053521,1,adjusted_gross_income/count
5001800US4902,UT-02,1.0,10000.0,37876.18886069838,1,adjusted_gross_income/count
5001800US4902,UT-02,10000.0,25000.0,60841.60300793136,1,adjusted_gross_income/count
5001800US4902,UT-02,25000.0,50000.0,92495.95205212016,1,adjusted_gross_income/count
5001800US4902,UT-02,50000.0,75000.0,61262.92806688688,1,adjusted_gross_income/count
5001800US4902,UT-02,75000.0,100000.0,41646.968001288114,1,adjusted_gross_income/count
5001800US4902,UT-02,100000.0,200000.0,66568.35811543067,1,adjusted_gross_income/count
5001800US4902,UT-02,200000.0,500000.0,19865.553725591,1,adjusted_gross_income/count
5001800US4902,UT-02,500000.0,inf,4804.986476008314,1,adjusted_gross_income/count
5001800US4903,UT-03,-inf,1.0,-659206241.0910096,0,adjusted_gross_income/amount
5001800US4903,UT-03,1.0,10000.0,203631168.17460924,0,adjusted_gross_income/amount
5001800US4903,UT-03,10000.0,25000.0,1004184765.0018069,0,adjusted_gross_income/amount
5001800US4903,UT-03,25000.0,50000.0,2945197551.2376146,0,adjusted_gross_income/amount
5001800US4903,UT-03,50000.0,75000.0,3344446935.8696995,0,adjusted_gross_income/amount
5001800US4903,UT-03,75000.0,100000.0,3316706692.880219,0,adjusted_gross_income/amount
5001800US4903,UT-03,100000.0,200000.0,9651636210.022018,0,adjusted_gross_income/amount
5001800US4903,UT-03,200000.0,500000.0,7732032514.378191,0,adjusted_gross_income/amount
5001800US4903,UT-03,500000.0,inf,11937185576.207094,0,adjusted_gross_income/amount
5001800US4903,UT-03,-inf,1.0,6044.830721244972,1,adjusted_gross_income/count
5001800US4903,UT-03,1.0,10000.0,40207.320914169475,1,adjusted_gross_income/count
5001800US4903,UT-03,10000.0,25000.0,58628.10023915098,1,adjusted_gross_income/count
5001800US4903,UT-03,25000.0,50000.0,79924.09664663364,1,adjusted_gross_income/count
5001800US4903,UT-03,50000.0,75000.0,54226.00734123931,1,adjusted_gross_income/count
5001800US4903,UT-03,75000.0,100000.0,38218.94458604163,1,adjusted_gross_income/count
5001800US4903,UT-03,100000.0,200000.0,69768.59444834509,1,adjusted_gross_income/count
5001800US4903,UT-03,200000.0,500000.0,26750.794483656387,1,adjusted_gross_income/count
5001800US4903,UT-03,500000.0,inf,7233.463091450511,1,adjusted_gross_income/count
5001800US4904,UT-04,-inf,1.0,-276330864.57469845,0,adjusted_gross_income/amount
5001800US4904,UT-04,1.0,10000.0,163764969.746923,0,adjusted_gross_income/amount
5001800US4904,UT-04,10000.0,25000.0,876253278.0008103,0,adjusted_gross_income/amount
5001800US4904,UT-04,25000.0,50000.0,2942965175.3561683,0,adjusted_gross_income/amount
5001800US4904,UT-04,50000.0,75000.0,3325648689.135287,0,adjusted_gross_income/amount
5001800US4904,UT-04,75000.0,100000.0,3221702896.5892205,0,adjusted_gross_income/amount
5001800US4904,UT-04,100000.0,200000.0,8979866046.600468,0,adjusted_gross_income/amount
5001800US4904,UT-04,200000.0,500000.0,5481920411.972444,0,adjusted_gross_income/amount
5001800US4904,UT-04,500000.0,inf,6229810189.407527,0,adjusted_gross_income/amount
5001800US4904,UT-04,-inf,1.0,4596.1438581281855,1,adjusted_gross_income/count
5001800US4904,UT-04,1.0,10000.0,32716.61255133163,1,adjusted_gross_income/count
5001800US4904,UT-04,10000.0,25000.0,50716.15495912465,1,adjusted_gross_income/count
5001800US4904,UT-04,25000.0,50000.0,79281.23296083191,1,adjusted_gross_income/count
5001800US4904,UT-04,50000.0,75000.0,53899.240465186434,1,adjusted_gross_income/count
5001800US4904,UT-04,75000.0,100000.0,37138.256441691025,1,adjusted_gross_income/count
5001800US4904,UT-04,100000.0,200000.0,65416.43140369456,1,adjusted_gross_income/count
5001800US4904,UT-04,200000.0,500000.0,19548.543661786578,1,adjusted_gross_income/count
5001800US4904,UT-04,500000.0,inf,3524.4447983900254,1,adjusted_gross_income/count
5001800US5000,VT-01,-inf,1.0,-217798829.1666228,0,adjusted_gross_income/amount
5001800US5000,VT-01,1.0,10000.0,194012806.52277038,0,adjusted_gross_income/amount
5001800US5000,VT-01,10000.0,25000.0,812349642.9839696,0,adjusted_gross_income/amount
5001800US5000,VT-01,25000.0,50000.0,2924015407.331626,0,adjusted_gross_income/amount
5001800US5000,VT-01,50000.0,75000.0,3365282600.7900186,0,adjusted_gross_income/amount
5001800US5000,VT-01,75000.0,100000.0,2902699635.4629292,0,adjusted_gross_income/amount
5001800US5000,VT-01,100000.0,200000.0,7698548964.737148,0,adjusted_gross_income/amount
5001800US5000,VT-01,200000.0,500000.0,4952684993.811519,0,adjusted_gross_income/amount
5001800US5000,VT-01,500000.0,inf,4687735393.016502,0,adjusted_gross_income/amount
5001800US5000,VT-01,-inf,1.0,6464.464469372623,1,adjusted_gross_income/count
5001800US5000,VT-01,1.0,10000.0,41169.696673249535,1,adjusted_gross_income/count
5001800US5000,VT-01,10000.0,25000.0,47578.44740298953,1,adjusted_gross_income/count
5001800US5000,VT-01,25000.0,50000.0,77927.17246583478,1,adjusted_gross_income/count
5001800US5000,VT-01,50000.0,75000.0,54887.7558122108,1,adjusted_gross_income/count
5001800US5000,VT-01,75000.0,100000.0,33488.21565577475,1,adjusted_gross_income/count
5001800US5000,VT-01,100000.0,200000.0,56416.76410943358,1,adjusted_gross_income/count
5001800US5000,VT-01,200000.0,500000.0,17343.67218848637,1,adjusted_gross_income/count
5001800US5000,VT-01,500000.0,inf,3666.6411209514486,1,adjusted_gross_income/count
5001800US5101,VA-01,-inf,1.0,-227948707.09191623,0,adjusted_gross_income/amount
5001800US5101,VA-01,1.0,10000.0,180619396.0758762,0,adjusted_gross_income/amount
5001800US5101,VA-01,10000.0,25000.0,900389363.7742826,0,adjusted_gross_income/amount
5001800US5101,VA-01,25000.0,50000.0,2808122340.7512136,0,adjusted_gross_income/amount
5001800US5101,VA-01,50000.0,75000.0,3320896944.697118,0,adjusted_gross_income/amount
5001800US5101,VA-01,75000.0,100000.0,3286262246.8479233,0,adjusted_gross_income/amount
5001800US5101,VA-01,100000.0,200000.0,10959341250.498875,0,adjusted_gross_income/amount
5001800US5101,VA-01,200000.0,500000.0,8347650001.521497,0,adjusted_gross_income/amount
5001800US5101,VA-01,500000.0,inf,5718515598.854119,0,adjusted_gross_income/amount
5001800US5101,VA-01,-inf,1.0,4517.309146075109,1,adjusted_gross_income/count
5001800US5101,VA-01,1.0,10000.0,36113.9532504407,1,adjusted_gross_income/count
5001800US5101,VA-01,10000.0,25000.0,52243.88454910731,1,adjusted_gross_income/count
5001800US5101,VA-01,25000.0,50000.0,76035.00706965572,1,adjusted_gross_income/count
5001800US5101,VA-01,50000.0,75000.0,53876.9129789646,1,adjusted_gross_income/count
5001800US5101,VA-01,75000.0,100000.0,37824.17056596724,1,adjusted_gross_income/count
5001800US5101,VA-01,100000.0,200000.0,78372.73432460982,1,adjusted_gross_income/count
5001800US5101,VA-01,200000.0,500000.0,30008.251896819605,1,adjusted_gross_income/count
5001800US5101,VA-01,500000.0,inf,4445.289189723269,1,adjusted_gross_income/count
5001800US5102,VA-02,-inf,1.0,-222530976.4607011,0,adjusted_gross_income/amount
5001800US5102,VA-02,1.0,10000.0,164909548.49422488,0,adjusted_gross_income/amount
5001800US5102,VA-02,10000.0,25000.0,958090656.4938099,0,adjusted_gross_income/amount
5001800US5102,VA-02,25000.0,50000.0,3022560461.6630363,0,adjusted_gross_income/amount
5001800US5102,VA-02,50000.0,75000.0,3219448317.5061364,0,adjusted_gross_income/amount
5001800US5102,VA-02,75000.0,100000.0,2851654360.9175544,0,adjusted_gross_income/amount
5001800US5102,VA-02,100000.0,200000.0,7749611832.124674,0,adjusted_gross_income/amount
5001800US5102,VA-02,200000.0,500000.0,4869288693.778033,0,adjusted_gross_income/amount
5001800US5102,VA-02,500000.0,inf,5235323482.378295,0,adjusted_gross_income/amount
5001800US5102,VA-02,-inf,1.0,3960.8503400494665,1,adjusted_gross_income/count
5001800US5102,VA-02,1.0,10000.0,31693.26598722603,1,adjusted_gross_income/count
5001800US5102,VA-02,10000.0,25000.0,55350.89966239705,1,adjusted_gross_income/count
5001800US5102,VA-02,25000.0,50000.0,82151.2595755052,1,adjusted_gross_income/count
5001800US5102,VA-02,50000.0,75000.0,52462.656925523,1,adjusted_gross_income/count
5001800US5102,VA-02,75000.0,100000.0,32911.74614529143,1,adjusted_gross_income/count
5001800US5102,VA-02,100000.0,200000.0,56251.35594359974,1,adjusted_gross_income/count
5001800US5102,VA-02,200000.0,500000.0,17385.37582466555,1,adjusted_gross_income/count
5001800US5102,VA-02,500000.0,inf,3401.0822517461775,1,adjusted_gross_income/count
5001800US5103,VA-03,-inf,1.0,-142575639.7417329,0,adjusted_gross_income/amount
5001800US5103,VA-03,1.0,10000.0,198642787.89811984,0,adjusted_gross_income/amount
5001800US5103,VA-03,10000.0,25000.0,1263930188.7924368,0,adjusted_gross_income/amount
5001800US5103,VA-03,25000.0,50000.0,3825475225.4950433,0,adjusted_gross_income/amount
5001800US5103,VA-03,50000.0,75000.0,3820733163.6512504,0,adjusted_gross_income/amount
5001800US5103,VA-03,75000.0,100000.0,3176909250.774041,0,adjusted_gross_income/amount
5001800US5103,VA-03,100000.0,200000.0,7309438605.84974,0,adjusted_gross_income/amount
5001800US5103,VA-03,200000.0,500000.0,3600791183.3639374,0,adjusted_gross_income/amount
5001800US5103,VA-03,500000.0,inf,3062433323.9285603,0,adjusted_gross_income/amount
5001800US5103,VA-03,-inf,1.0,4198.467607865572,1,adjusted_gross_income/count
5001800US5103,VA-03,1.0,10000.0,37007.13248956034,1,adjusted_gross_income/count
5001800US5103,VA-03,10000.0,25000.0,73331.6678967401,1,adjusted_gross_income/count
5001800US5103,VA-03,25000.0,50000.0,104219.63017876766,1,adjusted_gross_income/count
5001800US5103,VA-03,50000.0,75000.0,62372.799497583954,1,adjusted_gross_income/count
5001800US5103,VA-03,75000.0,100000.0,36695.656252362634,1,adjusted_gross_income/count
5001800US5103,VA-03,100000.0,200000.0,53829.56766194769,1,adjusted_gross_income/count
5001800US5103,VA-03,200000.0,500000.0,13070.194103281772,1,adjusted_gross_income/count
5001800US5103,VA-03,500000.0,inf,2172.3352078172456,1,adjusted_gross_income/count
5001800US5104,VA-04,-inf,1.0,-227791788.83884177,0,adjusted_gross_income/amount
5001800US5104,VA-04,1.0,10000.0,219662435.0513491,0,adjusted_gross_income/amount
5001800US5104,VA-04,10000.0,25000.0,1227006308.4577756,0,adjusted_gross_income/amount
5001800US5104,VA-04,25000.0,50000.0,3719463368.8325934,0,adjusted_gross_income/amount
5001800US5104,VA-04,50000.0,75000.0,4037855695.4333,0,adjusted_gross_income/amount
5001800US5104,VA-04,75000.0,100000.0,3550862972.4238315,0,adjusted_gross_income/amount
5001800US5104,VA-04,100000.0,200000.0,10012779803.881054,0,adjusted_gross_income/amount
5001800US5104,VA-04,200000.0,500000.0,6684692861.617346,0,adjusted_gross_income/amount
5001800US5104,VA-04,500000.0,inf,6430969110.215655,0,adjusted_gross_income/amount
5001800US5104,VA-04,-inf,1.0,5745.606544102835,1,adjusted_gross_income/count
5001800US5104,VA-04,1.0,10000.0,42686.71995851418,1,adjusted_gross_income/count
5001800US5104,VA-04,10000.0,25000.0,71338.11514233933,1,adjusted_gross_income/count
5001800US5104,VA-04,25000.0,50000.0,100910.34727499424,1,adjusted_gross_income/count
5001800US5104,VA-04,50000.0,75000.0,65787.52951762117,1,adjusted_gross_income/count
5001800US5104,VA-04,75000.0,100000.0,40995.30614340511,1,adjusted_gross_income/count
5001800US5104,VA-04,100000.0,200000.0,72593.51624764863,1,adjusted_gross_income/count
5001800US5104,VA-04,200000.0,500000.0,23787.62639708728,1,adjusted_gross_income/count
5001800US5104,VA-04,500000.0,inf,4501.881601846283,1,adjusted_gross_income/count
5001800US5105,VA-05,-inf,1.0,-348808670.7573112,0,adjusted_gross_income/amount
5001800US5105,VA-05,1.0,10000.0,204806518.646564,0,adjusted_gross_income/amount
5001800US5105,VA-05,10000.0,25000.0,1079608533.0669491,0,adjusted_gross_income/amount
5001800US5105,VA-05,25000.0,50000.0,3328063790.288924,0,adjusted_gross_income/amount
5001800US5105,VA-05,50000.0,75000.0,3497905512.5735793,0,adjusted_gross_income/amount
5001800US5105,VA-05,75000.0,100000.0,3224884504.064566,0,adjusted_gross_income/amount
5001800US5105,VA-05,100000.0,200000.0,9033062578.066513,0,adjusted_gross_income/amount
5001800US5105,VA-05,200000.0,500000.0,6488871667.083114,0,adjusted_gross_income/amount
5001800US5105,VA-05,500000.0,inf,6467292170.216904,0,adjusted_gross_income/amount
5001800US5105,VA-05,-inf,1.0,6133.113859124643,1,adjusted_gross_income/count
5001800US5105,VA-05,1.0,10000.0,39788.68446878879,1,adjusted_gross_income/count
5001800US5105,VA-05,10000.0,25000.0,62626.1860580403,1,adjusted_gross_income/count
5001800US5105,VA-05,25000.0,50000.0,90489.34152412978,1,adjusted_gross_income/count
5001800US5105,VA-05,50000.0,75000.0,56876.017485700875,1,adjusted_gross_income/count
5001800US5105,VA-05,75000.0,100000.0,37174.987641562955,1,adjusted_gross_income/count
5001800US5105,VA-05,100000.0,200000.0,65684.53586284505,1,adjusted_gross_income/count
5001800US5105,VA-05,200000.0,500000.0,22844.776905202627,1,adjusted_gross_income/count
5001800US5105,VA-05,500000.0,inf,4530.8101410846,1,adjusted_gross_income/count
5001800US5106,VA-06,-inf,1.0,-306809236.18265694,0,adjusted_gross_income/amount
5001800US5106,VA-06,1.0,10000.0,198371523.22098327,0,adjusted_gross_income/amount
5001800US5106,VA-06,10000.0,25000.0,1004638540.8145581,0,adjusted_gross_income/amount
5001800US5106,VA-06,25000.0,50000.0,3168373926.372496,0,adjusted_gross_income/amount
5001800US5106,VA-06,50000.0,75000.0,3285348394.32573,0,adjusted_gross_income/amount
5001800US5106,VA-06,75000.0,100000.0,3005835875.438103,0,adjusted_gross_income/amount
5001800US5106,VA-06,100000.0,200000.0,7999707617.322304,0,adjusted_gross_income/amount
5001800US5106,VA-06,200000.0,500000.0,5975351181.935824,0,adjusted_gross_income/amount
5001800US5106,VA-06,500000.0,inf,5506594005.512953,0,adjusted_gross_income/amount
5001800US5106,VA-06,-inf,1.0,4875.931446715794,1,adjusted_gross_income/count
5001800US5106,VA-06,1.0,10000.0,38688.798237734685,1,adjusted_gross_income/count
5001800US5106,VA-06,10000.0,25000.0,58327.002332588265,1,adjusted_gross_income/count
5001800US5106,VA-06,25000.0,50000.0,85984.31506431942,1,adjusted_gross_income/count
5001800US5106,VA-06,50000.0,75000.0,53484.75590213334,1,adjusted_gross_income/count
5001800US5106,VA-06,75000.0,100000.0,34651.736519228354,1,adjusted_gross_income/count
5001800US5106,VA-06,100000.0,200000.0,58440.02174745101,1,adjusted_gross_income/count
5001800US5106,VA-06,200000.0,500000.0,20841.256577191045,1,adjusted_gross_income/count
5001800US5106,VA-06,500000.0,inf,3988.5369963162925,1,adjusted_gross_income/count
5001800US5107,VA-07,-inf,1.0,-205072071.20309922,0,adjusted_gross_income/amount
5001800US5107,VA-07,1.0,10000.0,173289240.9718403,0,adjusted_gross_income/amount
5001800US5107,VA-07,10000.0,25000.0,826737836.6678168,0,adjusted_gross_income/amount
5001800US5107,VA-07,25000.0,50000.0,2512423828.9308047,0,adjusted_gross_income/amount
5001800US5107,VA-07,50000.0,75000.0,3074245974.5161223,0,adjusted_gross_income/amount
5001800US5107,VA-07,75000.0,100000.0,3159356543.878458,0,adjusted_gross_income/amount
5001800US5107,VA-07,100000.0,200000.0,11058155470.047781,0,adjusted_gross_income/amount
5001800US5107,VA-07,200000.0,500000.0,9620412083.539785,0,adjusted_gross_income/amount
5001800US5107,VA-07,500000.0,inf,6120943950.55375,0,adjusted_gross_income/amount
5001800US5107,VA-07,-inf,1.0,4388.256717203929,1,adjusted_gross_income/count
5001800US5107,VA-07,1.0,10000.0,35458.044746873566,1,adjusted_gross_income/count
5001800US5107,VA-07,10000.0,25000.0,48103.09028445909,1,adjusted_gross_income/count
5001800US5107,VA-07,25000.0,50000.0,68008.34621902872,1,adjusted_gross_income/count
5001800US5107,VA-07,50000.0,75000.0,49786.11471966525,1,adjusted_gross_income/count
5001800US5107,VA-07,75000.0,100000.0,36334.58271588218,1,adjusted_gross_income/count
5001800US5107,VA-07,100000.0,200000.0,78664.35283430554,1,adjusted_gross_income/count
5001800US5107,VA-07,200000.0,500000.0,34417.81854501238,1,adjusted_gross_income/count
5001800US5107,VA-07,500000.0,inf,4684.127454942915,1,adjusted_gross_income/count
5001800US5108,VA-08,-inf,1.0,-298014360.85773015,0,adjusted_gross_income/amount
5001800US5108,VA-08,1.0,10000.0,180499390.2950433,0,adjusted_gross_income/amount
5001800US5108,VA-08,10000.0,25000.0,820835168.8902411,0,adjusted_gross_income/amount
5001800US5108,VA-08,25000.0,50000.0,2448226280.2164207,0,adjusted_gross_income/amount
5001800US5108,VA-08,50000.0,75000.0,3428840180.098062,0,adjusted_gross_income/amount
5001800US5108,VA-08,75000.0,100000.0,3857562555.0221357,0,adjusted_gross_income/amount
5001800US5108,VA-08,100000.0,200000.0,13049251092.455032,0,adjusted_gross_income/amount
5001800US5108,VA-08,200000.0,500000.0,16790478381.142733,0,adjusted_gross_income/amount
5001800US5108,VA-08,500000.0,inf,16920957150.956718,0,adjusted_gross_income/amount
5001800US5108,VA-08,-inf,1.0,4637.332883818154,1,adjusted_gross_income/count
5001800US5108,VA-08,1.0,10000.0,39771.582005396536,1,adjusted_gross_income/count
5001800US5108,VA-08,10000.0,25000.0,47981.87160479404,1,adjusted_gross_income/count
5001800US5108,VA-08,25000.0,50000.0,66231.92119127515,1,adjusted_gross_income/count
5001800US5108,VA-08,50000.0,75000.0,55194.495436978454,1,adjusted_gross_income/count
5001800US5108,VA-08,75000.0,100000.0,44323.085066703454,1,adjusted_gross_income/count
5001800US5108,VA-08,100000.0,200000.0,92606.10457801368,1,adjusted_gross_income/count
5001800US5108,VA-08,200000.0,500000.0,57029.70102261397,1,adjusted_gross_income/count
5001800US5108,VA-08,500000.0,inf,12860.962324259523,1,adjusted_gross_income/count
5001800US5109,VA-09,-inf,1.0,-162148813.45913842,0,adjusted_gross_income/amount
5001800US5109,VA-09,1.0,10000.0,182792132.9833614,0,adjusted_gross_income/amount
5001800US5109,VA-09,10000.0,25000.0,979030148.7533597,0,adjusted_gross_income/amount
5001800US5109,VA-09,25000.0,50000.0,2925800404.631647,0,adjusted_gross_income/amount
5001800US5109,VA-09,50000.0,75000.0,2848647631.9125233,0,adjusted_gross_income/amount
5001800US5109,VA-09,75000.0,100000.0,2588139220.968182,0,adjusted_gross_income/amount
5001800US5109,VA-09,100000.0,200000.0,5665092369.335458,0,adjusted_gross_income/amount
5001800US5109,VA-09,200000.0,500000.0,2715683586.0848026,0,adjusted_gross_income/amount
5001800US5109,VA-09,500000.0,inf,2329178380.940175,0,adjusted_gross_income/amount
5001800US5109,VA-09,-inf,1.0,4859.046574812903,1,adjusted_gross_income/count
5001800US5109,VA-09,1.0,10000.0,34717.28667856246,1,adjusted_gross_income/count
5001800US5109,VA-09,10000.0,25000.0,56617.149633341425,1,adjusted_gross_income/count
5001800US5109,VA-09,25000.0,50000.0,80051.38059912623,1,adjusted_gross_income/count
5001800US5109,VA-09,50000.0,75000.0,46355.915319093074,1,adjusted_gross_income/count
5001800US5109,VA-09,75000.0,100000.0,29855.48473877113,1,adjusted_gross_income/count
5001800US5109,VA-09,100000.0,200000.0,42339.81301791207,1,adjusted_gross_income/count
5001800US5109,VA-09,200000.0,500000.0,9685.4343342016,1,adjusted_gross_income/count
5001800US5109,VA-09,500000.0,inf,1752.3935337833952,1,adjusted_gross_income/count
5001800US5110,VA-10,-inf,1.0,-434316961.7548423,0,adjusted_gross_income/amount
5001800US5110,VA-10,1.0,10000.0,189416052.08268988,0,adjusted_gross_income/amount
5001800US5110,VA-10,10000.0,25000.0,787744661.7321086,0,adjusted_gross_income/amount
5001800US5110,VA-10,25000.0,50000.0,2301627019.200269,0,adjusted_gross_income/amount
5001800US5110,VA-10,50000.0,75000.0,2806735124.596013,0,adjusted_gross_income/amount
5001800US5110,VA-10,75000.0,100000.0,2984718611.2282543,0,adjusted_gross_income/amount
5001800US5110,VA-10,100000.0,200000.0,12150673429.414717,0,adjusted_gross_income/amount
5001800US5110,VA-10,200000.0,500000.0,17389050673.866867,0,adjusted_gross_income/amount
5001800US5110,VA-10,500000.0,inf,16625763358.64135,0,adjusted_gross_income/amount
5001800US5110,VA-10,-inf,1.0,4909.995305167679,1,adjusted_gross_income/count
5001800US5110,VA-10,1.0,10000.0,39765.61361287053,1,adjusted_gross_income/count
5001800US5110,VA-10,10000.0,25000.0,46109.38753212075,1,adjusted_gross_income/count
5001800US5110,VA-10,25000.0,50000.0,62358.641021212505,1,adjusted_gross_income/count
5001800US5110,VA-10,50000.0,75000.0,45394.64845791279,1,adjusted_gross_income/count
5001800US5110,VA-10,75000.0,100000.0,34311.63617127643,1,adjusted_gross_income/count
5001800US5110,VA-10,100000.0,200000.0,84767.43316381502,1,adjusted_gross_income/count
5001800US5110,VA-10,200000.0,500000.0,59761.41628502593,1,adjusted_gross_income/count
5001800US5110,VA-10,500000.0,inf,11180.309027921632,1,adjusted_gross_income/count
5001800US5111,VA-11,-inf,1.0,-322927366.11509985,0,adjusted_gross_income/amount
5001800US5111,VA-11,1.0,10000.0,206039238.64503998,0,adjusted_gross_income/amount
5001800US5111,VA-11,10000.0,25000.0,881976173.4293092,0,adjusted_gross_income/amount
5001800US5111,VA-11,25000.0,50000.0,2577161365.1512656,0,adjusted_gross_income/amount
5001800US5111,VA-11,50000.0,75000.0,3383050433.6303062,0,adjusted_gross_income/amount
5001800US5111,VA-11,75000.0,100000.0,3708835717.0671544,0,adjusted_gross_income/amount
5001800US5111,VA-11,100000.0,200000.0,13801307154.024122,0,adjusted_gross_income/amount
5001800US5111,VA-11,200000.0,500000.0,18148532436.55013,0,adjusted_gross_income/amount
5001800US5111,VA-11,500000.0,inf,14938713494.074207,0,adjusted_gross_income/amount
5001800US5111,VA-11,-inf,1.0,5288.428832161669,1,adjusted_gross_income/count
5001800US5111,VA-11,1.0,10000.0,44986.15811545308,1,adjusted_gross_income/count
5001800US5111,VA-11,10000.0,25000.0,51724.59260226001,1,adjusted_gross_income/count
5001800US5111,VA-11,25000.0,50000.0,69703.94661824901,1,adjusted_gross_income/count
5001800US5111,VA-11,50000.0,75000.0,54613.4749866132,1,adjusted_gross_income/count
5001800US5111,VA-11,75000.0,100000.0,42632.60290144699,1,adjusted_gross_income/count
5001800US5111,VA-11,100000.0,200000.0,96949.39193252442,1,adjusted_gross_income/count
5001800US5111,VA-11,200000.0,500000.0,62767.11415606827,1,adjusted_gross_income/count
5001800US5111,VA-11,500000.0,inf,10512.129200892636,1,adjusted_gross_income/count
5001800US5301,WA-01,-inf,1.0,-315889210.3187107,0,adjusted_gross_income/amount
5001800US5301,WA-01,1.0,10000.0,144408877.39685342,0,adjusted_gross_income/amount
5001800US5301,WA-01,10000.0,25000.0,694495504.2356135,0,adjusted_gross_income/amount
5001800US5301,WA-01,25000.0,50000.0,2422032614.3540764,0,adjusted_gross_income/amount
5001800US5301,WA-01,50000.0,75000.0,3207254684.309265,0,adjusted_gross_income/amount
5001800US5301,WA-01,75000.0,100000.0,3336811736.1059527,0,adjusted_gross_income/amount
5001800US5301,WA-01,100000.0,200000.0,11690409221.446703,0,adjusted_gross_income/amount
5001800US5301,WA-01,200000.0,500000.0,15116249884.357615,0,adjusted_gross_income/amount
5001800US5301,WA-01,500000.0,inf,20149448743.720936,0,adjusted_gross_income/amount
5001800US5301,WA-01,-inf,1.0,5604.6514500894755,1,adjusted_gross_income/count
5001800US5301,WA-01,1.0,10000.0,29483.97230534597,1,adjusted_gross_income/count
5001800US5301,WA-01,10000.0,25000.0,40305.93350900086,1,adjusted_gross_income/count
5001800US5301,WA-01,25000.0,50000.0,64662.78021252059,1,adjusted_gross_income/count
5001800US5301,WA-01,50000.0,75000.0,51899.37171294415,1,adjusted_gross_income/count
5001800US5301,WA-01,75000.0,100000.0,38370.26417270271,1,adjusted_gross_income/count
5001800US5301,WA-01,100000.0,200000.0,82760.84619251029,1,adjusted_gross_income/count
5001800US5301,WA-01,200000.0,500000.0,50491.21171792858,1,adjusted_gross_income/count
5001800US5301,WA-01,500000.0,inf,13234.769935530481,1,adjusted_gross_income/count
5001800US5302,WA-02,-inf,1.0,-305040035.2445835,0,adjusted_gross_income/amount
5001800US5302,WA-02,1.0,10000.0,139870689.8051883,0,adjusted_gross_income/amount
5001800US5302,WA-02,10000.0,25000.0,734280224.7981722,0,adjusted_gross_income/amount
5001800US5302,WA-02,25000.0,50000.0,2634080152.314368,0,adjusted_gross_income/amount
5001800US5302,WA-02,50000.0,75000.0,3383652585.3102965,0,adjusted_gross_income/amount
5001800US5302,WA-02,75000.0,100000.0,3346271453.2390146,0,adjusted_gross_income/amount
5001800US5302,WA-02,100000.0,200000.0,10472527802.378098,0,adjusted_gross_income/amount
5001800US5302,WA-02,200000.0,500000.0,9689579973.508821,0,adjusted_gross_income/amount
5001800US5302,WA-02,500000.0,inf,8561786563.381172,0,adjusted_gross_income/amount
5001800US5302,WA-02,-inf,1.0,5257.795927663839,1,adjusted_gross_income/count
5001800US5302,WA-02,1.0,10000.0,28304.512038039826,1,adjusted_gross_income/count
5001800US5302,WA-02,10000.0,25000.0,42309.57823133966,1,adjusted_gross_income/count
5001800US5302,WA-02,25000.0,50000.0,70345.01646146073,1,adjusted_gross_income/count
5001800US5302,WA-02,50000.0,75000.0,54818.98269206389,1,adjusted_gross_income/count
5001800US5302,WA-02,75000.0,100000.0,38532.51803791584,1,adjusted_gross_income/count
5001800US5302,WA-02,100000.0,200000.0,75109.9746392109,1,adjusted_gross_income/count
5001800US5302,WA-02,200000.0,500000.0,33446.830978583945,1,adjusted_gross_income/count
5001800US5302,WA-02,500000.0,inf,6539.231945984847,1,adjusted_gross_income/count
5001800US5303,WA-03,-inf,1.0,-300530993.37017846,0,adjusted_gross_income/amount
5001800US5303,WA-03,1.0,10000.0,164583655.2953393,0,adjusted_gross_income/amount
5001800US5303,WA-03,10000.0,25000.0,922490017.3462741,0,adjusted_gross_income/amount
5001800US5303,WA-03,25000.0,50000.0,3208071653.092282,0,adjusted_gross_income/amount
5001800US5303,WA-03,50000.0,75000.0,3823275697.3959584,0,adjusted_gross_income/amount
5001800US5303,WA-03,75000.0,100000.0,3841639124.677104,0,adjusted_gross_income/amount
5001800US5303,WA-03,100000.0,200000.0,10450822619.78,0,adjusted_gross_income/amount
5001800US5303,WA-03,200000.0,500000.0,6581548825.688878,0,adjusted_gross_income/amount
5001800US5303,WA-03,500000.0,inf,6292978234.351884,0,adjusted_gross_income/amount
5001800US5303,WA-03,-inf,1.0,5655.682888613979,1,adjusted_gross_income/count
5001800US5303,WA-03,1.0,10000.0,32156.970804056557,1,adjusted_gross_income/count
5001800US5303,WA-03,10000.0,25000.0,53047.9632375407,1,adjusted_gross_income/count
5001800US5303,WA-03,25000.0,50000.0,86239.96053337821,1,adjusted_gross_income/count
5001800US5303,WA-03,50000.0,75000.0,61943.852878514925,1,adjusted_gross_income/count
5001800US5303,WA-03,75000.0,100000.0,44227.855055576205,1,adjusted_gross_income/count
5001800US5303,WA-03,100000.0,200000.0,76287.89290558125,1,adjusted_gross_income/count
5001800US5303,WA-03,200000.0,500000.0,23314.282660689187,1,adjusted_gross_income/count
5001800US5303,WA-03,500000.0,inf,4438.522710446964,1,adjusted_gross_income/count
5001800US5304,WA-04,-inf,1.0,-276916771.4919927,0,adjusted_gross_income/amount
5001800US5304,WA-04,1.0,10000.0,173276825.8824984,0,adjusted_gross_income/amount
5001800US5304,WA-04,10000.0,25000.0,1101570562.6611736,0,adjusted_gross_income/amount
5001800US5304,WA-04,25000.0,50000.0,3510534207.7940307,0,adjusted_gross_income/amount
5001800US5304,WA-04,50000.0,75000.0,3351229286.902772,0,adjusted_gross_income/amount
5001800US5304,WA-04,75000.0,100000.0,2952740653.0787582,0,adjusted_gross_income/amount
5001800US5304,WA-04,100000.0,200000.0,7520167071.69359,0,adjusted_gross_income/amount
5001800US5304,WA-04,200000.0,500000.0,4359852591.607246,0,adjusted_gross_income/amount
5001800US5304,WA-04,500000.0,inf,3490718189.0594835,0,adjusted_gross_income/amount
5001800US5304,WA-04,-inf,1.0,5757.176574036476,1,adjusted_gross_income/count
5001800US5304,WA-04,1.0,10000.0,31951.732517000262,1,adjusted_gross_income/count
5001800US5304,WA-04,10000.0,25000.0,62714.45854040726,1,adjusted_gross_income/count
5001800US5304,WA-04,25000.0,50000.0,96207.08102476597,1,adjusted_gross_income/count
5001800US5304,WA-04,50000.0,75000.0,54633.78372053915,1,adjusted_gross_income/count
5001800US5304,WA-04,75000.0,100000.0,34049.08744341747,1,adjusted_gross_income/count
5001800US5304,WA-04,100000.0,200000.0,54948.637305120275,1,adjusted_gross_income/count
5001800US5304,WA-04,200000.0,500000.0,15664.954699987571,1,adjusted_gross_income/count
5001800US5304,WA-04,500000.0,inf,2788.87296326459,1,adjusted_gross_income/count
5001800US5305,WA-05,-inf,1.0,-244383945.7807905,0,adjusted_gross_income/amount
5001800US5305,WA-05,1.0,10000.0,174375887.58754882,0,adjusted_gross_income/amount
5001800US5305,WA-05,10000.0,25000.0,956383957.4895978,0,adjusted_gross_income/amount
5001800US5305,WA-05,25000.0,50000.0,3254329868.4284315,0,adjusted_gross_income/amount
5001800US5305,WA-05,50000.0,75000.0,3430471036.3653054,0,adjusted_gross_income/amount
5001800US5305,WA-05,75000.0,100000.0,3200357086.1688643,0,adjusted_gross_income/amount
5001800US5305,WA-05,100000.0,200000.0,8224915455.215091,0,adjusted_gross_income/amount
5001800US5305,WA-05,200000.0,500000.0,4950154653.621545,0,adjusted_gross_income/amount
5001800US5305,WA-05,500000.0,inf,4598225619.600306,0,adjusted_gross_income/amount
5001800US5305,WA-05,-inf,1.0,5848.004272424452,1,adjusted_gross_income/count
5001800US5305,WA-05,1.0,10000.0,33912.85402094417,1,adjusted_gross_income/count
5001800US5305,WA-05,10000.0,25000.0,55028.761839131046,1,adjusted_gross_income/count
5001800US5305,WA-05,25000.0,50000.0,87909.74963860236,1,adjusted_gross_income/count
5001800US5305,WA-05,50000.0,75000.0,55783.108236602384,1,adjusted_gross_income/count
5001800US5305,WA-05,75000.0,100000.0,36857.62255472193,1,adjusted_gross_income/count
5001800US5305,WA-05,100000.0,200000.0,60250.68377461165,1,adjusted_gross_income/count
5001800US5305,WA-05,200000.0,500000.0,17551.674837069913,1,adjusted_gross_income/count
5001800US5305,WA-05,500000.0,inf,3556.241781003052,1,adjusted_gross_income/count
5001800US5306,WA-06,-inf,1.0,-237656463.04699594,0,adjusted_gross_income/amount
5001800US5306,WA-06,1.0,10000.0,158957907.07417157,0,adjusted_gross_income/amount
5001800US5306,WA-06,10000.0,25000.0,840737563.9182575,0,adjusted_gross_income/amount
5001800US5306,WA-06,25000.0,50000.0,2995154219.9098053,0,adjusted_gross_income/amount
5001800US5306,WA-06,50000.0,75000.0,3907871056.38656,0,adjusted_gross_income/amount
5001800US5306,WA-06,75000.0,100000.0,3879148461.4709105,0,adjusted_gross_income/amount
5001800US5306,WA-06,100000.0,200000.0,10799407732.30579,0,adjusted_gross_income/amount
5001800US5306,WA-06,200000.0,500000.0,7744554016.621084,0,adjusted_gross_income/amount
5001800US5306,WA-06,500000.0,inf,6531485902.875203,0,adjusted_gross_income/amount
5001800US5306,WA-06,-inf,1.0,5989.413553642653,1,adjusted_gross_income/count
5001800US5306,WA-06,1.0,10000.0,31556.16581819892,1,adjusted_gross_income/count
5001800US5306,WA-06,10000.0,25000.0,48417.56095734708,1,adjusted_gross_income/count
5001800US5306,WA-06,25000.0,50000.0,80316.83378707043,1,adjusted_gross_income/count
5001800US5306,WA-06,50000.0,75000.0,63227.25588120328,1,adjusted_gross_income/count
5001800US5306,WA-06,75000.0,100000.0,44678.048034761116,1,adjusted_gross_income/count
5001800US5306,WA-06,100000.0,200000.0,78389.8484817824,1,adjusted_gross_income/count
5001800US5306,WA-06,200000.0,500000.0,27169.275799797022,1,adjusted_gross_income/count
5001800US5306,WA-06,500000.0,inf,5396.059530796931,1,adjusted_gross_income/count
5001800US5307,WA-07,-inf,1.0,-496286062.46852094,0,adjusted_gross_income/amount
5001800US5307,WA-07,1.0,10000.0,136282800.57222787,0,adjusted_gross_income/amount
5001800US5307,WA-07,10000.0,25000.0,644677722.1175743,0,adjusted_gross_income/amount
5001800US5307,WA-07,25000.0,50000.0,2470368213.688391,0,adjusted_gross_income/amount
5001800US5307,WA-07,50000.0,75000.0,3735179759.3688436,0,adjusted_gross_income/amount
5001800US5307,WA-07,75000.0,100000.0,3807129755.988422,0,adjusted_gross_income/amount
5001800US5307,WA-07,100000.0,200000.0,13281516396.705614,0,adjusted_gross_income/amount
5001800US5307,WA-07,200000.0,500000.0,19666255351.5123,0,adjusted_gross_income/amount
5001800US5307,WA-07,500000.0,inf,22149258178.754784,0,adjusted_gross_income/amount
5001800US5307,WA-07,-inf,1.0,5445.825076786656,1,adjusted_gross_income/count
5001800US5307,WA-07,1.0,10000.0,27854.544720592567,1,adjusted_gross_income/count
5001800US5307,WA-07,10000.0,25000.0,37396.221198322186,1,adjusted_gross_income/count
5001800US5307,WA-07,25000.0,50000.0,65269.66253121921,1,adjusted_gross_income/count
5001800US5307,WA-07,50000.0,75000.0,60371.90400621317,1,adjusted_gross_income/count
5001800US5307,WA-07,75000.0,100000.0,43880.27429360667,1,adjusted_gross_income/count
5001800US5307,WA-07,100000.0,200000.0,93080.24476368102,1,adjusted_gross_income/count
5001800US5307,WA-07,200000.0,500000.0,65839.42166464147,1,adjusted_gross_income/count
5001800US5307,WA-07,500000.0,inf,17113.338783301617,1,adjusted_gross_income/count
5001800US5308,WA-08,-inf,1.0,-285845723.66666627,0,adjusted_gross_income/amount
5001800US5308,WA-08,1.0,10000.0,152317243.77721617,0,adjusted_gross_income/amount
5001800US5308,WA-08,10000.0,25000.0,742350758.7424278,0,adjusted_gross_income/amount
5001800US5308,WA-08,25000.0,50000.0,2496630051.640014,0,adjusted_gross_income/amount
5001800US5308,WA-08,50000.0,75000.0,3260420618.1790204,0,adjusted_gross_income/amount
5001800US5308,WA-08,75000.0,100000.0,3392262165.503205,0,adjusted_gross_income/amount
5001800US5308,WA-08,100000.0,200000.0,11901042922.881805,0,adjusted_gross_income/amount
5001800US5308,WA-08,200000.0,500000.0,14340209757.80295,0,adjusted_gross_income/amount
5001800US5308,WA-08,500000.0,inf,14141238619.61019,0,adjusted_gross_income/amount
5001800US5308,WA-08,-inf,1.0,5222.732880887391,1,adjusted_gross_income/count
5001800US5308,WA-08,1.0,10000.0,30092.49418392558,1,adjusted_gross_income/count
5001800US5308,WA-08,10000.0,25000.0,43013.90202450933,1,adjusted_gross_income/count
5001800US5308,WA-08,25000.0,50000.0,66839.38102306027,1,adjusted_gross_income/count
5001800US5308,WA-08,50000.0,75000.0,52738.0647873356,1,adjusted_gross_income/count
5001800US5308,WA-08,75000.0,100000.0,39008.93354519026,1,adjusted_gross_income/count
5001800US5308,WA-08,100000.0,200000.0,84342.69821149454,1,adjusted_gross_income/count
5001800US5308,WA-08,200000.0,500000.0,48096.400353821,1,adjusted_gross_income/count
5001800US5308,WA-08,500000.0,inf,11681.436001989661,1,adjusted_gross_income/count
5001800US5309,WA-09,-inf,1.0,-353945654.8409311,0,adjusted_gross_income/amount
5001800US5309,WA-09,1.0,10000.0,154821428.7663881,0,adjusted_gross_income/amount
5001800US5309,WA-09,10000.0,25000.0,800867294.1534653,0,adjusted_gross_income/amount
5001800US5309,WA-09,25000.0,50000.0,2818425270.159745,0,adjusted_gross_income/amount
5001800US5309,WA-09,50000.0,75000.0,3705426080.308942,0,adjusted_gross_income/amount
5001800US5309,WA-09,75000.0,100000.0,3470615217.0643735,0,adjusted_gross_income/amount
5001800US5309,WA-09,100000.0,200000.0,10875413353.653173,0,adjusted_gross_income/amount
5001800US5309,WA-09,200000.0,500000.0,13289862816.002447,0,adjusted_gross_income/amount
5001800US5309,WA-09,500000.0,inf,16894437990.104395,0,adjusted_gross_income/amount
5001800US5309,WA-09,-inf,1.0,5566.776992523726,1,adjusted_gross_income/count
5001800US5309,WA-09,1.0,10000.0,30911.48319979638,1,adjusted_gross_income/count
5001800US5309,WA-09,10000.0,25000.0,46464.22152163974,1,adjusted_gross_income/count
5001800US5309,WA-09,25000.0,50000.0,74927.10857784428,1,adjusted_gross_income/count
5001800US5309,WA-09,50000.0,75000.0,60131.17319250176,1,adjusted_gross_income/count
5001800US5309,WA-09,75000.0,100000.0,40005.78585353914,1,adjusted_gross_income/count
5001800US5309,WA-09,100000.0,200000.0,77246.94280852402,1,adjusted_gross_income/count
5001800US5309,WA-09,200000.0,500000.0,44619.235070744886,1,adjusted_gross_income/count
5001800US5309,WA-09,500000.0,inf,12832.321024129524,1,adjusted_gross_income/count
5001800US5310,WA-10,-inf,1.0,-148554495.035653,0,adjusted_gross_income/amount
5001800US5310,WA-10,1.0,10000.0,147409892.46773827,0,adjusted_gross_income/amount
5001800US5310,WA-10,10000.0,25000.0,819676090.3545469,0,adjusted_gross_income/amount
5001800US5310,WA-10,25000.0,50000.0,3163148392.8936143,0,adjusted_gross_income/amount
5001800US5310,WA-10,50000.0,75000.0,3975111550.7301507,0,adjusted_gross_income/amount
5001800US5310,WA-10,75000.0,100000.0,3790777697.9574246,0,adjusted_gross_income/amount
5001800US5310,WA-10,100000.0,200000.0,10084315698.168781,0,adjusted_gross_income/amount
5001800US5310,WA-10,200000.0,500000.0,5534798182.535534,0,adjusted_gross_income/amount
5001800US5310,WA-10,500000.0,inf,3457647037.350003,0,adjusted_gross_income/amount
5001800US5310,WA-10,-inf,1.0,4499.377059645066,1,adjusted_gross_income/count
5001800US5310,WA-10,1.0,10000.0,28730.368201443835,1,adjusted_gross_income/count
5001800US5310,WA-10,10000.0,25000.0,47045.688471161695,1,adjusted_gross_income/count
5001800US5310,WA-10,25000.0,50000.0,84505.28591378857,1,adjusted_gross_income/count
5001800US5310,WA-10,50000.0,75000.0,64433.45730214084,1,adjusted_gross_income/count
5001800US5310,WA-10,75000.0,100000.0,43703.77180055374,1,adjusted_gross_income/count
5001800US5310,WA-10,100000.0,200000.0,73586.94712414609,1,adjusted_gross_income/count
5001800US5310,WA-10,200000.0,500000.0,19986.409098924367,1,adjusted_gross_income/count
5001800US5310,WA-10,500000.0,inf,2953.9977680313996,1,adjusted_gross_income/count
5001800US5401,WV-01,-inf,1.0,-266745302.8286496,0,adjusted_gross_income/amount
5001800US5401,WV-01,1.0,10000.0,262300592.02052197,0,adjusted_gross_income/amount
5001800US5401,WV-01,10000.0,25000.0,1381384746.2705903,0,adjusted_gross_income/amount
5001800US5401,WV-01,25000.0,50000.0,3703953866.9148655,0,adjusted_gross_income/amount
5001800US5401,WV-01,50000.0,75000.0,3673898004.791886,0,adjusted_gross_income/amount
5001800US5401,WV-01,75000.0,100000.0,3433003132.9700418,0,adjusted_gross_income/amount
5001800US5401,WV-01,100000.0,200000.0,7536462131.933037,0,adjusted_gross_income/amount
5001800US5401,WV-01,200000.0,500000.0,3078809786.7633986,0,adjusted_gross_income/amount
5001800US5401,WV-01,500000.0,inf,2361847303.2762938,0,adjusted_gross_income/amount
5001800US5401,WV-01,-inf,1.0,6374.865358390444,1,adjusted_gross_income/count
5001800US5401,WV-01,1.0,10000.0,50745.34151369459,1,adjusted_gross_income/count
5001800US5401,WV-01,10000.0,25000.0,80125.87151026036,1,adjusted_gross_income/count
5001800US5401,WV-01,25000.0,50000.0,101838.50272165124,1,adjusted_gross_income/count
5001800US5401,WV-01,50000.0,75000.0,59722.533174437325,1,adjusted_gross_income/count
5001800US5401,WV-01,75000.0,100000.0,39584.68154559802,1,adjusted_gross_income/count
5001800US5401,WV-01,100000.0,200000.0,56370.25133205071,1,adjusted_gross_income/count
5001800US5401,WV-01,200000.0,500000.0,11089.208626577183,1,adjusted_gross_income/count
5001800US5401,WV-01,500000.0,inf,1897.4712526156964,1,adjusted_gross_income/count
5001800US5402,WV-02,-inf,1.0,-218630239.2103262,0,adjusted_gross_income/amount
5001800US5402,WV-02,1.0,10000.0,226378743.4045955,0,adjusted_gross_income/amount
5001800US5402,WV-02,10000.0,25000.0,1168095253.0149279,0,adjusted_gross_income/amount
5001800US5402,WV-02,25000.0,50000.0,3306909368.5903454,0,adjusted_gross_income/amount
5001800US5402,WV-02,50000.0,75000.0,3402760379.6693897,0,adjusted_gross_income/amount
5001800US5402,WV-02,75000.0,100000.0,3247305402.7826767,0,adjusted_gross_income/amount
5001800US5402,WV-02,100000.0,200000.0,7607999369.084079,0,adjusted_gross_income/amount
5001800US5402,WV-02,200000.0,500000.0,3733258522.99849,0,adjusted_gross_income/amount
5001800US5402,WV-02,500000.0,inf,3124453616.966267,0,adjusted_gross_income/amount
5001800US5402,WV-02,-inf,1.0,5178.645608147859,1,adjusted_gross_income/count
5001800US5402,WV-02,1.0,10000.0,44366.669592154554,1,adjusted_gross_income/count
5001800US5402,WV-02,10000.0,25000.0,67732.99438441866,1,adjusted_gross_income/count
5001800US5402,WV-02,25000.0,50000.0,90694.54228028879,1,adjusted_gross_income/count
5001800US5402,WV-02,50000.0,75000.0,55243.571051943836,1,adjusted_gross_income/count
5001800US5402,WV-02,75000.0,100000.0,37410.106847625095,1,adjusted_gross_income/count
5001800US5402,WV-02,100000.0,200000.0,56362.8911855541,1,adjusted_gross_income/count
5001800US5402,WV-02,200000.0,500000.0,13262.312556329472,1,adjusted_gross_income/count
5001800US5402,WV-02,500000.0,inf,2587.345986234009,1,adjusted_gross_income/count
5001800US5501,WI-01,-inf,1.0,-173032301.44060287,0,adjusted_gross_income/amount
5001800US5501,WI-01,1.0,10000.0,196805395.8080757,0,adjusted_gross_income/amount
5001800US5501,WI-01,10000.0,25000.0,951188219.226982,0,adjusted_gross_income/amount
5001800US5501,WI-01,25000.0,50000.0,3135680955.9831157,0,adjusted_gross_income/amount
5001800US5501,WI-01,50000.0,75000.0,3665393002.1549215,0,adjusted_gross_income/amount
5001800US5501,WI-01,75000.0,100000.0,3521452470.339457,0,adjusted_gross_income/amount
5001800US5501,WI-01,100000.0,200000.0,9887026863.474735,0,adjusted_gross_income/amount
5001800US5501,WI-01,200000.0,500000.0,5738678105.599072,0,adjusted_gross_income/amount
5001800US5501,WI-01,500000.0,inf,5059861032.662328,0,adjusted_gross_income/amount
5001800US5501,WI-01,-inf,1.0,4491.599062589479,1,adjusted_gross_income/count
5001800US5501,WI-01,1.0,10000.0,38907.40009603368,1,adjusted_gross_income/count
5001800US5501,WI-01,10000.0,25000.0,55554.10096449525,1,adjusted_gross_income/count
5001800US5501,WI-01,25000.0,50000.0,84075.14413301456,1,adjusted_gross_income/count
5001800US5501,WI-01,50000.0,75000.0,59493.03642132567,1,adjusted_gross_income/count
5001800US5501,WI-01,75000.0,100000.0,40585.82033332907,1,adjusted_gross_income/count
5001800US5501,WI-01,100000.0,200000.0,72087.14077245908,1,adjusted_gross_income/count
5001800US5501,WI-01,200000.0,500000.0,20439.17760483174,1,adjusted_gross_income/count
5001800US5501,WI-01,500000.0,inf,3502.3515065872252,1,adjusted_gross_income/count
5001800US5502,WI-02,-inf,1.0,-256926933.49455065,0,adjusted_gross_income/amount
5001800US5502,WI-02,1.0,10000.0,173696064.7949785,0,adjusted_gross_income/amount
5001800US5502,WI-02,10000.0,25000.0,806662518.7180197,0,adjusted_gross_income/amount
5001800US5502,WI-02,25000.0,50000.0,2946373874.6239676,0,adjusted_gross_income/amount
5001800US5502,WI-02,50000.0,75000.0,3670288385.1909723,0,adjusted_gross_income/amount
5001800US5502,WI-02,75000.0,100000.0,3415922312.9940577,0,adjusted_gross_income/amount
5001800US5502,WI-02,100000.0,200000.0,10278674315.976385,0,adjusted_gross_income/amount
5001800US5502,WI-02,200000.0,500000.0,7399077251.639011,0,adjusted_gross_income/amount
5001800US5502,WI-02,500000.0,inf,6882175572.988438,0,adjusted_gross_income/amount
5001800US5502,WI-02,-inf,1.0,4502.82753687029,1,adjusted_gross_income/count
5001800US5502,WI-02,1.0,10000.0,34253.39156254619,1,adjusted_gross_income/count
5001800US5502,WI-02,10000.0,25000.0,47100.50358998671,1,adjusted_gross_income/count
5001800US5502,WI-02,25000.0,50000.0,78478.87769352972,1,adjusted_gross_income/count
5001800US5502,WI-02,50000.0,75000.0,59619.840037824244,1,adjusted_gross_income/count
5001800US5502,WI-02,75000.0,100000.0,39346.57035836188,1,adjusted_gross_income/count
5001800US5502,WI-02,100000.0,200000.0,74412.29195599485,1,adjusted_gross_income/count
5001800US5502,WI-02,200000.0,500000.0,25763.74760495825,1,adjusted_gross_income/count
5001800US5502,WI-02,500000.0,inf,5017.651695372962,1,adjusted_gross_income/count
5001800US5503,WI-03,-inf,1.0,-310043332.915917,0,adjusted_gross_income/amount
5001800US5503,WI-03,1.0,10000.0,189195826.71650377,0,adjusted_gross_income/amount
5001800US5503,WI-03,10000.0,25000.0,927829737.2200941,0,adjusted_gross_income/amount
5001800US5503,WI-03,25000.0,50000.0,3179119452.7556357,0,adjusted_gross_income/amount
5001800US5503,WI-03,50000.0,75000.0,3592158582.5449543,0,adjusted_gross_income/amount
5001800US5503,WI-03,75000.0,100000.0,3292270757.082712,0,adjusted_gross_income/amount
5001800US5503,WI-03,100000.0,200000.0,7862337650.962918,0,adjusted_gross_income/amount
5001800US5503,WI-03,200000.0,500000.0,3395426763.8685875,0,adjusted_gross_income/amount
5001800US5503,WI-03,500000.0,inf,3768531215.384327,0,adjusted_gross_income/amount
5001800US5503,WI-03,-inf,1.0,5822.871465310697,1,adjusted_gross_income/count
5001800US5503,WI-03,1.0,10000.0,38066.44970400373,1,adjusted_gross_income/count
5001800US5503,WI-03,10000.0,25000.0,54001.05321300499,1,adjusted_gross_income/count
5001800US5503,WI-03,25000.0,50000.0,85271.47487300096,1,adjusted_gross_income/count
5001800US5503,WI-03,50000.0,75000.0,58463.4005828544,1,adjusted_gross_income/count
5001800US5503,WI-03,75000.0,100000.0,37861.34895325375,1,adjusted_gross_income/count
5001800US5503,WI-03,100000.0,200000.0,58840.27349833949,1,adjusted_gross_income/count
5001800US5503,WI-03,200000.0,500000.0,12092.105385993977,1,adjusted_gross_income/count
5001800US5503,WI-03,500000.0,inf,2423.4870593067644,1,adjusted_gross_income/count
5001800US5504,WI-04,-inf,1.0,-123850153.16495703,0,adjusted_gross_income/amount
5001800US5504,WI-04,1.0,10000.0,191764601.10206035,0,adjusted_gross_income/amount
5001800US5504,WI-04,10000.0,25000.0,1171019840.189992,0,adjusted_gross_income/amount
5001800US5504,WI-04,25000.0,50000.0,3543994469.322018,0,adjusted_gross_income/amount
5001800US5504,WI-04,50000.0,75000.0,3446239462.893865,0,adjusted_gross_income/amount
5001800US5504,WI-04,75000.0,100000.0,2699060890.2393484,0,adjusted_gross_income/amount
5001800US5504,WI-04,100000.0,200000.0,5815749155.840594,0,adjusted_gross_income/amount
5001800US5504,WI-04,200000.0,500000.0,3526516438.8520923,0,adjusted_gross_income/amount
5001800US5504,WI-04,500000.0,inf,4346417643.13614,0,adjusted_gross_income/amount
5001800US5504,WI-04,-inf,1.0,4644.7864547106465,1,adjusted_gross_income/count
5001800US5504,WI-04,1.0,10000.0,38442.782668124,1,adjusted_gross_income/count
5001800US5504,WI-04,10000.0,25000.0,68248.7625257833,1,adjusted_gross_income/count
5001800US5504,WI-04,25000.0,50000.0,95577.10573494763,1,adjusted_gross_income/count
5001800US5504,WI-04,50000.0,75000.0,56328.616864323485,1,adjusted_gross_income/count
5001800US5504,WI-04,75000.0,100000.0,31273.883644807516,1,adjusted_gross_income/count
5001800US5504,WI-04,100000.0,200000.0,42926.149475051,1,adjusted_gross_income/count
5001800US5504,WI-04,200000.0,500000.0,12326.468660256847,1,adjusted_gross_income/count
5001800US5504,WI-04,500000.0,inf,2916.3446806320408,1,adjusted_gross_income/count
5001800US5505,WI-05,-inf,1.0,-224041700.2820111,0,adjusted_gross_income/amount
5001800US5505,WI-05,1.0,10000.0,192524943.14438266,0,adjusted_gross_income/amount
5001800US5505,WI-05,10000.0,25000.0,835061251.0437254,0,adjusted_gross_income/amount
5001800US5505,WI-05,25000.0,50000.0,2929477153.566213,0,adjusted_gross_income/amount
5001800US5505,WI-05,50000.0,75000.0,3773594741.0411034,0,adjusted_gross_income/amount
5001800US5505,WI-05,75000.0,100000.0,3687005058.880263,0,adjusted_gross_income/amount
5001800US5505,WI-05,100000.0,200000.0,11165710917.165022,0,adjusted_gross_income/amount
5001800US5505,WI-05,200000.0,500000.0,7562271802.617423,0,adjusted_gross_income/amount
5001800US5505,WI-05,500000.0,inf,7805882113.435377,0,adjusted_gross_income/amount
5001800US5505,WI-05,-inf,1.0,4261.7400247749665,1,adjusted_gross_income/count
5001800US5505,WI-05,1.0,10000.0,38151.17520764115,1,adjusted_gross_income/count
5001800US5505,WI-05,10000.0,25000.0,48943.37946570413,1,adjusted_gross_income/count
5001800US5505,WI-05,25000.0,50000.0,77922.27269665814,1,adjusted_gross_income/count
5001800US5505,WI-05,50000.0,75000.0,61164.88874065951,1,adjusted_gross_income/count
5001800US5505,WI-05,75000.0,100000.0,42454.50907695247,1,adjusted_gross_income/count
5001800US5505,WI-05,100000.0,200000.0,80988.80045571883,1,adjusted_gross_income/count
5001800US5505,WI-05,200000.0,500000.0,26572.591727757896,1,adjusted_gross_income/count
5001800US5505,WI-05,500000.0,inf,5501.366933920751,1,adjusted_gross_income/count
5001800US5506,WI-06,-inf,1.0,-283724954.72397065,0,adjusted_gross_income/amount
5001800US5506,WI-06,1.0,10000.0,201173773.66781962,0,adjusted_gross_income/amount
5001800US5506,WI-06,10000.0,25000.0,909264652.7252326,0,adjusted_gross_income/amount
5001800US5506,WI-06,25000.0,50000.0,3234899363.9047604,0,adjusted_gross_income/amount
5001800US5506,WI-06,50000.0,75000.0,3865690545.3581057,0,adjusted_gross_income/amount
5001800US5506,WI-06,75000.0,100000.0,3577881006.6248007,0,adjusted_gross_income/amount
5001800US5506,WI-06,100000.0,200000.0,9008869540.617151,0,adjusted_gross_income/amount
5001800US5506,WI-06,200000.0,500000.0,4611690360.53523,0,adjusted_gross_income/amount
5001800US5506,WI-06,500000.0,inf,6613751101.097792,0,adjusted_gross_income/amount
5001800US5506,WI-06,-inf,1.0,5400.200654802576,1,adjusted_gross_income/count
5001800US5506,WI-06,1.0,10000.0,39532.593812426974,1,adjusted_gross_income/count
5001800US5506,WI-06,10000.0,25000.0,53209.58426311199,1,adjusted_gross_income/count
5001800US5506,WI-06,25000.0,50000.0,86239.6795290145,1,adjusted_gross_income/count
5001800US5506,WI-06,50000.0,75000.0,62873.64316728429,1,adjusted_gross_income/count
5001800US5506,WI-06,75000.0,100000.0,41170.065100579515,1,adjusted_gross_income/count
5001800US5506,WI-06,100000.0,200000.0,66840.85395523322,1,adjusted_gross_income/count
5001800US5506,WI-06,200000.0,500000.0,16206.361148713713,1,adjusted_gross_income/count
5001800US5506,WI-06,500000.0,inf,4147.9638127672015,1,adjusted_gross_income/count
5001800US5507,WI-07,-inf,1.0,-269564368.36171347,0,adjusted_gross_income/amount
5001800US5507,WI-07,1.0,10000.0,198354883.64844525,0,adjusted_gross_income/amount
5001800US5507,WI-07,10000.0,25000.0,930774037.0562131,0,adjusted_gross_income/amount
5001800US5507,WI-07,25000.0,50000.0,3221335698.1284285,0,adjusted_gross_income/amount
5001800US5507,WI-07,50000.0,75000.0,3676081312.5101247,0,adjusted_gross_income/amount
5001800US5507,WI-07,75000.0,100000.0,3523434116.755202,0,adjusted_gross_income/amount
5001800US5507,WI-07,100000.0,200000.0,8439321590.674149,0,adjusted_gross_income/amount
5001800US5507,WI-07,200000.0,500000.0,4075736122.896276,0,adjusted_gross_income/amount
5001800US5507,WI-07,500000.0,inf,4169234006.1572804,0,adjusted_gross_income/amount
5001800US5507,WI-07,-inf,1.0,5979.5524127047365,1,adjusted_gross_income/count
5001800US5507,WI-07,1.0,10000.0,39383.2208568442,1,adjusted_gross_income/count
5001800US5507,WI-07,10000.0,25000.0,54406.0311216797,1,adjusted_gross_income/count
5001800US5507,WI-07,25000.0,50000.0,86328.41306896717,1,adjusted_gross_income/count
5001800US5507,WI-07,50000.0,75000.0,59824.55952824043,1,adjusted_gross_income/count
5001800US5507,WI-07,75000.0,100000.0,40552.145181090265,1,adjusted_gross_income/count
5001800US5507,WI-07,100000.0,200000.0,62888.53578172464,1,adjusted_gross_income/count
5001800US5507,WI-07,200000.0,500000.0,14434.473640153285,1,adjusted_gross_income/count
5001800US5507,WI-07,500000.0,inf,2737.273301947858,1,adjusted_gross_income/count
5001800US5508,WI-08,-inf,1.0,-239850971.1867045,0,adjusted_gross_income/amount
5001800US5508,WI-08,1.0,10000.0,198704359.81399715,0,adjusted_gross_income/amount
5001800US5508,WI-08,10000.0,25000.0,923350118.0705049,0,adjusted_gross_income/amount
5001800US5508,WI-08,25000.0,50000.0,3256093027.7132573,0,adjusted_gross_income/amount
5001800US5508,WI-08,50000.0,75000.0,3860137527.9280734,0,adjusted_gross_income/amount
5001800US5508,WI-08,75000.0,100000.0,3568654725.7229257,0,adjusted_gross_income/amount
5001800US5508,WI-08,100000.0,200000.0,9272293911.06883,0,adjusted_gross_income/amount
5001800US5508,WI-08,200000.0,500000.0,4455412670.057438,0,adjusted_gross_income/amount
5001800US5508,WI-08,500000.0,inf,6205205387.1284685,0,adjusted_gross_income/amount
5001800US5508,WI-08,-inf,1.0,4709.482614503688,1,adjusted_gross_income/count
5001800US5508,WI-08,1.0,10000.0,38784.407412827575,1,adjusted_gross_income/count
5001800US5508,WI-08,10000.0,25000.0,54036.09814162167,1,adjusted_gross_income/count
5001800US5508,WI-08,25000.0,50000.0,86822.32653776823,1,adjusted_gross_income/count
5001800US5508,WI-08,50000.0,75000.0,62788.52315418997,1,adjusted_gross_income/count
5001800US5508,WI-08,75000.0,100000.0,41059.02431274889,1,adjusted_gross_income/count
5001800US5508,WI-08,100000.0,200000.0,68803.81706234365,1,adjusted_gross_income/count
5001800US5508,WI-08,200000.0,500000.0,15760.625645283477,1,adjusted_gross_income/count
5001800US5508,WI-08,500000.0,inf,3702.8473004322586,1,adjusted_gross_income/count
5001800US5600,WY-01,-inf,1.0,-487240835.93745506,0,adjusted_gross_income/amount
5001800US5600,WY-01,1.0,10000.0,144372209.26977044,0,adjusted_gross_income/amount
5001800US5600,WY-01,10000.0,25000.0,731796477.8942521,0,adjusted_gross_income/amount
5001800US5600,WY-01,25000.0,50000.0,2272808000.862085,0,adjusted_gross_income/amount
5001800US5600,WY-01,50000.0,75000.0,2661800449.7385798,0,adjusted_gross_income/amount
5001800US5600,WY-01,75000.0,100000.0,2662620680.061769,0,adjusted_gross_income/amount
5001800US5600,WY-01,100000.0,200000.0,7154996705.090098,0,adjusted_gross_income/amount
5001800US5600,WY-01,200000.0,500000.0,3957717712.1519403,0,adjusted_gross_income/amount
5001800US5600,WY-01,500000.0,inf,11711758784.229942,0,adjusted_gross_income/amount
5001800US5600,WY-01,-inf,1.0,5713.274653782679,1,adjusted_gross_income/count
5001800US5600,WY-01,1.0,10000.0,28295.949715488136,1,adjusted_gross_income/count
5001800US5600,WY-01,10000.0,25000.0,42264.04734467419,1,adjusted_gross_income/count
5001800US5600,WY-01,25000.0,50000.0,61807.42613155655,1,adjusted_gross_income/count
5001800US5600,WY-01,50000.0,75000.0,43100.99427507243,1,adjusted_gross_income/count
5001800US5600,WY-01,75000.0,100000.0,30647.338848045656,1,adjusted_gross_income/count
5001800US5600,WY-01,100000.0,200000.0,52652.300312095926,1,adjusted_gross_income/count
5001800US5600,WY-01,200000.0,500000.0,13854.82914535317,1,adjusted_gross_income/count
5001800US5600,WY-01,500000.0,inf,4100.981529218424,1,adjusted_gross_income/count
